year,snapshot_date,country,rank,country_code,rating,rank_max,rating_max,rank_avg,rating_avg,rank_min,rating_min,matches_total,matches_home,matches_away,matches_neutral,wins,losses,draws,goals_for,goals_against,confederation,is_host,wc2026_exit_round
1901,1901-12-31,England,1,EN,2013,1,2079,2,1989,2,1889,73,38,35,0,46,16,11,262,102,UEFA,0,
1901,1901-12-31,Scotland,2,SQ,1973,1,2104,1,2018,2,1926,74,37,37,0,53,9,12,277,101,UEFA,0,
1902,1902-12-31,Argentina,1,AR,2021,1,2021,1,2021,1,2021,1,0,1,0,1,0,0,6,0,CONMEBOL,0,
1902,1902-12-31,England,2,EN,1995,1,2079,2,1989,2,1889,77,39,38,0,47,16,14,266,105,UEFA,0,
1902,1902-12-31,Scotland,3,SQ,1983,1,2104,1,2017,3,1926,79,39,40,0,56,9,14,293,106,UEFA,0,
1902,1902-12-31,Austria,4,AT,1914,4,1914,4,1914,4,1914,1,1,0,0,1,0,0,5,0,UEFA,0,
1902,1902-12-31,Uruguay,6,UY,1879,4,1879,5,1879,6,1879,1,1,0,0,0,1,0,0,6,CONMEBOL,0,
1903,1903-12-31,Argentina,1,AR,2005,1,2021,1,2018,1,2005,2,1,1,0,1,1,0,8,3,CONMEBOL,0,
1903,1903-12-31,England,2,EN,1968,1,2079,2,1989,2,1889,80,42,38,0,49,17,14,273,108,UEFA,0,
1903,1903-12-31,Scotland,3,SQ,1956,1,2104,2,2015,3,1926,82,40,42,0,58,10,14,296,109,UEFA,0,
1903,1903-12-31,Austria,4,AT,1917,4,1917,4,1912,4,1906,3,2,1,0,2,1,0,11,5,UEFA,0,
1903,1903-12-31,Uruguay,5,UY,1895,4,1895,6,1882,7,1879,2,1,1,0,1,1,0,3,8,CONMEBOL,0,
1904,1904-12-31,Argentina,1,AR,2005,1,2021,1,2013,1,2005,2,1,1,0,1,1,0,8,3,CONMEBOL,0,
1904,1904-12-31,England,2,EN,1981,1,2079,2,1988,3,1889,83,42,41,0,51,17,15,279,111,UEFA,0,
1904,1904-12-31,Austria,3,AT,1910,3,1917,4,1912,4,1903,5,3,2,0,3,2,0,16,12,UEFA,0,
1904,1904-12-31,Scotland,4,SQ,1898,1,2104,2,2012,5,1898,85,42,43,0,58,11,16,298,112,UEFA,0,
1904,1904-12-31,Uruguay,6,UY,1895,4,1895,6,1888,7,1879,2,1,1,0,1,1,0,3,8,CONMEBOL,0,
1904,1904-12-31,Belgium,8,BE,1790,8,1790,8,1790,8,1790,1,1,0,0,0,0,1,3,3,UEFA,0,
1904,1904-12-31,France,9,FR,1610,9,1610,9,1610,9,1610,1,0,1,0,0,0,1,3,3,UEFA,0,
1905,1905-12-31,Argentina,1,AR,1997,1,2021,1,2009,1,1997,3,2,1,0,1,1,1,8,3,CONMEBOL,0,
1905,1905-12-31,England,2,EN,1973,1,2079,2,1988,3,1889,86,45,41,0,53,17,16,284,113,UEFA,0,
1905,1905-12-31,Netherlands,3,NL,1936,3,1936,3,1935,3,1925,2,1,1,0,2,0,0,8,1,UEFA,0,
1905,1905-12-31,Austria,4,AT,1912,3,1917,4,1911,4,1903,6,3,3,0,3,2,1,16,12,UEFA,0,
1905,1905-12-31,Uruguay,5,UY,1903,4,1903,6,1891,7,1879,3,1,2,0,1,1,1,3,8,CONMEBOL,0,
1905,1905-12-31,Scotland,8,SQ,1841,1,2104,2,2007,8,1841,88,43,45,0,59,13,16,303,116,UEFA,0,
1905,1905-12-31,Belgium,9,BE,1763,8,1790,8,1779,9,1763,4,3,1,0,1,2,1,11,11,UEFA,0,
1905,1905-12-31,France,10,FR,1606,9,1615,9,1609,10,1606,3,1,2,0,1,1,1,4,10,UEFA,0,
1905,1905-12-31,Switzerland,13,CH,1495,11,1495,12,1495,13,1495,1,0,1,0,0,1,0,0,1,UEFA,0,
1906,1906-12-31,Argentina,1,AR,2008,1,2021,1,2007,1,1980,6,4,2,0,3,2,1,12,5,CONMEBOL,0,
1906,1906-12-31,England,2,EN,1973,1,2079,2,1987,3,1889,90,45,45,0,56,18,16,306,115,UEFA,0,
1906,1906-12-31,Austria,4,AT,1901,3,1917,4,1911,4,1901,7,3,4,0,3,3,1,17,15,UEFA,0,
1906,1906-12-31,Netherlands,6,NL,1879,3,1936,4,1913,7,1879,4,2,2,0,2,2,0,10,9,UEFA,0,
1906,1906-12-31,South Africa,7,ZA,1847,7,1847,8,1845,10,1817,2,0,2,0,2,0,0,7,1,CAF,0,
1906,1906-12-31,Uruguay,8,UY,1845,4,1903,6,1888,8,1845,6,3,3,0,1,4,1,5,18,CONMEBOL,0,
1906,1906-12-31,Belgium,9,BE,1837,8,1837,9,1792,9,1763,7,4,3,0,4,2,1,24,13,UEFA,0,
1906,1906-12-31,Scotland,10,SQ,1820,1,2104,2,2001,10,1785,91,45,46,0,61,14,16,306,119,UEFA,0,
1906,1906-12-31,France,11,FR,1578,9,1615,10,1603,11,1578,5,3,2,0,1,3,1,4,30,UEFA,0,
1906,1906-12-31,Switzerland,14,CH,1495,11,1495,13,1495,14,1495,1,0,1,0,0,1,0,0,1,UEFA,0,
1907,1907-12-31,Argentina,1,AR,2025,1,2025,1,2008,1,1980,8,5,3,0,5,2,1,16,7,CONMEBOL,0,
1907,1907-12-31,England,2,EN,1979,1,2079,2,1987,3,1889,95,49,46,0,59,18,18,329,120,UEFA,0,
1907,1907-12-31,Austria,4,AT,1900,3,1917,4,1910,4,1900,9,4,5,0,4,4,1,21,20,UEFA,0,
1907,1907-12-31,Netherlands,6,NL,1848,3,1936,5,1896,7,1848,8,4,4,0,3,5,0,17,32,UEFA,0,
1907,1907-12-31,South Africa,7,ZA,1847,7,1847,7,1847,10,1817,2,0,2,0,2,0,0,7,1,CAF,0,
1907,1907-12-31,Uruguay,8,UY,1828,4,1903,6,1879,8,1828,8,4,4,0,1,6,1,7,22,CONMEBOL,0,
1907,1907-12-31,Belgium,9,BE,1815,8,1837,9,1799,10,1763,10,6,4,0,5,4,1,28,19,UEFA,0,
1907,1907-12-31,Scotland,10,SQ,1810,1,2104,2,1996,10,1785,94,46,48,0,62,15,17,310,121,UEFA,0,
1907,1907-12-31,France,12,FR,1595,9,1615,10,1599,12,1578,6,3,3,0,2,3,1,6,31,UEFA,0,
1907,1907-12-31,Switzerland,14,CH,1495,11,1495,13,1495,14,1495,1,0,1,0,0,1,0,0,1,UEFA,0,
1908,1908-12-31,England,1,EN,2146,1,2146,2,1989,3,1889,109,53,56,0,72,18,19,417,130,UEFA,0,
1908,1908-12-31,Argentina,2,AR,2001,1,2026,1,2010,3,1980,11,7,4,0,6,3,2,20,11,CONMEBOL,0,
1908,1908-12-31,Netherlands,4,NL,1904,3,1936,5,1892,7,1848,14,7,6,1,8,6,0,35,42,UEFA,0,
1908,1908-12-31,Austria,7,AT,1865,3,1917,4,1906,7,1865,14,8,6,0,6,7,1,33,44,UEFA,0,
1908,1908-12-31,Uruguay,8,UY,1852,4,1903,6,1872,9,1827,11,5,6,0,2,7,2,11,26,CONMEBOL,0,
1908,1908-12-31,South Africa,9,ZA,1847,7,1847,7,1847,10,1817,2,0,2,0,2,0,0,7,1,CAF,0,
1908,1908-12-31,Scotland,10,SQ,1835,1,2104,2,1991,10,1785,97,48,49,0,64,15,18,318,123,UEFA,0,
1908,1908-12-31,Belgium,11,BE,1771,8,1837,9,1795,11,1763,15,9,6,0,7,7,1,36,36,UEFA,0,
1908,1908-12-31,Germany,12,DE,1669,11,1680,12,1670,13,1669,3,1,2,0,0,3,0,6,13,UEFA,0,
1908,1908-12-31,Sweden,13,SE,1657,11,1704,12,1683,13,1657,6,2,3,1,1,5,0,17,30,UEFA,0,
1908,1908-12-31,France,14,FR,1573,9,1615,11,1597,14,1573,11,4,6,1,3,7,1,11,67,UEFA,0,
1908,1908-12-31,Switzerland,17,CH,1505,11,1505,14,1497,17,1485,3,2,1,0,1,2,0,6,6,UEFA,0,
1908,1908-12-31,Norway,20,NO,1396,19,1396,19,1396,20,1396,1,0,1,0,0,1,0,3,11,UEFA,0,
1909,1909-12-31,England,1,EN,2207,1,2207,2,1994,3,1889,122,60,62,0,85,18,19,505,138,UEFA,0,
1909,1909-12-31,Argentina,2,AR,2012,1,2026,1,2009,3,1980,14,9,5,0,8,3,3,27,15,CONMEBOL,0,
1909,1909-12-31,Netherlands,4,NL,1920,3,1936,5,1898,7,1848,18,9,8,1,10,8,0,44,57,UEFA,0,
1909,1909-12-31,Austria,7,AT,1852,3,1917,4,1899,8,1848,18,10,8,0,6,9,3,40,59,UEFA,0,
1909,1909-12-31,South Africa,8,ZA,1847,7,1847,8,1847,10,1817,2,0,2,0,2,0,0,7,1,CAF,0,
1909,1909-12-31,Uruguay,9,UY,1841,4,1903,7,1869,9,1827,14,6,8,0,2,9,3,15,33,CONMEBOL,0,
1909,1909-12-31,Scotland,10,SQ,1807,1,2104,3,1986,10,1785,100,49,51,0,65,17,18,325,128,UEFA,0,
1909,1909-12-31,Belgium,11,BE,1742,8,1837,9,1787,11,1736,19,11,8,0,8,10,1,45,57,UEFA,0,
1909,1909-12-31,Germany,12,DE,1678,11,1680,12,1673,13,1667,6,2,4,0,1,4,1,10,25,UEFA,0,
1909,1909-12-31,Sweden,13,SE,1656,11,1704,13,1665,13,1656,7,2,4,1,1,6,0,17,37,UEFA,0,
1909,1909-12-31,France,15,FR,1564,9,1615,12,1592,15,1564,13,5,7,1,3,9,1,13,83,UEFA,0,
1909,1909-12-31,Switzerland,17,CH,1499,11,1505,14,1498,17,1485,5,3,2,0,1,4,0,6,16,UEFA,0,
1909,1909-12-31,Norway,20,NO,1396,19,1396,20,1396,20,1396,1,0,1,0,0,1,0,3,11,UEFA,0,
1910,1910-12-31,England,1,EN,2149,1,2207,2,1998,3,1889,132,62,70,0,91,20,21,541,152,UEFA,0,
1910,1910-12-31,Argentina,3,AR,1946,1,2026,1,2008,3,1946,21,14,7,0,12,5,4,46,28,CONMEBOL,0,
1910,1910-12-31,Netherlands,4,NL,1927,3,1936,4,1902,7,1848,22,11,10,1,13,9,0,59,63,UEFA,0,
1910,1910-12-31,Uruguay,5,UY,1915,4,1915,7,1867,9,1827,19,7,11,1,5,10,4,29,41,CONMEBOL,0,
1910,1910-12-31,Austria,8,AT,1848,3,1917,5,1894,8,1848,20,11,9,0,7,10,3,42,63,UEFA,0,
1910,1910-12-31,Scotland,9,SQ,1832,1,2104,3,1982,10,1781,103,51,52,0,67,18,18,328,129,UEFA,0,
1910,1910-12-31,South Africa,10,ZA,1821,7,1847,8,1844,10,1817,5,3,2,0,2,3,0,12,16,CAF,0,
1910,1910-12-31,Belgium,11,BE,1783,8,1837,10,1785,11,1736,24,13,11,0,11,11,2,57,68,UEFA,0,
1910,1910-12-31,Sweden,13,SE,1667,11,1704,13,1663,14,1656,8,2,5,1,2,6,0,21,37,UEFA,0,
1910,1910-12-31,Germany,14,DE,1658,11,1686,12,1672,14,1658,10,4,6,0,2,7,1,16,36,UEFA,0,
1910,1910-12-31,France,16,FR,1543,9,1615,12,1586,16,1543,16,6,9,1,3,12,1,16,103,UEFA,0,
1910,1910-12-31,Switzerland,18,CH,1490,11,1505,15,1497,18,1485,7,4,3,0,1,6,0,9,25,UEFA,0,
1910,1910-12-31,Norway,22,NO,1385,19,1396,20,1395,22,1385,2,1,1,0,0,2,0,3,15,UEFA,0,
1911,1911-12-31,England,1,EN,2147,1,2207,2,2002,3,1889,141,67,74,0,98,20,23,564,157,UEFA,0,
1911,1911-12-31,Netherlands,3,NL,1950,3,1958,4,1909,7,1848,25,13,11,1,15,10,0,67,66,UEFA,0,
1911,1911-12-31,Argentina,4,AR,1939,1,2026,2,2002,5,1926,27,16,11,0,15,7,5,54,37,CONMEBOL,0,
1911,1911-12-31,Uruguay,5,UY,1922,4,1935,7,1872,9,1827,25,11,13,1,7,13,5,38,49,CONMEBOL,0,
1911,1911-12-31,Austria,8,AT,1852,3,1917,5,1890,8,1848,23,12,11,0,9,11,3,47,67,UEFA,0,
1911,1911-12-31,Scotland,9,SQ,1847,1,2104,3,1979,10,1781,106,52,54,0,68,18,20,333,132,UEFA,0,
1911,1911-12-31,South Africa,10,ZA,1821,7,1847,8,1840,10,1817,5,3,2,0,2,3,0,12,16,CAF,0,
1911,1911-12-31,Belgium,11,BE,1760,8,1837,10,1782,11,1736,29,16,13,0,13,14,2,68,82,UEFA,0,
1911,1911-12-31,Sweden,12,SE,1691,11,1704,13,1664,14,1648,12,4,7,1,5,7,0,35,45,UEFA,0,
1911,1911-12-31,Germany,14,DE,1648,11,1687,12,1671,14,1648,17,9,8,0,4,11,2,32,53,UEFA,0,
1911,1911-12-31,Switzerland,17,CH,1543,11,1549,15,1502,18,1485,14,8,6,0,4,9,1,24,48,UEFA,0,
1911,1911-12-31,France,18,FR,1529,9,1615,13,1578,19,1517,22,9,12,1,4,16,2,25,124,UEFA,0,
1911,1911-12-31,Norway,23,NO,1381,19,1396,21,1392,23,1381,3,1,2,0,0,3,0,4,19,UEFA,0,
1912,1912-12-31,England,1,EN,2213,1,2213,2,2007,3,1889,150,69,78,3,106,20,24,598,162,UEFA,0,
1912,1912-12-31,Netherlands,3,NL,1977,3,2003,4,1916,7,1848,34,15,15,4,21,12,1,98,89,UEFA,0,
1912,1912-12-31,Uruguay,5,UY,1935,4,1968,6,1878,9,1827,31,14,16,1,10,15,6,48,57,CONMEBOL,0,
1912,1912-12-31,Argentina,6,AR,1926,1,2026,2,1995,6,1893,33,19,14,0,17,10,6,62,47,CONMEBOL,0,
1912,1912-12-31,Scotland,7,SQ,1873,1,2104,3,1976,10,1781,109,54,55,0,70,18,21,339,134,UEFA,0,
1912,1912-12-31,Austria,9,AT,1827,3,1917,5,1885,10,1816,31,13,13,5,13,14,4,63,81,UEFA,0,
1912,1912-12-31,South Africa,10,ZA,1821,7,1847,9,1837,10,1817,5,3,2,0,2,3,0,12,16,CAF,0,
1912,1912-12-31,Belgium,11,BE,1742,8,1837,10,1778,11,1736,35,19,16,0,14,18,3,83,97,UEFA,0,
1912,1912-12-31,Germany,12,DE,1689,11,1723,13,1672,14,1642,25,10,12,3,6,15,4,64,77,UEFA,0,
1912,1912-12-31,Sweden,13,SE,1649,11,1708,13,1665,14,1646,18,9,8,1,8,9,1,53,56,UEFA,0,
1912,1912-12-31,France,17,FR,1562,9,1615,13,1575,19,1517,25,11,13,1,6,16,3,34,129,UEFA,0,
1912,1912-12-31,Switzerland,19,CH,1515,11,1549,16,1504,20,1485,17,9,8,0,4,12,1,28,63,UEFA,0,
1912,1912-12-31,Norway,24,NO,1374,19,1396,21,1389,24,1364,9,3,3,3,1,8,0,9,40,UEFA,0,
1913,1913-12-31,England,1,EN,2174,1,2213,2,2011,3,1889,157,72,82,3,111,22,24,614,171,UEFA,0,
1913,1913-12-31,Netherlands,4,NL,1943,3,2003,4,1920,7,1848,38,17,17,4,22,14,2,106,99,UEFA,0,
1913,1913-12-31,Argentina,5,AR,1942,1,2026,2,1989,6,1893,45,26,19,0,22,14,9,84,63,CONMEBOL,0,
1913,1913-12-31,Uruguay,6,UY,1921,4,1968,6,1883,9,1827,42,18,23,1,14,19,9,64,77,CONMEBOL,0,
1913,1913-12-31,Scotland,7,SQ,1867,1,2104,3,1973,10,1781,112,54,58,0,71,19,22,341,136,UEFA,0,
1913,1913-12-31,South Africa,9,ZA,1821,7,1847,9,1835,10,1817,5,3,2,0,2,3,0,12,16,CAF,0,
1913,1913-12-31,Austria,10,AT,1803,3,1917,6,1878,10,1803,34,15,14,5,14,16,4,69,89,UEFA,0,
1913,1913-12-31,Belgium,11,BE,1800,8,1837,10,1778,11,1736,42,23,19,0,19,19,4,103,106,UEFA,0,
1913,1913-12-31,Germany,12,DE,1651,11,1723,12,1672,14,1642,29,13,13,3,6,19,4,68,92,UEFA,0,
1913,1913-12-31,Sweden,13,SE,1649,11,1708,13,1663,14,1646,24,11,12,1,10,12,2,67,78,UEFA,0,
1913,1913-12-31,France,17,FR,1587,9,1615,14,1576,19,1517,30,14,15,1,9,18,3,48,137,UEFA,0,
1913,1913-12-31,Switzerland,20,CH,1504,11,1549,16,1505,20,1485,21,11,10,0,5,15,1,32,72,UEFA,0,
1913,1913-12-31,Norway,25,NO,1379,19,1396,22,1386,25,1364,12,4,5,3,1,9,2,11,51,UEFA,0,
1914,1914-12-31,England,1,EN,2073,1,2213,2,2013,3,1889,164,73,88,3,115,25,24,635,182,UEFA,0,
1914,1914-12-31,Netherlands,4,NL,1955,3,2003,4,1924,7,1848,42,19,19,4,24,15,3,121,111,UEFA,0,
1914,1914-12-31,Argentina,5,AR,1935,1,2026,2,1985,6,1893,52,31,21,0,25,17,10,97,72,CONMEBOL,0,
1914,1914-12-31,Uruguay,6,UY,1918,4,1968,6,1886,9,1827,47,20,26,1,16,21,10,72,87,CONMEBOL,0,
1914,1914-12-31,Brazil,7,BR,1910,7,1910,7,1909,7,1889,2,0,2,0,1,1,0,1,3,CONMEBOL,0,
1914,1914-12-31,Scotland,8,SQ,1886,1,2104,3,1971,10,1781,115,56,59,0,72,19,24,345,138,UEFA,0,
1914,1914-12-31,Austria,10,AT,1826,3,1917,6,1874,10,1801,38,17,16,5,15,17,6,74,93,UEFA,0,
1914,1914-12-31,South Africa,11,ZA,1821,7,1847,9,1833,11,1817,5,3,2,0,2,3,0,12,16,CAF,0,
1914,1914-12-31,Belgium,12,BE,1752,8,1837,10,1776,12,1736,46,25,21,0,19,23,4,111,126,UEFA,0,
1914,1914-12-31,Germany,13,DE,1659,11,1723,12,1670,14,1642,30,13,14,3,6,19,5,72,96,UEFA,0,
1914,1914-12-31,Sweden,14,SE,1646,11,1708,13,1660,14,1636,32,18,13,1,13,15,4,84,99,UEFA,0,
1914,1914-12-31,France,19,FR,1568,9,1615,14,1576,19,1517,35,16,18,1,10,21,4,59,154,UEFA,0,
1914,1914-12-31,Switzerland,22,CH,1505,11,1549,17,1505,22,1485,24,12,12,0,5,16,3,35,76,UEFA,0,
1914,1914-12-31,Norway,26,NO,1377,19,1396,23,1385,26,1364,16,7,6,3,2,11,3,14,61,UEFA,0,
1915,1915-12-31,England,1,EN,2073,1,2213,2,2014,3,1889,164,73,88,3,115,25,24,635,182,UEFA,0,
1915,1915-12-31,Netherlands,3,NL,1955,3,2003,4,1927,7,1848,42,19,19,4,24,15,3,121,111,UEFA,0,
1915,1915-12-31,Argentina,5,AR,1940,1,2026,3,1982,6,1893,56,33,23,0,27,18,11,102,77,CONMEBOL,0,
1915,1915-12-31,Uruguay,6,UY,1913,4,1968,6,1888,9,1827,51,22,28,1,17,23,11,77,92,CONMEBOL,0,
1915,1915-12-31,Brazil,7,BR,1910,6,1910,7,1910,7,1889,2,0,2,0,1,1,0,1,3,CONMEBOL,0,
1915,1915-12-31,Scotland,8,SQ,1886,1,2104,3,1969,10,1781,115,56,59,0,72,19,24,345,138,UEFA,0,
1915,1915-12-31,Austria,10,AT,1849,3,1917,6,1871,10,1801,42,19,18,5,17,19,6,86,105,UEFA,0,
1915,1915-12-31,South Africa,11,ZA,1821,7,1847,9,1832,11,1817,5,3,2,0,2,3,0,12,16,CAF,0,
1915,1915-12-31,Belgium,12,BE,1752,8,1837,10,1774,12,1736,46,25,21,0,19,23,4,111,126,UEFA,0,
1915,1915-12-31,Germany,13,DE,1659,11,1723,12,1669,14,1642,30,13,14,3,6,19,5,72,96,UEFA,0,
1915,1915-12-31,Sweden,14,SE,1641,11,1708,13,1658,14,1636,36,20,15,1,14,17,5,90,106,UEFA,0,
1915,1915-12-31,France,19,FR,1568,9,1615,15,1575,20,1517,35,16,18,1,10,21,4,59,154,UEFA,0,
1915,1915-12-31,Switzerland,22,CH,1499,11,1549,17,1504,22,1485,25,12,13,0,5,17,3,36,79,UEFA,0,
1915,1915-12-31,Norway,27,NO,1377,19,1396,23,1384,27,1364,19,8,8,3,2,13,4,18,75,UEFA,0,
1916,1916-12-31,England,1,EN,2073,1,2213,2,2015,3,1889,164,73,88,3,115,25,24,635,182,UEFA,0,
1916,1916-12-31,Argentina,3,AR,1970,1,2026,3,1980,6,1893,65,39,26,0,33,19,13,124,86,CONMEBOL,0,
1916,1916-12-31,Netherlands,4,NL,1955,3,2003,4,1929,7,1848,42,19,19,4,24,15,3,121,111,UEFA,0,
1916,1916-12-31,Uruguay,6,UY,1890,4,1968,6,1889,10,1827,61,27,31,3,21,28,12,94,109,CONMEBOL,0,
1916,1916-12-31,Brazil,7,BR,1888,6,1910,7,1905,8,1873,6,0,4,2,2,2,2,5,7,CONMEBOL,0,
1916,1916-12-31,Scotland,8,SQ,1886,1,2104,3,1967,10,1781,115,56,59,0,72,19,24,345,138,UEFA,0,
1916,1916-12-31,Austria,9,AT,1873,3,1917,7,1870,10,1801,46,21,20,5,19,20,7,96,113,UEFA,0,
1916,1916-12-31,South Africa,11,ZA,1821,7,1847,9,1831,11,1817,5,3,2,0,2,3,0,12,16,CAF,0,
1916,1916-12-31,Belgium,12,BE,1765,8,1837,10,1773,12,1736,47,25,22,0,20,23,4,115,127,UEFA,0,
1916,1916-12-31,United States,13,US,1705,13,1711,13,1706,13,1705,2,0,2,0,1,0,1,4,3,CONCACAF,1,
1916,1916-12-31,Sweden,14,SE,1663,11,1708,13,1657,16,1630,41,23,17,1,16,19,6,102,111,UEFA,0,
1916,1916-12-31,Germany,15,DE,1659,11,1723,13,1668,15,1642,30,13,14,3,6,19,5,72,96,UEFA,0,
1916,1916-12-31,France,20,FR,1555,9,1615,15,1574,20,1517,36,17,18,1,10,22,4,60,158,UEFA,0,
1916,1916-12-31,Switzerland,23,CH,1499,11,1549,18,1504,23,1485,25,12,13,0,5,17,3,36,79,UEFA,0,
1916,1916-12-31,Norway,27,NO,1380,19,1396,24,1383,28,1364,24,11,10,3,2,16,6,19,92,UEFA,0,
1917,1917-12-31,England,1,EN,2073,1,2213,1,2017,3,1889,164,73,88,3,115,25,24,635,182,UEFA,0,
1917,1917-12-31,Argentina,3,AR,1976,1,2026,3,1979,6,1893,72,41,29,2,37,21,14,133,91,CONMEBOL,0,
1917,1917-12-31,Netherlands,5,NL,1955,3,2003,4,1931,7,1848,42,19,19,4,24,15,3,121,111,UEFA,0,
1917,1917-12-31,Uruguay,6,UY,1943,4,1968,6,1890,10,1827,68,33,32,3,26,30,12,107,113,CONMEBOL,0,
1917,1917-12-31,Scotland,7,SQ,1886,1,2104,4,1965,10,1781,115,56,59,0,72,19,24,345,138,UEFA,0,
1917,1917-12-31,Brazil,9,BR,1831,6,1910,7,1896,10,1830,10,0,6,4,3,5,2,13,18,CONMEBOL,0,
1917,1917-12-31,South Africa,10,ZA,1821,7,1847,9,1830,11,1817,5,3,2,0,2,3,0,12,16,CAF,0,
1917,1917-12-31,Austria,11,AT,1816,3,1917,7,1869,11,1801,53,24,24,5,20,25,8,105,131,UEFA,0,
1917,1917-12-31,Belgium,12,BE,1774,8,1837,11,1773,12,1736,48,25,23,0,21,23,4,119,130,UEFA,0,
1917,1917-12-31,United States,13,US,1705,13,1711,13,1705,13,1705,2,0,2,0,1,0,1,4,3,CONCACAF,1,
1917,1917-12-31,Sweden,14,SE,1668,11,1708,13,1658,16,1630,45,25,19,1,17,20,8,109,117,UEFA,0,
1917,1917-12-31,Germany,15,DE,1659,11,1723,13,1667,15,1642,30,13,14,3,6,19,5,72,96,UEFA,0,
1917,1917-12-31,France,21,FR,1555,9,1615,15,1572,21,1517,36,17,18,1,10,22,4,60,158,UEFA,0,
1917,1917-12-31,Switzerland,23,CH,1511,11,1549,18,1503,24,1485,27,14,13,0,6,18,3,39,82,UEFA,0,
1917,1917-12-31,Norway,28,NO,1378,19,1396,24,1383,28,1364,28,13,12,3,2,19,7,23,111,UEFA,0,
1917,1917-12-31,Japan,31,JP,1196,30,1275,31,1196,31,1196,2,2,0,0,0,2,0,2,20,AFC,0,
1918,1918-12-31,England,1,EN,2073,1,2213,1,2018,3,1889,164,73,88,3,115,25,24,635,182,UEFA,0,
1918,1918-12-31,Argentina,4,AR,1986,1,2026,3,1979,6,1893,78,44,32,2,39,22,17,140,97,CONMEBOL,0,
1918,1918-12-31,Netherlands,5,NL,1955,3,2003,4,1933,7,1848,42,19,19,4,24,15,3,121,111,UEFA,0,
1918,1918-12-31,Uruguay,6,UY,1933,4,1968,6,1893,10,1827,74,36,35,3,27,32,15,113,120,CONMEBOL,0,
1918,1918-12-31,Scotland,7,SQ,1886,1,2104,4,1964,10,1781,115,56,59,0,72,19,24,345,138,UEFA,0,
1918,1918-12-31,Brazil,9,BR,1831,6,1910,8,1881,10,1830,10,0,6,4,3,5,2,13,18,CONMEBOL,0,
1918,1918-12-31,South Africa,10,ZA,1821,7,1847,9,1829,11,1817,5,3,2,0,2,3,0,12,16,CAF,0,
1918,1918-12-31,Austria,11,AT,1788,3,1917,7,1865,11,1788,57,27,25,5,21,28,8,110,139,UEFA,0,
1918,1918-12-31,Belgium,12,BE,1777,8,1837,11,1773,12,1736,51,26,25,0,22,23,6,126,134,UEFA,0,
1918,1918-12-31,United States,13,US,1705,13,1711,13,1705,13,1705,2,0,2,0,1,0,1,4,3,CONCACAF,1,
1918,1918-12-31,Germany,14,DE,1659,11,1723,13,1666,15,1642,30,13,14,3,6,19,5,72,96,UEFA,0,
1918,1918-12-31,Sweden,15,SE,1651,11,1708,13,1658,16,1630,49,27,21,1,18,23,8,113,124,UEFA,0,
1918,1918-12-31,France,21,FR,1550,9,1615,16,1571,21,1517,37,17,19,1,10,23,4,62,163,UEFA,0,
1918,1918-12-31,Switzerland,23,CH,1507,11,1549,18,1504,24,1485,29,14,15,0,6,20,3,41,89,UEFA,0,
1918,1918-12-31,Norway,26,NO,1417,19,1418,24,1384,28,1364,32,15,14,3,4,21,7,28,119,UEFA,0,
1918,1918-12-31,Japan,31,JP,1196,30,1275,31,1196,31,1196,2,2,0,0,0,2,0,2,20,AFC,0,
1919,1919-12-31,England,1,EN,2042,1,2213,1,2019,3,1889,169,75,91,3,117,26,26,645,190,UEFA,0,
1919,1919-12-31,Uruguay,3,UY,1977,2,1990,6,1896,10,1827,83,39,39,5,33,34,16,133,136,CONMEBOL,0,
1919,1919-12-31,Argentina,5,AR,1927,1,2026,3,1978,6,1893,91,46,41,4,45,28,18,173,123,CONMEBOL,0,
1919,1919-12-31,Netherlands,6,NL,1923,3,2003,4,1934,7,1848,45,20,21,4,25,16,4,126,117,UEFA,0,
1919,1919-12-31,Brazil,7,BR,1900,6,1910,8,1879,10,1830,15,5,6,4,6,5,4,28,24,CONMEBOL,0,
1919,1919-12-31,Scotland,8,SQ,1882,1,2104,4,1962,10,1781,119,58,61,0,73,20,26,352,145,UEFA,0,
1919,1919-12-31,South Africa,10,ZA,1821,7,1847,9,1829,11,1817,5,3,2,0,2,3,0,12,16,CAF,0,
1919,1919-12-31,Austria,11,AT,1802,3,1917,7,1861,12,1785,60,28,27,5,22,30,8,115,144,UEFA,0,
1919,1919-12-31,Belgium,12,BE,1770,8,1837,11,1773,13,1736,52,27,25,0,22,23,7,128,136,UEFA,0,
1919,1919-12-31,Paraguay,13,PY,1757,11,1786,13,1758,13,1757,4,4,0,0,0,4,0,3,12,CONMEBOL,0,
1919,1919-12-31,United States,14,US,1705,13,1711,13,1705,14,1705,2,0,2,0,1,0,1,4,3,CONCACAF,1,
1919,1919-12-31,Sweden,15,SE,1663,11,1708,14,1658,16,1630,57,31,25,1,21,27,9,129,143,UEFA,0,
1919,1919-12-31,Germany,16,DE,1659,11,1723,13,1665,16,1642,30,13,14,3,6,19,5,72,96,UEFA,0,
1919,1919-12-31,France,22,FR,1557,9,1615,16,1570,22,1517,38,17,20,1,10,23,5,64,165,UEFA,0,
1919,1919-12-31,Switzerland,24,CH,1507,11,1549,19,1504,24,1485,29,14,15,0,6,20,3,41,89,UEFA,0,
1919,1919-12-31,Norway,26,NO,1490,19,1490,24,1389,28,1364,37,18,16,3,7,22,8,42,131,UEFA,0,
1919,1919-12-31,Japan,32,JP,1196,30,1275,31,1196,32,1196,2,2,0,0,0,2,0,2,20,AFC,0,
1920,1920-12-31,Uruguay,1,UY,2034,1,2034,6,1902,10,1827,89,40,42,7,37,35,17,147,140,CONMEBOL,0,
1920,1920-12-31,Spain,2,ES,2016,1,2026,2,2014,3,1963,5,0,1,4,4,1,0,9,5,UEFA,0,
1920,1920-12-31,England,3,EN,1954,1,2213,1,2018,4,1889,178,78,96,4,123,29,26,675,205,UEFA,0,
1920,1920-12-31,Argentina,5,AR,1933,1,2026,3,1975,7,1890,98,49,43,6,48,30,20,182,131,CONMEBOL,0,
1920,1920-12-31,Belgium,7,BE,1928,5,1928,11,1776,13,1736,57,31,26,0,26,24,7,140,140,UEFA,0,
1920,1920-12-31,Czechia,8,CZ,1889,4,1925,7,1874,10,1867,11,3,5,3,4,5,2,30,27,UEFA,0,
1920,1920-12-31,Scotland,9,SQ,1872,1,2104,4,1960,11,1781,122,59,63,0,74,21,27,360,151,UEFA,0,
1920,1920-12-31,Netherlands,10,NL,1846,3,2003,4,1931,11,1846,52,21,24,7,28,19,5,139,130,UEFA,0,
1920,1920-12-31,Austria,11,AT,1824,3,1917,8,1858,12,1785,63,30,28,5,24,30,9,122,149,UEFA,0,
1920,1920-12-31,Brazil,12,BR,1822,6,1910,8,1879,12,1822,19,5,8,6,7,8,4,30,35,CONMEBOL,0,
1920,1920-12-31,South Africa,13,ZA,1782,7,1847,10,1827,13,1782,8,6,2,0,2,6,0,15,31,CAF,0,
1920,1920-12-31,Paraguay,14,PY,1757,11,1786,13,1757,14,1757,4,4,0,0,0,4,0,3,12,CONMEBOL,0,
1920,1920-12-31,United States,15,US,1705,13,1711,13,1705,15,1705,2,0,2,0,1,0,1,4,3,CONCACAF,1,
1920,1920-12-31,Egypt,16,EG,1675,16,1675,16,1674,17,1664,2,0,0,2,1,1,0,5,4,CAF,0,
1920,1920-12-31,Germany,18,DE,1653,11,1723,14,1664,20,1637,33,14,16,3,7,21,5,76,103,UEFA,0,
1920,1920-12-31,Sweden,19,SE,1649,11,1708,14,1658,19,1630,66,35,27,4,24,32,10,150,154,UEFA,0,
1920,1920-12-31,France,20,FR,1621,9,1640,16,1571,23,1517,45,19,22,4,14,26,5,84,185,UEFA,0,
1920,1920-12-31,Switzerland,26,CH,1560,11,1560,19,1506,27,1485,34,18,16,0,10,21,3,51,93,UEFA,0,
1920,1920-12-31,Norway,27,NO,1535,19,1569,25,1398,28,1364,43,20,17,6,8,25,10,47,142,UEFA,0,
1920,1920-12-31,Japan,37,JP,1196,30,1275,32,1196,37,1196,2,2,0,0,0,2,0,2,20,AFC,0,
1921,1921-12-31,Spain,1,ES,2024,1,2026,2,2017,3,1963,7,2,1,4,6,1,0,14,6,UEFA,0,
1921,1921-12-31,Uruguay,2,UY,1990,1,2034,6,1908,10,1827,93,41,43,9,39,37,17,154,146,CONMEBOL,0,
1921,1921-12-31,Argentina,3,AR,1961,1,2026,3,1973,7,1890,105,52,47,6,52,31,22,195,138,CONMEBOL,0,
1921,1921-12-31,England,5,EN,1926,1,2213,2,2017,8,1889,182,78,100,4,124,30,28,678,209,UEFA,0,
1921,1921-12-31,Scotland,6,SQ,1925,1,2104,4,1959,11,1781,125,61,64,0,77,21,27,367,152,UEFA,0,
1921,1921-12-31,Czechia,8,CZ,1884,4,1925,7,1875,10,1867,13,5,5,3,5,5,3,38,30,UEFA,0,
1921,1921-12-31,Belgium,9,BE,1882,5,1930,11,1783,13,1736,62,35,27,0,27,27,8,146,149,UEFA,0,
1921,1921-12-31,Netherlands,10,NL,1865,3,2003,5,1926,11,1842,57,23,27,7,30,19,8,150,134,UEFA,0,
1921,1921-12-31,Austria,11,AT,1846,3,1917,8,1857,12,1785,69,32,32,5,27,30,12,139,160,UEFA,0,
1921,1921-12-31,Brazil,12,BR,1839,6,1910,8,1872,14,1810,22,5,9,8,8,10,4,34,38,CONMEBOL,0,
1921,1921-12-31,South Africa,14,ZA,1782,7,1847,10,1824,15,1782,8,6,2,0,2,6,0,15,31,CAF,0,
1921,1921-12-31,Paraguay,15,PY,1751,11,1817,14,1761,15,1751,10,6,2,2,2,7,1,12,26,CONMEBOL,0,
1921,1921-12-31,United States,17,US,1705,13,1711,14,1705,17,1705,2,0,2,0,1,0,1,4,3,CONCACAF,1,
1921,1921-12-31,Portugal,18,PT,1698,18,1698,18,1698,18,1698,1,0,1,0,0,1,0,1,3,UEFA,0,
1921,1921-12-31,Egypt,20,EG,1675,16,1675,17,1675,20,1664,2,0,0,2,1,1,0,5,4,CAF,0,
1921,1921-12-31,Germany,22,DE,1653,11,1723,14,1663,22,1637,36,15,18,3,7,22,7,82,112,UEFA,0,
1921,1921-12-31,France,24,FR,1607,9,1640,17,1573,24,1517,50,22,24,4,15,30,5,92,197,UEFA,0,
1921,1921-12-31,Sweden,26,SE,1592,11,1708,14,1655,26,1580,75,39,32,4,24,37,14,158,174,UEFA,0,
1921,1921-12-31,Norway,29,NO,1580,19,1582,25,1410,29,1364,47,22,19,6,11,26,10,57,148,UEFA,0,
1921,1921-12-31,Switzerland,31,CH,1557,11,1560,20,1509,31,1485,38,20,18,0,10,23,5,55,100,UEFA,0,
1921,1921-12-31,Japan,44,JP,1170,30,1275,33,1193,44,1170,5,2,2,1,0,5,0,3,30,AFC,0,
1922,1922-12-31,Spain,1,ES,2034,1,2034,1,2022,3,1963,9,2,3,4,8,1,0,20,7,UEFA,0,
1922,1922-12-31,Uruguay,2,UY,1996,1,2034,6,1912,10,1827,104,44,48,12,45,39,20,171,158,CONMEBOL,0,
1922,1922-12-31,Scotland,3,SQ,1930,1,2104,4,1958,11,1781,128,62,66,0,79,22,27,371,155,UEFA,0,
1922,1922-12-31,England,5,EN,1912,1,2213,2,2015,8,1889,185,81,100,4,126,31,28,681,210,UEFA,0,
1922,1922-12-31,Brazil,6,BR,1899,6,1910,9,1869,14,1805,29,12,9,8,12,10,7,46,42,CONMEBOL,0,
1922,1922-12-31,Czechia,7,CZ,1897,4,1925,7,1876,10,1867,17,5,9,3,7,6,4,47,35,UEFA,0,
1922,1922-12-31,Argentina,8,AR,1891,1,2026,3,1971,8,1890,118,57,52,9,56,38,24,214,157,CONMEBOL,0,
1922,1922-12-31,Belgium,9,BE,1882,5,1930,10,1789,13,1736,67,37,30,0,29,29,9,155,156,UEFA,0,
1922,1922-12-31,Austria,11,AT,1845,3,1917,8,1856,13,1785,75,35,35,5,29,31,15,154,170,UEFA,0,
1922,1922-12-31,Netherlands,13,NL,1812,3,2003,5,1922,13,1812,61,25,29,7,31,22,8,153,145,UEFA,0,
1922,1922-12-31,South Africa,14,ZA,1782,7,1847,10,1821,15,1782,8,6,2,0,2,6,0,15,31,CAF,0,
1922,1922-12-31,Paraguay,15,PY,1751,11,1817,14,1759,15,1751,16,6,5,5,4,10,2,18,35,CONMEBOL,0,
1922,1922-12-31,United States,17,US,1705,13,1711,14,1705,17,1705,2,0,2,0,1,0,1,4,3,CONCACAF,1,
1922,1922-12-31,Portugal,18,PT,1694,18,1698,18,1698,19,1694,2,1,1,0,0,2,0,2,5,UEFA,0,
1922,1922-12-31,Germany,20,DE,1677,11,1723,14,1664,22,1637,39,17,19,3,8,22,9,86,114,UEFA,0,
1922,1922-12-31,Egypt,22,EG,1675,16,1675,19,1675,22,1664,2,0,0,2,1,1,0,5,4,CAF,0,
1922,1922-12-31,Sweden,23,SE,1643,11,1708,15,1652,29,1579,82,43,35,4,27,39,16,171,181,UEFA,0,
1922,1922-12-31,Norway,26,NO,1607,19,1634,25,1423,29,1364,53,26,21,6,14,27,12,72,158,UEFA,0,
1922,1922-12-31,Switzerland,27,CH,1600,11,1600,20,1512,32,1485,43,21,22,0,11,24,8,66,112,UEFA,0,
1922,1922-12-31,France,28,FR,1598,9,1640,17,1575,28,1517,53,24,25,4,16,32,5,94,209,UEFA,0,
1922,1922-12-31,Australia,32,AU,1572,30,1586,31,1573,32,1572,3,0,3,0,0,2,1,3,7,AFC,0,
1922,1922-12-31,New Zealand,34,NZ,1528,34,1528,34,1527,35,1514,3,3,0,0,2,0,1,7,3,OFC,0,
1922,1922-12-31,Japan,48,JP,1170,30,1275,36,1189,48,1170,5,2,2,1,0,5,0,3,30,AFC,0,
1923,1923-12-31,Spain,1,ES,2027,1,2036,1,2023,3,1963,12,4,4,4,10,2,0,26,8,UEFA,0,
1923,1923-12-31,Uruguay,2,UY,1999,1,2034,5,1916,10,1827,116,52,52,12,50,41,25,189,172,CONMEBOL,0,
1923,1923-12-31,Scotland,3,SQ,1943,1,2104,4,1958,11,1781,131,64,67,0,81,22,28,376,157,UEFA,0,
1923,1923-12-31,Czechia,5,CZ,1913,4,1925,7,1878,10,1867,21,8,10,3,10,6,5,64,40,UEFA,0,
1923,1923-12-31,England,6,EN,1904,1,2213,2,2013,8,1889,193,82,107,4,129,33,31,702,225,UEFA,0,
1923,1923-12-31,Argentina,7,AR,1903,1,2026,3,1968,10,1855,134,66,57,11,63,42,29,241,177,CONMEBOL,0,
1923,1923-12-31,Belgium,8,BE,1897,5,1930,10,1794,13,1736,73,41,32,0,32,30,11,167,166,UEFA,0,
1923,1923-12-31,Brazil,10,BR,1869,6,1910,8,1872,14,1805,35,12,12,11,14,14,7,52,49,CONMEBOL,0,
1923,1923-12-31,Netherlands,12,NL,1820,3,2003,5,1916,13,1812,65,28,30,7,33,22,10,166,148,UEFA,0,
1923,1923-12-31,Austria,13,AT,1805,3,1917,8,1854,13,1785,81,38,38,5,31,34,16,159,179,UEFA,0,
1923,1923-12-31,South Africa,14,ZA,1782,7,1847,10,1819,15,1782,8,6,2,0,2,6,0,15,31,CAF,0,
1923,1923-12-31,Paraguay,15,PY,1767,11,1817,14,1760,15,1751,22,6,8,8,6,14,2,24,44,CONMEBOL,0,
1923,1923-12-31,United States,17,US,1705,13,1711,15,1705,18,1705,2,0,2,0,1,0,1,4,3,CONCACAF,1,
1923,1923-12-31,Mexico,18,MX,1701,16,1708,18,1701,20,1687,6,3,3,0,4,1,1,15,10,CONCACAF,1,
1923,1923-12-31,Portugal,20,PT,1691,18,1698,19,1696,20,1691,3,1,2,0,0,3,0,2,8,UEFA,0,
1923,1923-12-31,Egypt,21,EG,1675,16,1675,20,1675,22,1664,2,0,0,2,1,1,0,5,4,CAF,0,
1923,1923-12-31,Sweden,22,SE,1665,11,1708,16,1652,29,1579,90,48,38,4,31,42,17,191,201,UEFA,0,
1923,1923-12-31,Germany,23,DE,1661,11,1723,15,1664,24,1637,45,20,22,3,10,25,10,92,122,UEFA,0,
1923,1923-12-31,Norway,25,NO,1614,19,1634,25,1435,29,1364,59,29,24,6,16,30,13,82,166,UEFA,0,
1923,1923-12-31,Switzerland,27,CH,1598,11,1621,21,1517,32,1485,50,24,26,0,12,28,10,77,131,UEFA,0,
1923,1923-12-31,New Zealand,32,NZ,1572,32,1572,34,1542,35,1514,6,3,3,0,4,1,1,15,8,OFC,0,
1923,1923-12-31,Australia,34,AU,1562,30,1586,33,1566,35,1528,12,9,3,0,5,5,2,27,24,AFC,0,
1923,1923-12-31,France,35,FR,1560,9,1640,18,1575,35,1517,59,27,28,4,16,37,6,99,232,UEFA,0,
1923,1923-12-31,Turkey,38,TR,1500,37,1500,38,1500,38,1500,1,1,0,0,0,0,1,2,2,UEFA,0,
1923,1923-12-31,Japan,50,JP,1144,30,1275,38,1184,50,1144,7,4,2,1,0,7,0,5,37,AFC,0,
1924,1924-12-31,Uruguay,1,UY,2032,1,2065,5,1920,10,1827,132,59,57,16,60,44,28,225,185,CONMEBOL,0,
1924,1924-12-31,Spain,2,ES,1972,1,2036,1,2015,3,1963,15,5,5,5,11,3,1,28,10,UEFA,0,
1924,1924-12-31,Argentina,3,AR,1954,1,2026,3,1966,10,1855,146,69,64,13,68,45,33,257,187,CONMEBOL,0,
1924,1924-12-31,Scotland,4,SQ,1912,1,2104,4,1957,11,1781,134,65,69,0,82,23,29,379,160,UEFA,0,
1924,1924-12-31,England,5,EN,1902,1,2213,2,2010,10,1867,200,88,108,4,134,34,32,720,234,UEFA,0,
1924,1924-12-31,Sweden,6,SE,1891,5,1893,15,1661,29,1579,106,53,44,9,42,44,20,254,227,UEFA,0,
1924,1924-12-31,Brazil,7,BR,1869,6,1910,8,1872,14,1805,35,12,12,11,14,14,7,52,49,CONMEBOL,0,
1924,1924-12-31,Czechia,8,CZ,1866,3,1925,7,1878,10,1856,26,9,11,6,13,7,6,76,45,UEFA,0,
1924,1924-12-31,Austria,11,AT,1842,3,1917,8,1853,13,1785,91,43,43,5,37,36,18,189,192,UEFA,0,
1924,1924-12-31,Netherlands,13,NL,1790,3,2003,6,1910,15,1783,74,31,31,12,36,25,13,181,159,UEFA,0,
1924,1924-12-31,Paraguay,14,PY,1777,11,1817,14,1762,18,1747,27,8,9,10,8,16,3,31,52,CONMEBOL,0,
1924,1924-12-31,Belgium,15,BE,1776,5,1930,10,1795,16,1736,81,44,36,1,34,34,13,179,184,UEFA,0,
1924,1924-12-31,Switzerland,16,CH,1775,11,1795,21,1527,32,1485,60,27,27,6,19,29,12,102,140,UEFA,0,
1924,1924-12-31,South Africa,17,ZA,1769,7,1847,11,1817,17,1769,13,6,7,0,3,10,0,22,41,CAF,0,
1924,1924-12-31,Mexico,20,MX,1701,16,1708,19,1701,23,1687,6,3,3,0,4,1,1,15,10,CONCACAF,1,
1924,1924-12-31,Egypt,21,EG,1692,16,1761,20,1678,25,1664,7,0,2,5,3,4,0,19,17,CAF,0,
1924,1924-12-31,Portugal,22,PT,1691,18,1698,20,1694,24,1691,3,1,2,0,0,3,0,2,8,UEFA,0,
1924,1924-12-31,United States,23,US,1689,13,1713,15,1704,25,1689,6,0,4,2,3,2,1,9,11,CONCACAF,1,
1924,1924-12-31,Germany,25,DE,1671,11,1723,15,1665,25,1637,52,24,25,3,13,28,11,102,135,UEFA,0,
1924,1924-12-31,Curaçao,26,CW,1609,26,1609,26,1609,27,1609,1,0,1,0,1,0,0,4,0,CONCACAF,0,
1924,1924-12-31,Canada,28,CA,1603,26,1612,28,1602,29,1589,6,0,6,0,2,3,1,8,9,CONCACAF,1,
1924,1924-12-31,New Zealand,30,NZ,1572,30,1572,33,1554,35,1514,6,3,3,0,4,1,1,15,8,OFC,0,
1924,1924-12-31,Norway,32,NO,1566,19,1634,25,1445,33,1364,63,31,26,6,16,34,13,84,179,UEFA,0,
1924,1924-12-31,France,34,FR,1563,9,1640,19,1575,35,1517,66,32,30,4,18,42,6,110,247,UEFA,0,
1924,1924-12-31,Australia,35,AU,1559,30,1586,34,1564,36,1528,18,15,3,0,8,7,3,36,32,AFC,0,
1924,1924-12-31,Turkey,39,TR,1515,37,1541,39,1512,40,1491,7,1,5,1,3,3,1,15,16,UEFA,0,
1924,1924-12-31,Japan,54,JP,1144,30,1275,40,1178,54,1144,7,4,2,1,0,7,0,5,37,AFC,0,
1925,1925-12-31,Spain,1,ES,2012,1,2036,1,2010,3,1963,20,6,9,5,16,3,1,36,10,UEFA,0,
1925,1925-12-31,Argentina,2,AR,1989,1,2026,3,1965,10,1855,153,76,64,13,72,45,36,271,193,CONMEBOL,0,
1925,1925-12-31,Scotland,3,SQ,1987,1,2104,4,1957,11,1781,138,67,71,0,86,23,29,390,161,UEFA,0,
1925,1925-12-31,Uruguay,4,UY,1966,1,2065,5,1924,10,1827,138,61,61,16,61,48,29,226,189,CONMEBOL,0,
1925,1925-12-31,England,5,EN,1925,1,2213,2,2008,10,1867,209,88,117,4,141,35,33,747,243,UEFA,0,
1925,1925-12-31,Brazil,6,BR,1923,6,1923,8,1872,14,1805,39,12,14,13,16,15,8,63,58,CONMEBOL,0,
1925,1925-12-31,Czechia,7,CZ,1890,3,1925,7,1878,10,1856,29,12,11,6,16,7,6,88,46,UEFA,0,
1925,1925-12-31,Sweden,8,SE,1883,5,1894,15,1673,29,1579,113,58,46,9,47,46,20,280,240,UEFA,0,
1925,1925-12-31,Austria,9,AT,1866,3,1917,8,1853,13,1785,101,46,50,5,43,39,19,210,206,UEFA,0,
1925,1925-12-31,Netherlands,12,NL,1824,3,2003,6,1905,15,1783,79,34,33,12,40,26,13,194,166,UEFA,0,
1925,1925-12-31,South Africa,14,ZA,1769,7,1847,11,1815,17,1769,13,6,7,0,3,10,0,22,41,CAF,0,
1925,1925-12-31,Belgium,15,BE,1761,5,1930,11,1794,17,1736,86,46,39,1,35,37,14,185,195,UEFA,0,
1925,1925-12-31,Paraguay,16,PY,1754,10,1864,14,1768,18,1747,38,11,15,12,11,21,6,40,68,CONMEBOL,0,
1925,1925-12-31,Switzerland,17,CH,1746,11,1795,20,1538,32,1485,67,32,29,6,21,33,13,108,155,UEFA,0,
1925,1925-12-31,Germany,20,DE,1707,11,1723,16,1666,25,1637,56,24,29,3,15,30,11,112,141,UEFA,0,
1925,1925-12-31,Mexico,21,MX,1701,16,1708,19,1701,23,1687,6,3,3,0,4,1,1,15,10,CONCACAF,1,
1925,1925-12-31,Egypt,22,EG,1692,16,1761,20,1680,25,1664,7,0,2,5,3,4,0,19,17,CAF,0,
1925,1925-12-31,Portugal,23,PT,1691,18,1698,21,1693,24,1683,5,3,2,0,1,4,0,3,10,UEFA,0,
1925,1925-12-31,United States,24,US,1690,13,1713,16,1702,25,1679,8,1,5,2,4,3,1,15,13,CONCACAF,1,
1925,1925-12-31,Curaçao,26,CW,1609,26,1609,26,1609,27,1609,1,0,1,0,1,0,0,4,0,CONCACAF,0,
1925,1925-12-31,Canada,29,CA,1602,26,1613,28,1605,29,1589,8,1,7,0,3,4,1,10,15,CONCACAF,1,
1925,1925-12-31,New Zealand,30,NZ,1572,30,1572,32,1559,35,1514,6,3,3,0,4,1,1,15,8,OFC,0,
1925,1925-12-31,Norway,33,NO,1554,19,1634,26,1451,34,1364,66,33,27,6,17,36,13,89,191,UEFA,0,
1925,1925-12-31,France,36,FR,1541,9,1640,19,1574,38,1517,69,34,31,4,18,45,6,112,261,UEFA,0,
1925,1925-12-31,Australia,38,AU,1528,30,1586,34,1558,38,1528,23,20,3,0,8,12,3,40,54,AFC,0,
1925,1925-12-31,Turkey,39,TR,1507,37,1541,39,1514,40,1491,11,4,6,1,5,5,1,21,22,UEFA,0,
1925,1925-12-31,Haiti,55,HT,1265,54,1290,55,1265,55,1265,3,3,0,0,0,3,0,1,6,CONCACAF,0,
1925,1925-12-31,Japan,56,JP,1129,30,1275,41,1173,56,1129,9,4,3,2,0,9,0,5,43,AFC,0,
1926,1926-12-31,Uruguay,1,UY,2032,1,2065,5,1926,10,1827,142,61,62,19,65,48,29,243,191,CONMEBOL,0,
1926,1926-12-31,Scotland,2,SQ,2021,1,2104,4,1958,11,1781,141,69,72,0,89,23,29,398,161,UEFA,0,
1926,1926-12-31,Spain,3,ES,2017,1,2036,1,2011,3,1963,21,7,9,5,17,3,1,40,12,UEFA,0,
1926,1926-12-31,Argentina,4,AR,1956,1,2026,3,1966,10,1855,159,78,65,16,76,46,37,289,198,CONMEBOL,0,
1926,1926-12-31,Brazil,5,BR,1923,5,1923,8,1876,14,1805,39,12,14,13,16,15,8,63,58,CONMEBOL,0,
1926,1926-12-31,Austria,6,AT,1913,3,1917,8,1855,13,1785,108,51,52,5,49,40,19,233,213,UEFA,0,
1926,1926-12-31,Czechia,7,CZ,1870,3,1925,7,1877,10,1852,37,15,16,6,19,11,7,106,62,UEFA,0,
1926,1926-12-31,England,9,EN,1855,1,2213,2,2006,10,1853,213,91,118,4,142,37,34,756,253,UEFA,0,
1926,1926-12-31,Sweden,12,SE,1820,5,1894,15,1684,29,1579,125,62,54,9,52,51,22,311,270,UEFA,0,
1926,1926-12-31,South Africa,13,ZA,1769,7,1847,11,1812,17,1769,13,6,7,0,3,10,0,22,41,CAF,0,
1926,1926-12-31,Netherlands,14,NL,1768,3,2003,6,1900,15,1768,85,37,36,12,41,30,14,206,183,UEFA,0,
1926,1926-12-31,Switzerland,16,CH,1735,11,1795,20,1547,32,1485,74,34,34,6,23,37,14,120,176,UEFA,0,
1926,1926-12-31,Germany,17,DE,1726,11,1739,16,1669,25,1637,60,27,30,3,17,31,12,124,151,UEFA,0,
1926,1926-12-31,Belgium,19,BE,1722,5,1930,11,1792,20,1722,93,50,42,1,36,41,16,201,215,UEFA,0,
1926,1926-12-31,Mexico,21,MX,1701,16,1708,20,1701,23,1687,6,3,3,0,4,1,1,15,10,CONCACAF,1,
1926,1926-12-31,United States,22,US,1699,13,1713,17,1701,25,1679,9,2,5,2,5,3,1,21,15,CONCACAF,1,
1926,1926-12-31,Egypt,23,EG,1692,16,1761,21,1682,25,1664,7,0,2,5,3,4,0,19,17,CAF,0,
1926,1926-12-31,Portugal,24,PT,1676,18,1698,21,1690,25,1674,7,4,3,0,1,5,1,8,17,UEFA,0,
1926,1926-12-31,Paraguay,25,PY,1647,10,1864,15,1764,25,1647,44,11,18,15,12,26,6,50,92,CONMEBOL,0,
1926,1926-12-31,France,29,FR,1597,9,1640,20,1574,38,1517,75,38,33,4,22,46,7,128,273,UEFA,0,
1926,1926-12-31,Canada,31,CA,1593,26,1613,28,1603,31,1589,9,1,8,0,3,5,1,12,21,CONCACAF,1,
1926,1926-12-31,New Zealand,33,NZ,1572,29,1572,32,1562,35,1514,6,3,3,0,4,1,1,15,8,OFC,0,
1926,1926-12-31,Curaçao,35,CW,1569,26,1609,29,1596,36,1569,6,0,6,0,2,2,2,9,7,CONCACAF,0,
1926,1926-12-31,Norway,36,NO,1566,19,1634,26,1457,37,1364,70,35,29,6,18,38,14,101,202,UEFA,0,
1926,1926-12-31,Australia,37,AU,1528,30,1586,35,1552,39,1528,23,20,3,0,8,12,3,40,54,AFC,0,
1926,1926-12-31,Turkey,44,TR,1464,37,1541,40,1504,44,1464,14,6,7,1,5,8,1,26,36,UEFA,0,
1926,1926-12-31,Haiti,57,HT,1280,54,1290,56,1276,57,1265,8,7,1,0,1,5,2,6,17,CONCACAF,0,
1926,1926-12-31,Japan,59,JP,1129,30,1275,43,1169,59,1129,9,4,3,2,0,9,0,5,43,AFC,0,
1927,1927-12-31,Uruguay,1,UY,2012,1,2065,5,1930,10,1827,148,62,65,21,69,50,29,262,197,CONMEBOL,0,
1927,1927-12-31,Argentina,2,AR,2007,1,2026,3,1966,10,1855,164,79,67,18,80,47,37,305,203,CONMEBOL,0,
1927,1927-12-31,Spain,3,ES,2003,1,2036,2,2010,3,1963,24,8,11,5,19,4,1,45,15,UEFA,0,
1927,1927-12-31,Scotland,4,SQ,1992,1,2104,4,1959,11,1781,144,70,74,0,90,24,30,403,165,UEFA,0,
1927,1927-12-31,Czechia,5,CZ,1932,3,1942,7,1879,10,1852,48,21,21,6,27,11,10,137,75,UEFA,0,
1927,1927-12-31,Brazil,6,BR,1923,5,1923,8,1879,14,1805,39,12,14,13,16,15,8,63,58,CONMEBOL,0,
1927,1927-12-31,Austria,7,AT,1898,3,1928,8,1857,13,1785,115,54,56,5,53,43,19,252,224,UEFA,0,
1927,1927-12-31,England,9,EN,1846,1,2213,2,2004,10,1846,220,92,124,4,146,39,35,782,264,UEFA,0,
1927,1927-12-31,Sweden,10,SE,1828,5,1894,14,1691,29,1579,134,67,58,9,57,53,24,347,281,UEFA,0,
1927,1927-12-31,Netherlands,14,NL,1772,3,2003,7,1894,15,1748,90,39,39,12,43,31,16,213,190,UEFA,0,
1927,1927-12-31,South Africa,15,ZA,1769,7,1847,11,1810,17,1769,13,6,7,0,3,10,0,22,41,CAF,0,
1927,1927-12-31,Germany,18,DE,1725,11,1739,16,1672,25,1637,63,29,31,3,18,32,13,133,158,UEFA,0,
1927,1927-12-31,Mexico,19,MX,1701,16,1708,20,1701,23,1687,6,3,3,0,4,1,1,15,10,CONCACAF,1,
1927,1927-12-31,United States,20,US,1699,13,1713,17,1701,25,1679,9,2,5,2,5,3,1,21,15,CONCACAF,1,
1927,1927-12-31,Switzerland,21,CH,1698,11,1795,20,1554,32,1485,78,37,35,6,23,40,15,124,188,UEFA,0,
1927,1927-12-31,Egypt,22,EG,1692,16,1761,21,1683,25,1664,7,0,2,5,3,4,0,19,17,CAF,0,
1927,1927-12-31,Belgium,23,BE,1689,5,1930,11,1788,23,1689,102,54,47,1,38,48,16,211,250,UEFA,0,
1927,1927-12-31,Portugal,24,PT,1678,18,1698,22,1688,25,1674,9,5,4,0,2,6,1,13,20,UEFA,0,
1927,1927-12-31,Paraguay,25,PY,1647,10,1864,16,1750,25,1647,44,11,18,15,12,26,6,50,92,CONMEBOL,0,
1927,1927-12-31,Canada,26,CA,1619,26,1619,28,1604,31,1589,13,1,12,0,5,6,2,20,26,CONCACAF,1,
1927,1927-12-31,Curaçao,34,CW,1569,26,1609,30,1589,36,1569,6,0,6,0,2,2,2,9,7,CONCACAF,0,
1927,1927-12-31,France,35,FR,1568,9,1640,20,1574,38,1517,80,41,35,4,22,50,8,133,303,UEFA,0,
1927,1927-12-31,Australia,37,AU,1559,30,1586,36,1550,39,1528,26,23,3,0,10,12,4,54,60,AFC,0,
1927,1927-12-31,New Zealand,38,NZ,1546,29,1572,33,1562,38,1514,10,7,3,0,5,3,2,20,16,OFC,0,
1927,1927-12-31,Norway,39,NO,1545,19,1634,27,1463,39,1364,75,38,31,6,19,42,14,110,218,UEFA,0,
1927,1927-12-31,Turkey,45,TR,1470,37,1541,41,1494,45,1463,16,7,8,1,6,8,2,32,40,UEFA,0,
1927,1927-12-31,Haiti,58,HT,1280,54,1290,56,1278,58,1265,8,7,1,0,1,5,2,6,17,CONCACAF,0,
1927,1927-12-31,Japan,60,JP,1157,30,1275,45,1166,60,1126,11,4,4,3,1,10,0,8,49,AFC,0,
1928,1928-12-31,Uruguay,1,UY,2053,1,2104,5,1934,10,1827,157,63,69,25,73,52,32,278,209,CONMEBOL,0,
1928,1928-12-31,Argentina,2,AR,2047,1,2059,3,1968,10,1855,172,80,69,23,84,48,40,333,213,CONMEBOL,0,
1928,1928-12-31,Scotland,3,SQ,2001,1,2104,4,1960,11,1781,147,72,75,0,92,25,30,412,169,UEFA,0,
1928,1928-12-31,Czechia,5,CZ,1944,3,1956,7,1881,10,1852,54,24,24,6,32,12,10,156,81,UEFA,0,
1928,1928-12-31,Austria,6,AT,1924,3,1928,8,1859,13,1785,122,57,60,5,57,44,21,271,236,UEFA,0,
1928,1928-12-31,Brazil,7,BR,1923,5,1923,8,1882,14,1805,39,12,14,13,16,15,8,63,58,CONMEBOL,0,
1928,1928-12-31,Spain,8,ES,1901,1,2036,2,2002,8,1901,29,9,12,8,20,5,4,57,27,UEFA,0,
1928,1928-12-31,England,10,EN,1868,1,2213,2,2001,12,1810,225,94,127,4,150,40,35,796,274,UEFA,0,
1928,1928-12-31,Sweden,12,SE,1814,5,1894,14,1697,29,1579,142,70,63,9,62,56,24,367,292,UEFA,0,
1928,1928-12-31,Germany,14,DE,1777,11,1786,16,1676,25,1637,69,30,34,5,22,34,13,145,167,UEFA,0,
1928,1928-12-31,South Africa,15,ZA,1769,7,1847,11,1808,17,1769,13,6,7,0,3,10,0,22,41,CAF,0,
1928,1928-12-31,Netherlands,18,NL,1720,3,2003,7,1888,19,1720,101,47,42,12,46,36,19,229,207,UEFA,0,
1928,1928-12-31,Portugal,19,PT,1716,17,1749,22,1691,25,1674,16,8,5,3,5,7,4,27,29,UEFA,0,
1928,1928-12-31,Egypt,20,EG,1698,16,1761,21,1685,25,1664,13,0,4,9,6,6,1,34,38,CAF,0,
1928,1928-12-31,Paraguay,21,PY,1681,10,1864,17,1741,25,1647,46,13,18,15,13,26,7,54,94,CONMEBOL,0,
1928,1928-12-31,United States,22,US,1672,13,1713,18,1699,25,1671,12,2,7,3,5,5,2,28,32,CONCACAF,1,
1928,1928-12-31,Belgium,23,BE,1652,5,1930,12,1783,24,1647,112,58,51,3,41,53,18,230,275,UEFA,0,
1928,1928-12-31,Canada,25,CA,1619,25,1619,28,1607,31,1589,13,1,12,0,5,6,2,20,26,CONCACAF,1,
1928,1928-12-31,Switzerland,26,CH,1616,11,1795,20,1558,32,1485,86,41,38,7,25,46,15,137,210,UEFA,0,
1928,1928-12-31,Mexico,27,MX,1613,16,1708,20,1693,27,1613,8,3,3,2,4,3,1,17,20,CONCACAF,1,
1928,1928-12-31,Curaçao,35,CW,1569,26,1609,31,1585,36,1569,6,0,6,0,2,2,2,9,7,CONCACAF,0,
1928,1928-12-31,Australia,37,AU,1550,30,1586,36,1551,39,1528,27,23,4,0,10,13,4,55,62,AFC,0,
1928,1928-12-31,Norway,38,NO,1546,19,1634,27,1467,39,1364,79,40,33,6,20,45,14,119,229,UEFA,0,
1928,1928-12-31,New Zealand,38,NZ,1546,29,1572,33,1559,39,1514,10,7,3,0,5,3,2,20,16,OFC,0,
1928,1928-12-31,France,40,FR,1545,9,1640,21,1573,40,1517,87,46,36,5,23,55,9,147,322,UEFA,0,
1928,1928-12-31,Turkey,48,TR,1433,37,1541,42,1485,48,1433,19,7,10,2,6,11,2,36,53,UEFA,0,
1928,1928-12-31,Haiti,59,HT,1280,54,1290,57,1278,59,1265,8,7,1,0,1,5,2,6,17,CONCACAF,0,
1928,1928-12-31,Japan,61,JP,1157,30,1275,46,1165,61,1126,11,4,4,3,1,10,0,8,49,AFC,0,
1929,1929-12-31,Argentina,1,AR,2081,1,2081,3,1972,10,1855,179,85,71,23,88,49,42,346,217,CONMEBOL,0,
1929,1929-12-31,Scotland,2,SQ,2050,1,2104,4,1961,11,1781,153,73,80,0,97,25,31,434,178,UEFA,0,
1929,1929-12-31,Uruguay,3,UY,1960,1,2104,5,1938,10,1827,164,65,72,27,75,55,34,285,219,CONMEBOL,0,
1929,1929-12-31,England,4,EN,1956,1,2213,2,1999,12,1810,236,95,137,4,159,42,35,835,286,UEFA,0,
1929,1929-12-31,Austria,5,AT,1955,3,1956,8,1862,13,1785,128,60,63,5,60,45,23,285,245,UEFA,0,
1929,1929-12-31,Brazil,7,BR,1923,5,1923,8,1885,14,1805,39,12,14,13,16,15,8,63,58,CONMEBOL,0,
1929,1929-12-31,Czechia,8,CZ,1921,3,1956,7,1882,10,1852,62,28,28,6,35,14,13,179,98,UEFA,0,
1929,1929-12-31,Spain,9,ES,1917,1,2036,3,1993,9,1901,32,12,12,8,23,5,4,74,31,UEFA,0,
1929,1929-12-31,Germany,12,DE,1821,11,1821,16,1682,25,1637,74,34,35,5,26,34,14,162,170,UEFA,0,
1929,1929-12-31,Sweden,14,SE,1807,5,1894,14,1703,29,1579,149,75,65,9,67,58,24,394,303,UEFA,0,
1929,1929-12-31,Paraguay,15,PY,1777,10,1864,17,1737,25,1647,49,13,19,17,15,27,7,63,98,CONMEBOL,0,
1929,1929-12-31,South Africa,16,ZA,1737,7,1847,11,1806,17,1737,16,9,7,0,3,13,0,26,49,CAF,0,
1929,1929-12-31,Egypt,18,EG,1698,16,1761,21,1686,25,1664,13,0,4,9,6,6,1,34,38,CAF,0,
1929,1929-12-31,Portugal,19,PT,1688,17,1749,21,1692,25,1674,19,8,8,3,5,10,4,28,42,UEFA,0,
1929,1929-12-31,United States,21,US,1672,13,1713,18,1697,25,1671,12,2,7,3,5,5,2,28,32,CONCACAF,1,
1929,1929-12-31,Netherlands,22,NL,1670,3,2003,8,1880,22,1663,108,51,45,12,48,40,20,241,228,UEFA,0,
1929,1929-12-31,Norway,23,NO,1650,19,1650,27,1472,39,1364,85,44,35,6,24,46,15,141,244,UEFA,0,
1929,1929-12-31,Belgium,24,BE,1648,5,1930,12,1778,24,1637,117,61,53,3,43,56,18,238,287,UEFA,0,
1929,1929-12-31,Canada,26,CA,1619,25,1619,27,1609,31,1589,13,1,12,0,5,6,2,20,26,CONCACAF,1,
1929,1929-12-31,Mexico,27,MX,1613,16,1708,21,1681,28,1613,8,3,3,2,4,3,1,17,20,CONCACAF,1,
1929,1929-12-31,Curaçao,34,CW,1569,26,1609,32,1582,36,1569,6,0,6,0,2,2,2,9,7,CONCACAF,0,
1929,1929-12-31,Switzerland,35,CH,1557,11,1795,21,1559,36,1485,92,44,41,7,25,52,15,146,237,UEFA,0,
1929,1929-12-31,Australia,36,AU,1550,30,1586,36,1551,39,1528,27,23,4,0,10,13,4,55,62,AFC,0,
1929,1929-12-31,France,37,FR,1547,9,1640,22,1573,40,1517,93,50,38,5,25,59,9,156,341,UEFA,0,
1929,1929-12-31,New Zealand,38,NZ,1546,29,1572,34,1557,39,1514,10,7,3,0,5,3,2,20,16,OFC,0,
1929,1929-12-31,Turkey,49,TR,1433,37,1541,43,1477,49,1433,19,7,10,2,6,11,2,36,53,UEFA,0,
1929,1929-12-31,Haiti,61,HT,1280,54,1290,58,1279,61,1265,8,7,1,0,1,5,2,6,17,CONCACAF,0,
1929,1929-12-31,Japan,63,JP,1157,30,1275,47,1164,63,1126,11,4,4,3,1,10,0,8,49,AFC,0,
1930,1930-12-31,Argentina,1,AR,2060,1,2106,3,1975,10,1855,186,87,72,27,93,50,43,368,228,CONMEBOL,0,
1930,1930-12-31,Uruguay,2,UY,2034,1,2104,5,1940,10,1827,169,69,73,27,79,55,35,301,223,CONMEBOL,0,
1930,1930-12-31,England,3,EN,2017,1,2213,2,1999,12,1810,241,97,140,4,162,42,37,852,292,UEFA,0,
1930,1930-12-31,Scotland,4,SQ,2006,1,2104,4,1962,11,1781,157,75,82,0,99,26,32,442,185,UEFA,0,
1930,1930-12-31,Spain,6,ES,1932,1,2036,3,1986,9,1901,36,13,15,8,26,6,4,79,35,UEFA,0,
1930,1930-12-31,Austria,6,AT,1932,3,1956,8,1865,13,1785,133,63,65,5,61,47,25,294,253,UEFA,0,
1930,1930-12-31,Czechia,8,CZ,1915,3,1956,7,1883,10,1852,70,31,33,6,38,16,16,191,108,UEFA,0,
1930,1930-12-31,Brazil,9,BR,1885,5,1923,8,1886,14,1805,44,15,14,15,20,16,8,79,66,CONMEBOL,0,
1930,1930-12-31,Germany,13,DE,1814,11,1821,16,1687,25,1637,80,38,37,5,28,36,16,179,185,UEFA,0,
1930,1930-12-31,Sweden,14,SE,1761,5,1894,14,1707,29,1579,158,78,71,9,71,61,26,419,326,UEFA,0,
1930,1930-12-31,United States,14,US,1761,13,1784,18,1698,25,1671,16,2,8,6,7,7,2,38,42,CONCACAF,1,
1930,1930-12-31,Paraguay,16,PY,1737,10,1864,17,1738,25,1647,51,13,19,19,16,28,7,64,101,CONMEBOL,0,
1930,1930-12-31,South Africa,16,ZA,1737,7,1847,12,1803,17,1737,16,9,7,0,3,13,0,26,49,CAF,0,
1930,1930-12-31,Egypt,19,EG,1698,16,1761,20,1688,25,1664,13,0,4,9,6,6,1,34,38,CAF,0,
1930,1930-12-31,Portugal,20,PT,1692,17,1749,21,1693,25,1674,23,11,9,3,7,12,4,32,45,UEFA,0,
1930,1930-12-31,Norway,22,NO,1680,19,1680,27,1481,39,1364,90,47,37,6,27,47,16,155,253,UEFA,0,
1930,1930-12-31,Canada,28,CA,1619,25,1619,27,1611,31,1589,13,1,12,0,5,6,2,20,26,CONCACAF,1,
1930,1930-12-31,Netherlands,29,NL,1615,3,2003,8,1871,29,1615,114,53,49,12,48,44,22,251,250,UEFA,0,
1930,1930-12-31,Belgium,30,BE,1604,5,1930,13,1772,32,1589,129,68,56,5,47,61,21,263,309,UEFA,0,
1930,1930-12-31,France,33,FR,1573,9,1640,22,1572,40,1514,105,55,41,9,28,66,11,176,368,UEFA,0,
1930,1930-12-31,Curaçao,34,CW,1571,26,1609,32,1580,36,1569,7,1,6,0,3,2,2,11,8,CONCACAF,0,
1930,1930-12-31,Switzerland,35,CH,1557,11,1795,21,1558,40,1485,99,47,45,7,26,56,17,159,258,UEFA,0,
1930,1930-12-31,Australia,37,AU,1550,30,1586,36,1551,39,1528,27,23,4,0,10,13,4,55,62,AFC,0,
1930,1930-12-31,New Zealand,38,NZ,1546,29,1572,34,1556,39,1514,10,7,3,0,5,3,2,20,16,OFC,0,
1930,1930-12-31,Mexico,40,MX,1498,16,1708,23,1666,40,1498,11,3,3,5,4,6,1,21,33,CONCACAF,1,
1930,1930-12-31,Turkey,48,TR,1433,37,1541,44,1471,50,1433,19,7,10,2,6,11,2,36,53,UEFA,0,
1930,1930-12-31,Haiti,63,HT,1280,54,1290,58,1279,63,1265,8,7,1,0,1,5,2,6,17,CONCACAF,0,
1930,1930-12-31,Japan,66,JP,1215,30,1275,49,1166,66,1126,13,6,4,3,2,10,1,18,54,AFC,0,
1931,1931-12-31,Argentina,1,AR,2049,1,2106,3,1978,10,1855,190,89,74,27,95,50,45,374,231,CONMEBOL,0,
1931,1931-12-31,Uruguay,2,UY,2008,1,2104,4,1943,10,1827,170,69,74,27,79,56,35,301,225,CONMEBOL,0,
1931,1931-12-31,England,3,EN,2007,1,2213,2,1999,12,1810,247,99,144,4,166,44,37,874,304,UEFA,0,
1931,1931-12-31,Scotland,4,SQ,2004,1,2104,4,1963,11,1781,164,77,87,0,103,28,33,453,198,UEFA,0,
1931,1931-12-31,Austria,6,AT,1982,3,1982,8,1868,13,1785,142,68,69,5,67,48,27,325,259,UEFA,0,
1931,1931-12-31,Spain,7,ES,1923,1,2036,3,1981,9,1901,40,15,17,8,27,7,6,86,43,UEFA,0,
1931,1931-12-31,Brazil,8,BR,1911,5,1923,8,1887,14,1805,45,16,14,15,21,16,8,81,66,CONMEBOL,0,
1931,1931-12-31,Czechia,9,CZ,1891,3,1956,7,1884,10,1852,78,33,39,6,41,19,18,211,124,UEFA,0,
1931,1931-12-31,Germany,12,DE,1786,11,1821,16,1692,25,1637,87,40,42,5,29,39,19,186,202,UEFA,0,
1931,1931-12-31,Sweden,13,SE,1762,5,1894,14,1709,29,1579,165,83,73,9,75,63,27,441,335,UEFA,0,
1931,1931-12-31,United States,14,US,1761,13,1784,18,1703,25,1671,16,2,8,6,7,7,2,38,42,CONCACAF,1,
1931,1931-12-31,Paraguay,16,PY,1748,10,1864,17,1739,25,1647,55,15,21,19,16,30,9,67,107,CONMEBOL,0,
1931,1931-12-31,South Africa,17,ZA,1737,7,1847,12,1801,17,1737,16,9,7,0,3,13,0,26,49,CAF,0,
1931,1931-12-31,Egypt,19,EG,1698,16,1761,20,1688,25,1664,13,0,4,9,6,6,1,34,38,CAF,0,
1931,1931-12-31,Portugal,20,PT,1689,17,1749,21,1692,25,1674,25,13,9,3,8,13,4,35,49,UEFA,0,
1931,1931-12-31,Norway,21,NO,1682,19,1682,27,1489,39,1364,94,49,39,6,28,48,18,164,263,UEFA,0,
1931,1931-12-31,Netherlands,26,NL,1644,3,2003,9,1862,31,1606,119,55,52,12,51,45,23,263,260,UEFA,0,
1931,1931-12-31,Canada,29,CA,1619,25,1619,27,1612,31,1589,13,1,12,0,5,6,2,20,26,CONCACAF,1,
1931,1931-12-31,Belgium,30,BE,1616,5,1930,13,1766,32,1589,135,72,58,5,50,64,21,276,323,UEFA,0,
1931,1931-12-31,France,31,FR,1599,9,1640,23,1573,40,1514,110,59,42,9,30,69,11,186,381,UEFA,0,
1931,1931-12-31,Curaçao,34,CW,1573,26,1609,33,1579,36,1569,8,2,6,0,4,2,2,12,8,CONCACAF,0,
1931,1931-12-31,Australia,37,AU,1550,30,1586,36,1551,39,1528,27,23,4,0,10,13,4,55,62,AFC,0,
1931,1931-12-31,New Zealand,38,NZ,1546,29,1572,35,1555,39,1514,10,7,3,0,5,3,2,20,16,OFC,0,
1931,1931-12-31,Switzerland,39,CH,1535,11,1795,22,1558,40,1485,106,50,49,7,26,62,18,169,287,UEFA,0,
1931,1931-12-31,Mexico,43,MX,1498,16,1708,25,1647,44,1498,11,3,3,5,4,6,1,21,33,CONCACAF,1,
1931,1931-12-31,Turkey,51,TR,1432,37,1541,45,1466,55,1383,23,7,13,3,7,14,2,41,63,UEFA,0,
1931,1931-12-31,Haiti,65,HT,1280,54,1290,59,1279,65,1265,8,7,1,0,1,5,2,6,17,CONCACAF,0,
1931,1931-12-31,Japan,68,JP,1215,30,1275,50,1170,68,1126,13,6,4,3,2,10,1,18,54,AFC,0,
1932,1932-12-31,Argentina,1,AR,2049,1,2106,3,1980,10,1855,192,90,75,27,96,51,45,376,232,CONMEBOL,0,
1932,1932-12-31,England,2,EN,2031,1,2213,2,1999,12,1810,251,102,145,4,169,44,38,882,307,UEFA,0,
1932,1932-12-31,Austria,3,AT,2017,3,2018,8,1872,13,1785,150,71,74,5,73,49,28,355,274,UEFA,0,
1932,1932-12-31,Uruguay,4,UY,1985,1,2104,4,1945,10,1827,173,71,75,27,80,58,35,303,229,CONMEBOL,0,
1932,1932-12-31,Scotland,6,SQ,1939,1,2104,4,1963,11,1781,168,78,90,0,105,30,33,462,207,UEFA,0,
1932,1932-12-31,Brazil,7,BR,1934,5,1934,8,1888,14,1805,46,16,15,15,22,16,8,83,67,CONMEBOL,0,
1932,1932-12-31,Spain,8,ES,1924,1,2036,4,1976,9,1901,41,16,17,8,28,7,6,88,44,UEFA,0,
1932,1932-12-31,Czechia,10,CZ,1834,3,1956,7,1882,11,1808,85,37,42,6,44,22,19,221,138,UEFA,0,
1932,1932-12-31,Germany,12,DE,1770,11,1821,16,1696,25,1637,92,43,44,5,32,41,19,197,210,UEFA,0,
1932,1932-12-31,United States,13,US,1761,13,1784,17,1706,25,1671,16,2,8,6,7,7,2,38,42,CONCACAF,1,
1932,1932-12-31,Paraguay,15,PY,1748,10,1864,17,1739,25,1647,55,15,21,19,16,30,9,67,107,CONMEBOL,0,
1932,1932-12-31,South Africa,17,ZA,1737,7,1847,12,1798,17,1737,16,9,7,0,3,13,0,26,49,CAF,0,
1932,1932-12-31,Norway,18,NO,1708,17,1727,27,1498,39,1364,98,52,40,6,31,49,18,174,267,UEFA,0,
1932,1932-12-31,Egypt,19,EG,1699,16,1761,20,1689,25,1664,14,1,4,9,6,6,2,34,38,CAF,0,
1932,1932-12-31,Portugal,20,PT,1693,17,1749,21,1692,25,1674,26,14,9,3,9,13,4,38,51,UEFA,0,
1932,1932-12-31,Sweden,20,SE,1693,5,1894,14,1710,29,1579,177,88,80,9,80,69,28,474,359,UEFA,0,
1932,1932-12-31,Algeria,22,DZ,1690,22,1690,22,1690,22,1690,1,0,1,0,0,1,0,0,1,CAF,0,
1932,1932-12-31,Netherlands,24,NL,1678,3,2003,10,1854,31,1606,126,59,55,12,55,48,23,277,271,UEFA,0,
1932,1932-12-31,Switzerland,29,CH,1637,11,1795,22,1560,40,1485,113,54,52,7,29,65,19,183,301,UEFA,0,
1932,1932-12-31,Canada,30,CA,1619,25,1619,28,1613,31,1589,13,1,12,0,5,6,2,20,26,CONCACAF,1,
1932,1932-12-31,Tunisia,31,TN,1610,31,1610,31,1610,31,1610,1,1,0,0,1,0,0,1,0,CAF,0,
1932,1932-12-31,Belgium,32,BE,1595,5,1930,14,1761,32,1589,143,76,62,5,53,69,21,294,348,UEFA,0,
1932,1932-12-31,France,36,FR,1573,9,1640,23,1573,40,1514,117,61,47,9,31,74,12,202,405,UEFA,0,
1932,1932-12-31,Curaçao,36,CW,1573,26,1609,33,1579,36,1569,8,2,6,0,4,2,2,12,8,CONCACAF,0,
1932,1932-12-31,Australia,40,AU,1550,30,1586,36,1551,40,1528,27,23,4,0,10,13,4,55,62,AFC,0,
1932,1932-12-31,New Zealand,41,NZ,1546,29,1572,35,1554,41,1514,10,7,3,0,5,3,2,20,16,OFC,0,
1932,1932-12-31,Mexico,47,MX,1498,16,1708,27,1632,47,1498,11,3,3,5,4,6,1,21,33,CONCACAF,1,
1932,1932-12-31,Turkey,58,TR,1382,37,1541,45,1461,58,1382,28,12,13,3,7,18,3,47,76,UEFA,0,
1932,1932-12-31,Haiti,65,HT,1290,54,1300,60,1280,67,1265,10,9,1,0,2,6,2,10,19,CONCACAF,0,
1932,1932-12-31,Japan,72,JP,1215,30,1275,51,1173,72,1126,13,6,4,3,2,10,1,18,54,AFC,0,
1933,1933-12-31,Argentina,1,AR,2062,1,2106,3,1982,10,1855,195,91,77,27,98,52,45,382,235,CONMEBOL,0,
1933,1933-12-31,England,3,EN,2002,1,2213,2,1999,12,1810,257,104,149,4,172,46,39,896,313,UEFA,0,
1933,1933-12-31,Austria,4,AT,2000,2,2022,8,1876,13,1785,158,74,79,5,76,50,32,373,285,UEFA,0,
1933,1933-12-31,Uruguay,5,UY,1972,1,2104,4,1946,10,1827,176,73,76,27,81,60,35,306,235,CONMEBOL,0,
1933,1933-12-31,Brazil,6,BR,1934,5,1934,8,1890,14,1805,46,16,15,15,22,16,8,83,67,CONMEBOL,0,
1933,1933-12-31,Spain,7,ES,1910,1,2036,4,1971,9,1901,45,18,19,8,30,8,7,105,46,UEFA,0,
1933,1933-12-31,Scotland,8,SQ,1899,1,2104,4,1963,11,1781,172,81,91,0,106,32,34,469,215,UEFA,0,
1933,1933-12-31,Czechia,10,CZ,1837,3,1956,7,1881,11,1808,92,39,47,6,47,25,20,233,149,UEFA,0,
1933,1933-12-31,Germany,13,DE,1779,11,1821,15,1698,25,1637,98,47,46,5,35,42,21,214,219,UEFA,0,
1933,1933-12-31,United States,14,US,1761,12,1784,17,1709,25,1671,16,2,8,6,7,7,2,38,42,CONCACAF,1,
1933,1933-12-31,Paraguay,16,PY,1748,10,1864,17,1740,25,1647,55,15,21,19,16,30,9,67,107,CONMEBOL,0,
1933,1933-12-31,South Africa,17,ZA,1737,7,1847,12,1796,17,1737,16,9,7,0,3,13,0,26,49,CAF,0,
1933,1933-12-31,Sweden,18,SE,1723,5,1894,14,1710,29,1579,184,92,83,9,85,70,29,493,367,UEFA,0,
1933,1933-12-31,Norway,19,NO,1716,17,1732,26,1506,39,1364,102,53,43,6,32,50,20,183,273,UEFA,0,
1933,1933-12-31,Portugal,20,PT,1699,17,1749,21,1693,25,1674,28,15,10,3,10,14,4,39,54,UEFA,0,
1933,1933-12-31,Egypt,20,EG,1699,16,1761,20,1690,25,1664,14,1,4,9,6,6,2,34,38,CAF,0,
1933,1933-12-31,Algeria,25,DZ,1664,21,1690,22,1687,25,1664,2,1,1,0,0,2,0,0,4,CAF,0,
1933,1933-12-31,Netherlands,26,NL,1658,3,2003,10,1847,31,1606,132,64,56,12,57,52,23,288,284,UEFA,0,
1933,1933-12-31,Australia,28,AU,1650,28,1650,36,1554,41,1528,34,26,8,0,17,13,4,87,76,AFC,0,
1933,1933-12-31,Tunisia,30,TN,1636,30,1636,31,1613,33,1610,2,1,1,0,2,0,0,4,0,CAF,0,
1933,1933-12-31,Canada,32,CA,1619,25,1619,28,1613,33,1589,13,1,12,0,5,6,2,20,26,CONCACAF,1,
1933,1933-12-31,Switzerland,33,CH,1607,11,1795,23,1562,40,1485,123,60,56,7,31,70,22,198,326,UEFA,0,
1933,1933-12-31,France,35,FR,1599,9,1640,23,1574,40,1514,124,65,50,9,33,77,14,211,421,UEFA,0,
1933,1933-12-31,Belgium,37,BE,1588,5,1930,15,1755,38,1566,152,79,68,5,55,74,23,307,375,UEFA,0,
1933,1933-12-31,Curaçao,37,CW,1588,26,1609,33,1578,41,1569,10,2,8,0,6,2,2,17,9,CONCACAF,0,
1933,1933-12-31,New Zealand,46,NZ,1503,29,1572,36,1551,46,1503,13,7,6,0,5,6,2,28,30,OFC,0,
1933,1933-12-31,Mexico,47,MX,1498,16,1708,29,1620,48,1498,11,3,3,5,4,6,1,21,33,CONCACAF,1,
1933,1933-12-31,Turkey,60,TR,1398,37,1541,47,1454,60,1382,29,12,14,3,8,18,3,49,77,UEFA,0,
1933,1933-12-31,Haiti,65,HT,1290,54,1300,61,1281,67,1265,10,9,1,0,2,6,2,10,19,CONCACAF,0,
1933,1933-12-31,Japan,74,JP,1215,30,1275,52,1175,74,1126,13,6,4,3,2,10,1,18,54,AFC,0,
1934,1934-12-31,England,2,EN,2031,1,2213,2,2000,12,1810,262,106,152,4,175,48,39,908,319,UEFA,0,
1934,1934-12-31,Argentina,3,AR,2018,1,2106,3,1984,10,1855,198,92,78,28,99,53,46,387,240,CONMEBOL,0,
1934,1934-12-31,Spain,4,ES,1969,1,2036,4,1970,9,1901,50,19,22,9,33,9,8,120,50,UEFA,0,
1934,1934-12-31,Uruguay,5,UY,1964,1,2104,4,1947,10,1827,178,74,77,27,81,61,36,308,238,CONMEBOL,0,
1934,1934-12-31,Austria,6,AT,1957,1,2070,7,1880,13,1785,169,78,83,8,83,53,33,404,304,UEFA,0,
1934,1934-12-31,Czechia,7,CZ,1907,3,1956,7,1881,11,1808,102,42,51,9,53,26,23,255,164,UEFA,0,
1934,1934-12-31,Germany,9,DE,1878,8,1878,15,1704,25,1637,106,48,49,9,42,43,21,247,233,UEFA,0,
1934,1934-12-31,Scotland,10,SQ,1868,1,2104,4,1961,11,1781,175,82,93,0,107,34,34,473,222,UEFA,0,
1934,1934-12-31,Brazil,11,BR,1859,5,1934,8,1890,14,1805,48,16,16,16,22,18,8,88,78,CONMEBOL,0,
1934,1934-12-31,United States,14,US,1758,12,1784,17,1712,25,1671,18,2,9,7,8,8,2,43,51,CONCACAF,1,
1934,1934-12-31,Sweden,15,SE,1756,5,1894,14,1712,29,1579,191,95,85,11,89,72,30,516,385,UEFA,0,
1934,1934-12-31,Paraguay,16,PY,1748,10,1864,16,1741,25,1647,55,15,21,19,16,30,9,67,107,CONMEBOL,0,
1934,1934-12-31,Norway,17,NO,1743,17,1743,26,1514,39,1364,105,55,44,6,34,50,21,193,279,UEFA,0,
1934,1934-12-31,Netherlands,19,NL,1687,3,2003,11,1841,31,1606,138,67,58,13,61,54,23,316,301,UEFA,0,
1934,1934-12-31,South Africa,21,ZA,1677,7,1847,12,1793,21,1677,19,12,7,0,3,16,0,27,55,CAF,0,
1934,1934-12-31,Egypt,21,EG,1677,16,1761,20,1690,25,1664,18,2,6,10,8,7,3,49,46,CAF,0,
1934,1934-12-31,Portugal,23,PT,1673,17,1749,21,1692,25,1673,30,16,11,3,10,16,4,40,65,UEFA,0,
1934,1934-12-31,Algeria,25,DZ,1660,21,1690,23,1676,25,1660,3,2,1,0,0,2,1,2,6,CAF,0,
1934,1934-12-31,Australia,26,AU,1650,25,1650,35,1562,41,1528,34,26,8,0,17,13,4,87,76,AFC,0,
1934,1934-12-31,Tunisia,28,TN,1640,28,1640,31,1624,33,1610,3,1,2,0,2,0,1,6,2,CAF,0,
1934,1934-12-31,France,30,FR,1627,9,1640,24,1575,40,1514,131,68,53,10,37,80,14,231,436,UEFA,0,
1934,1934-12-31,Switzerland,32,CH,1624,11,1795,23,1564,40,1485,130,63,58,9,33,74,23,210,343,UEFA,0,
1934,1934-12-31,Canada,34,CA,1619,25,1619,28,1614,35,1589,13,1,12,0,5,6,2,20,26,CONCACAF,1,
1934,1934-12-31,Curaçao,36,CW,1595,26,1609,34,1580,41,1569,13,5,8,0,8,2,3,25,14,CONCACAF,0,
1934,1934-12-31,Mexico,39,MX,1580,16,1708,30,1616,48,1498,15,6,3,6,7,7,1,35,40,CONCACAF,1,
1934,1934-12-31,Belgium,44,BE,1529,5,1930,16,1748,44,1529,158,82,70,6,56,78,24,324,401,UEFA,0,
1934,1934-12-31,New Zealand,48,NZ,1503,29,1572,37,1548,48,1503,13,7,6,0,5,6,2,28,30,OFC,0,
1934,1934-12-31,Turkey,62,TR,1391,37,1541,48,1449,62,1382,31,12,16,3,8,20,3,53,83,UEFA,0,
1934,1934-12-31,Haiti,71,HT,1279,54,1300,61,1281,71,1265,13,12,1,0,2,8,3,12,29,CONCACAF,0,
1934,1934-12-31,Japan,77,JP,1225,30,1275,54,1178,77,1126,16,6,5,5,3,12,1,26,68,AFC,0,
1935,1935-12-31,England,2,EN,2010,1,2213,2,2000,12,1810,268,108,156,4,179,50,39,919,327,UEFA,0,
1935,1935-12-31,Argentina,2,AR,2010,1,2106,3,1984,10,1855,203,93,80,30,102,54,47,399,246,CONMEBOL,0,
1935,1935-12-31,Uruguay,4,UY,1999,1,2104,4,1949,10,1827,183,75,79,29,84,62,37,315,243,CONMEBOL,0,
1935,1935-12-31,Spain,5,ES,1977,1,2036,4,1970,9,1901,53,20,24,9,35,9,9,127,54,UEFA,0,
1935,1935-12-31,Scotland,6,SQ,1922,1,2104,4,1960,11,1781,179,85,94,0,110,34,35,482,226,UEFA,0,
1935,1935-12-31,Czechia,7,CZ,1903,3,1956,7,1881,11,1808,108,45,54,9,55,28,25,261,169,UEFA,0,
1935,1935-12-31,Austria,8,AT,1892,1,2070,7,1882,13,1785,175,81,86,8,84,56,35,416,319,UEFA,0,
1935,1935-12-31,Germany,9,DE,1888,7,1907,15,1710,25,1637,123,58,56,9,55,46,22,295,252,UEFA,0,
1935,1935-12-31,Brazil,11,BR,1859,5,1934,8,1889,14,1805,48,16,16,16,22,18,8,88,78,CONMEBOL,0,
1935,1935-12-31,Sweden,14,SE,1765,5,1894,14,1714,29,1579,200,99,90,11,95,74,31,539,398,UEFA,0,
1935,1935-12-31,United States,15,US,1758,12,1784,17,1714,25,1671,18,2,9,7,8,8,2,43,51,CONCACAF,1,
1935,1935-12-31,Paraguay,16,PY,1748,10,1864,16,1741,25,1647,55,15,21,19,16,30,9,67,107,CONMEBOL,0,
1935,1935-12-31,Mexico,17,MX,1739,16,1739,29,1622,48,1498,21,6,4,11,13,7,1,66,46,CONCACAF,1,
1935,1935-12-31,Netherlands,18,NL,1713,3,2003,11,1836,31,1606,145,72,60,13,65,57,23,334,313,UEFA,0,
1935,1935-12-31,Norway,19,NO,1708,16,1748,26,1522,39,1364,110,57,47,6,35,53,22,199,286,UEFA,0,
1935,1935-12-31,Switzerland,20,CH,1684,11,1795,23,1568,40,1485,138,67,62,9,37,77,24,225,361,UEFA,0,
1935,1935-12-31,Portugal,22,PT,1678,17,1749,21,1691,25,1673,31,17,11,3,10,16,5,43,68,UEFA,0,
1935,1935-12-31,South Africa,23,ZA,1677,7,1847,13,1789,23,1677,19,12,7,0,3,16,0,27,55,CAF,0,
1935,1935-12-31,Egypt,23,EG,1677,16,1761,20,1689,25,1664,18,2,6,10,8,7,3,49,46,CAF,0,
1935,1935-12-31,Tunisia,28,TN,1660,27,1660,30,1630,33,1610,4,1,3,0,3,0,1,10,4,CAF,0,
1935,1935-12-31,Australia,29,AU,1650,25,1650,35,1568,41,1528,34,26,8,0,17,13,4,87,76,AFC,0,
1935,1935-12-31,France,30,FR,1648,9,1648,24,1577,40,1514,138,71,57,10,39,84,15,239,446,UEFA,0,
1935,1935-12-31,Algeria,31,DZ,1640,21,1690,25,1670,31,1640,4,3,1,0,0,3,1,4,10,CAF,0,
1935,1935-12-31,Canada,33,CA,1619,25,1619,29,1614,35,1589,13,1,12,0,5,6,2,20,26,CONCACAF,1,
1935,1935-12-31,Curaçao,39,CW,1574,26,1611,34,1579,41,1561,21,9,12,0,13,5,3,39,24,CONCACAF,0,
1935,1935-12-31,Belgium,43,BE,1534,5,1930,17,1741,49,1504,164,87,71,6,57,81,26,335,417,UEFA,0,
1935,1935-12-31,New Zealand,50,NZ,1503,29,1572,38,1544,50,1503,13,7,6,0,5,6,2,28,30,OFC,0,
1935,1935-12-31,Turkey,62,TR,1371,37,1541,49,1444,62,1369,37,18,16,3,8,23,6,65,98,UEFA,0,
1935,1935-12-31,Haiti,72,HT,1279,54,1300,62,1281,72,1265,13,12,1,0,2,8,3,12,29,CONCACAF,0,
1935,1935-12-31,Japan,78,JP,1225,30,1275,55,1180,78,1126,16,6,5,5,3,12,1,26,68,AFC,0,
1936,1936-12-31,Argentina,2,AR,2011,1,2106,3,1985,10,1855,206,95,81,30,104,55,47,403,249,CONMEBOL,0,
1936,1936-12-31,Uruguay,3,UY,2001,1,2104,4,1950,10,1827,185,76,80,29,85,63,37,317,245,CONMEBOL,0,
1936,1936-12-31,Spain,4,ES,1947,1,2036,4,1969,9,1901,57,22,26,9,36,12,9,134,62,UEFA,0,
1936,1936-12-31,England,5,EN,1938,1,2213,2,1999,12,1810,275,112,159,4,181,54,40,934,340,UEFA,0,
1936,1936-12-31,Czechia,6,CZ,1931,3,1956,7,1883,11,1808,114,48,57,9,58,30,26,272,176,UEFA,0,
1936,1936-12-31,Scotland,7,SQ,1924,1,2104,4,1960,11,1781,183,87,96,0,112,35,36,489,230,UEFA,0,
1936,1936-12-31,Austria,8,AT,1900,1,2070,7,1882,13,1785,183,84,91,8,88,58,37,438,340,UEFA,0,
1936,1936-12-31,Brazil,10,BR,1867,5,1934,8,1888,14,1805,49,16,16,17,23,18,8,91,80,CONMEBOL,0,
1936,1936-12-31,Germany,13,DE,1816,7,1913,15,1716,25,1637,134,62,63,9,60,50,24,325,272,UEFA,0,
1936,1936-12-31,Paraguay,14,PY,1748,10,1864,16,1741,25,1647,55,15,21,19,16,30,9,67,107,CONMEBOL,0,
1936,1936-12-31,Norway,14,NO,1748,14,1794,25,1530,39,1364,120,60,51,9,39,57,24,220,305,UEFA,0,
1936,1936-12-31,United States,14,US,1748,12,1784,17,1716,25,1671,19,2,9,8,8,9,2,43,52,CONCACAF,1,
1936,1936-12-31,Mexico,17,MX,1739,16,1739,28,1631,48,1498,21,6,4,11,13,7,1,66,46,CONCACAF,1,
1936,1936-12-31,Netherlands,18,NL,1726,3,2003,11,1833,31,1606,150,75,62,13,67,58,25,352,319,UEFA,0,
1936,1936-12-31,Australia,20,AU,1721,18,1721,34,1576,41,1528,37,26,11,0,20,13,4,108,78,AFC,0,
1936,1936-12-31,Sweden,21,SE,1709,5,1894,15,1715,29,1579,206,102,92,12,98,77,31,556,412,UEFA,0,
1936,1936-12-31,South Africa,22,ZA,1677,7,1847,13,1785,23,1677,19,12,7,0,3,16,0,27,55,CAF,0,
1936,1936-12-31,Portugal,24,PT,1662,17,1749,21,1689,26,1662,33,19,11,3,10,18,5,46,74,UEFA,0,
1936,1936-12-31,Tunisia,25,TN,1660,25,1660,29,1637,33,1610,4,1,3,0,3,0,1,10,4,CAF,0,
1936,1936-12-31,Egypt,27,EG,1646,16,1761,21,1687,30,1646,20,4,6,10,9,8,3,54,52,CAF,0,
1936,1936-12-31,Algeria,30,DZ,1640,21,1690,26,1663,31,1640,4,3,1,0,0,3,1,4,10,CAF,0,
1936,1936-12-31,Switzerland,31,CH,1639,11,1795,23,1571,40,1485,146,71,66,9,38,83,25,234,380,UEFA,0,
1936,1936-12-31,France,32,FR,1633,9,1648,24,1578,40,1514,142,75,57,10,41,86,15,244,455,UEFA,0,
1936,1936-12-31,Canada,34,CA,1619,25,1619,29,1615,35,1589,13,1,12,0,5,6,2,20,26,CONCACAF,1,
1936,1936-12-31,Curaçao,40,CW,1572,26,1611,34,1579,41,1561,23,10,13,0,14,6,3,43,29,CONCACAF,0,
1936,1936-12-31,Belgium,45,BE,1531,5,1930,17,1734,49,1503,170,90,74,6,58,84,28,340,434,UEFA,0,
1936,1936-12-31,New Zealand,58,NZ,1432,29,1572,39,1539,58,1432,16,10,6,0,5,9,2,30,51,OFC,0,
1936,1936-12-31,Turkey,63,TR,1364,37,1541,50,1438,63,1364,40,20,16,4,8,24,8,71,108,UEFA,0,
1936,1936-12-31,Japan,75,JP,1280,30,1282,56,1184,80,1126,18,6,5,7,4,13,1,29,78,AFC,0,
1936,1936-12-31,Haiti,76,HT,1279,54,1300,63,1281,76,1265,13,12,1,0,2,8,3,12,29,CONCACAF,0,
1937,1937-12-31,Argentina,1,AR,2054,1,2106,3,1986,10,1855,213,101,82,30,110,56,47,423,254,CONMEBOL,0,
1937,1937-12-31,England,3,EN,1983,1,2213,2,1998,12,1810,282,114,164,4,187,55,40,965,349,UEFA,0,
1937,1937-12-31,Spain,5,ES,1947,1,2036,4,1968,9,1901,57,22,26,9,36,12,9,134,62,UEFA,0,
1937,1937-12-31,Scotland,6,SQ,1942,1,2104,4,1960,11,1781,189,90,99,0,115,36,38,503,236,UEFA,0,
1937,1937-12-31,Brazil,7,BR,1904,4,1939,8,1888,14,1805,54,16,18,20,26,20,8,105,89,CONMEBOL,0,
1937,1937-12-31,Austria,8,AT,1901,1,2070,7,1883,13,1785,191,89,94,8,92,60,39,453,352,UEFA,0,
1937,1937-12-31,Germany,10,DE,1871,7,1913,15,1720,25,1637,145,69,67,9,70,50,25,361,278,UEFA,0,
1937,1937-12-31,Uruguay,11,UY,1857,1,2104,5,1948,12,1827,192,77,82,33,87,68,37,329,267,CONMEBOL,0,
1937,1937-12-31,Czechia,12,CZ,1855,3,1956,7,1883,12,1808,125,54,62,9,62,35,28,298,208,UEFA,0,
1937,1937-12-31,Mexico,14,MX,1794,14,1794,27,1639,48,1498,24,9,4,11,16,7,1,85,52,CONCACAF,1,
1937,1937-12-31,Paraguay,15,PY,1736,10,1864,16,1741,25,1647,60,15,22,23,18,33,9,75,123,CONMEBOL,0,
1937,1937-12-31,Norway,17,NO,1730,14,1794,25,1536,39,1364,128,64,55,9,42,61,25,233,329,UEFA,0,
1937,1937-12-31,Australia,18,AU,1721,18,1721,33,1586,41,1528,37,26,11,0,20,13,4,108,78,AFC,0,
1937,1937-12-31,Netherlands,19,NL,1713,3,2003,11,1830,31,1606,156,79,64,13,70,60,26,364,327,UEFA,0,
1937,1937-12-31,United States,20,US,1693,12,1784,17,1717,25,1671,22,2,12,8,8,12,2,49,71,CONCACAF,1,
1937,1937-12-31,South Africa,21,ZA,1677,7,1847,13,1782,23,1677,19,12,7,0,3,16,0,27,55,CAF,0,
1937,1937-12-31,Portugal,22,PT,1662,17,1749,21,1687,26,1662,33,19,11,3,10,18,5,46,74,UEFA,0,
1937,1937-12-31,Tunisia,24,TN,1660,24,1660,28,1642,33,1610,4,1,3,0,3,0,1,10,4,CAF,0,
1937,1937-12-31,Sweden,27,SE,1652,5,1894,15,1714,29,1579,214,106,96,12,100,82,32,573,433,UEFA,0,
1937,1937-12-31,Egypt,28,EG,1646,16,1761,21,1685,30,1646,20,4,6,10,9,8,3,54,52,CAF,0,
1937,1937-12-31,Algeria,29,DZ,1640,21,1690,27,1658,31,1640,4,3,1,0,0,3,1,4,10,CAF,0,
1937,1937-12-31,France,33,FR,1620,9,1648,24,1579,40,1514,149,79,60,10,43,90,16,251,469,UEFA,0,
1937,1937-12-31,Canada,34,CA,1619,25,1619,30,1615,35,1589,13,1,12,0,5,6,2,20,26,CONCACAF,1,
1937,1937-12-31,Switzerland,37,CH,1601,11,1795,23,1572,40,1485,156,75,72,9,39,91,26,247,405,UEFA,0,
1937,1937-12-31,Curaçao,42,CW,1560,26,1611,35,1578,42,1560,25,10,15,0,14,6,5,45,31,CONCACAF,0,
1937,1937-12-31,Belgium,45,BE,1541,5,1930,18,1728,49,1503,177,93,78,6,60,88,29,348,443,UEFA,0,
1937,1937-12-31,New Zealand,56,NZ,1432,29,1572,40,1532,58,1432,16,10,6,0,5,9,2,30,51,OFC,0,
1937,1937-12-31,Turkey,64,TR,1358,37,1541,51,1433,64,1358,42,20,18,4,8,26,8,73,114,UEFA,0,
1937,1937-12-31,Japan,76,JP,1280,30,1282,57,1188,80,1126,18,6,5,7,4,13,1,29,78,AFC,0,
1937,1937-12-31,Haiti,77,HT,1279,54,1300,64,1281,77,1265,13,12,1,0,2,8,3,12,29,CONCACAF,0,
1938,1938-12-31,Argentina,2,AR,2070,1,2106,3,1988,10,1855,215,102,83,30,112,56,47,427,256,CONMEBOL,0,
1938,1938-12-31,Scotland,3,SQ,2012,1,2104,4,1960,11,1781,194,92,102,0,120,36,38,515,240,UEFA,0,
1938,1938-12-31,England,4,EN,1948,1,2213,2,1998,12,1810,289,117,168,4,191,58,40,989,361,UEFA,0,
1938,1938-12-31,Spain,5,ES,1947,1,2036,4,1967,9,1901,57,22,26,9,36,12,9,134,62,UEFA,0,
1938,1938-12-31,Brazil,7,BR,1935,4,1939,8,1890,14,1805,59,16,18,25,29,21,9,119,100,CONMEBOL,0,
1938,1938-12-31,Austria,8,AT,1910,1,2070,7,1884,13,1785,192,90,94,8,93,60,39,455,352,UEFA,0,
1938,1938-12-31,Czechia,10,CZ,1857,3,1956,8,1882,14,1802,134,57,65,12,67,37,30,326,222,UEFA,0,
1938,1938-12-31,Uruguay,11,UY,1841,1,2104,5,1946,12,1827,194,78,83,33,87,70,37,331,271,CONMEBOL,0,
1938,1938-12-31,Mexico,13,MX,1818,13,1818,27,1650,48,1498,29,9,5,15,20,7,2,99,56,CONCACAF,1,
1938,1938-12-31,Germany,14,DE,1773,7,1913,15,1723,25,1637,155,75,69,11,73,53,29,380,297,UEFA,0,
1938,1938-12-31,Norway,15,NO,1738,14,1794,25,1543,39,1364,136,68,58,10,46,63,27,252,341,UEFA,0,
1938,1938-12-31,Paraguay,16,PY,1736,10,1864,16,1741,25,1647,60,15,22,23,18,33,9,75,123,CONMEBOL,0,
1938,1938-12-31,Australia,17,AU,1714,16,1729,32,1594,41,1528,42,31,11,0,23,14,5,126,94,AFC,0,
1938,1938-12-31,Switzerland,18,CH,1711,11,1795,23,1575,40,1485,168,80,75,13,44,95,29,265,425,UEFA,0,
1938,1938-12-31,United States,20,US,1693,12,1784,17,1716,25,1671,22,2,12,8,8,12,2,49,71,CONCACAF,1,
1938,1938-12-31,Netherlands,23,NL,1679,3,2003,12,1826,31,1606,162,82,66,14,72,62,28,384,340,UEFA,0,
1938,1938-12-31,South Africa,24,ZA,1677,7,1847,14,1779,25,1677,19,12,7,0,3,16,0,27,55,CAF,0,
1938,1938-12-31,Portugal,26,PT,1668,17,1749,21,1687,27,1662,37,20,13,4,11,20,6,52,78,UEFA,0,
1938,1938-12-31,Tunisia,27,TN,1660,24,1660,28,1645,33,1610,4,1,3,0,3,0,1,10,4,CAF,0,
1938,1938-12-31,Sweden,30,SE,1656,5,1894,15,1712,32,1579,224,110,99,15,104,87,33,599,458,UEFA,0,
1938,1938-12-31,Egypt,31,EG,1646,16,1761,22,1683,32,1646,20,4,6,10,9,8,3,54,52,CAF,0,
1938,1938-12-31,France,32,FR,1641,9,1655,25,1581,40,1514,155,84,61,10,46,93,16,268,482,UEFA,0,
1938,1938-12-31,Algeria,33,DZ,1640,21,1690,27,1655,33,1640,4,3,1,0,0,3,1,4,10,CAF,0,
1938,1938-12-31,Canada,37,CA,1619,25,1619,30,1615,38,1589,13,1,12,0,5,6,2,20,26,CONCACAF,1,
1938,1938-12-31,Curaçao,40,CW,1592,26,1611,36,1578,45,1560,28,13,15,0,17,6,5,52,33,CONCACAF,0,
1938,1938-12-31,Belgium,45,BE,1542,5,1930,19,1723,49,1503,185,95,84,6,62,92,31,364,469,UEFA,0,
1938,1938-12-31,New Zealand,57,NZ,1432,29,1572,41,1526,58,1432,16,10,6,0,5,9,2,30,51,OFC,0,
1938,1938-12-31,Turkey,64,TR,1358,37,1541,52,1428,67,1358,42,20,18,4,8,26,8,73,114,UEFA,0,
1938,1938-12-31,Colombia,66,CO,1345,56,1444,62,1384,66,1345,9,4,1,4,3,6,0,16,19,CONMEBOL,0,
1938,1938-12-31,Haiti,70,HT,1324,54,1324,65,1283,81,1265,16,15,1,0,5,8,3,21,31,CONCACAF,0,
1938,1938-12-31,Ecuador,72,EC,1318,69,1340,72,1318,76,1297,5,0,1,4,2,2,1,10,15,CONMEBOL,0,
1938,1938-12-31,Japan,81,JP,1280,30,1282,58,1193,81,1126,18,6,5,7,4,13,1,29,78,AFC,0,
1938,1938-12-31,Panama,82,PA,1272,69,1314,81,1273,82,1272,5,5,0,0,1,3,1,7,20,CONCACAF,0,
1939,1939-12-31,Argentina,1,AR,2085,1,2106,3,1991,10,1855,219,102,87,30,114,56,49,437,261,CONMEBOL,0,
1939,1939-12-31,England,3,EN,1993,1,2213,2,1997,12,1810,296,117,175,4,196,59,41,1009,369,UEFA,0,
1939,1939-12-31,Scotland,4,SQ,1983,1,2104,4,1960,11,1781,195,93,102,0,120,37,38,516,242,UEFA,0,
1939,1939-12-31,Spain,5,ES,1947,1,2036,4,1966,9,1901,57,22,26,9,36,12,9,134,62,UEFA,0,
1939,1939-12-31,Austria,6,AT,1921,1,2070,7,1885,13,1785,195,91,96,8,94,60,41,467,358,UEFA,0,
1939,1939-12-31,Brazil,7,BR,1914,4,1939,8,1891,14,1805,61,18,18,25,29,22,10,122,107,CONMEBOL,0,
1939,1939-12-31,Uruguay,11,UY,1849,1,2104,5,1943,12,1827,198,78,84,36,90,71,37,344,276,CONMEBOL,0,
1939,1939-12-31,Germany,12,DE,1830,7,1913,15,1725,25,1637,173,83,79,11,82,57,34,425,328,UEFA,0,
1939,1939-12-31,Mexico,14,MX,1818,13,1818,26,1660,48,1498,29,9,5,15,20,7,2,99,56,CONCACAF,1,
1939,1939-12-31,Switzerland,15,CH,1785,11,1795,23,1580,40,1485,175,84,78,13,49,95,31,280,432,UEFA,0,
1939,1939-12-31,Australia,17,AU,1714,16,1729,31,1601,41,1528,42,31,11,0,23,14,5,126,94,AFC,0,
1939,1939-12-31,Sweden,21,SE,1701,5,1894,16,1711,32,1579,230,114,100,16,109,88,33,621,465,UEFA,0,
1939,1939-12-31,Paraguay,22,PY,1698,10,1864,17,1739,25,1647,67,17,24,26,20,37,10,88,138,CONMEBOL,0,
1939,1939-12-31,Netherlands,23,NL,1695,3,2003,12,1822,31,1606,168,86,68,14,76,64,28,404,354,UEFA,0,
1939,1939-12-31,United States,24,US,1693,12,1784,17,1715,25,1671,22,2,12,8,8,12,2,49,71,CONCACAF,1,
1939,1939-12-31,France,27,FR,1684,9,1684,25,1583,40,1514,159,87,62,10,49,93,17,279,486,UEFA,0,
1939,1939-12-31,Norway,28,NO,1665,14,1794,25,1548,39,1364,143,70,62,11,48,68,27,263,362,UEFA,0,
1939,1939-12-31,Tunisia,29,TN,1660,24,1660,28,1647,33,1610,4,1,3,0,3,0,1,10,4,CAF,0,
1939,1939-12-31,South Africa,31,ZA,1654,7,1847,14,1775,31,1654,22,15,7,0,3,19,0,30,68,CAF,0,
1939,1939-12-31,Portugal,32,PT,1651,17,1749,22,1685,32,1651,38,21,13,4,11,21,6,54,82,UEFA,0,
1939,1939-12-31,Egypt,34,EG,1646,16,1761,22,1681,34,1646,20,4,6,10,9,8,3,54,52,CAF,0,
1939,1939-12-31,Algeria,35,DZ,1640,21,1690,28,1653,35,1640,4,3,1,0,0,3,1,4,10,CAF,0,
1939,1939-12-31,Canada,37,CA,1619,25,1619,30,1616,38,1589,13,1,12,0,5,6,2,20,26,CONCACAF,1,
1939,1939-12-31,Curaçao,41,CW,1592,26,1611,36,1578,45,1560,28,13,15,0,17,6,5,52,33,CONCACAF,0,
1939,1939-12-31,Belgium,49,BE,1516,5,1930,20,1718,49,1503,192,99,87,6,63,97,32,379,493,UEFA,0,
1939,1939-12-31,New Zealand,58,NZ,1432,29,1572,42,1521,58,1432,16,10,6,0,5,9,2,30,51,OFC,0,
1939,1939-12-31,Turkey,65,TR,1358,37,1541,53,1423,67,1358,42,20,18,4,8,26,8,73,114,UEFA,0,
1939,1939-12-31,Colombia,67,CO,1345,56,1444,64,1364,67,1345,9,4,1,4,3,6,0,16,19,CONMEBOL,0,
1939,1939-12-31,Haiti,70,HT,1336,54,1336,65,1287,81,1265,19,18,1,0,7,8,4,26,32,CONCACAF,0,
1939,1939-12-31,Ecuador,79,EC,1284,69,1340,76,1296,79,1284,9,0,2,7,2,6,1,14,33,CONMEBOL,0,
1939,1939-12-31,Japan,81,JP,1280,30,1282,59,1197,81,1126,18,6,5,7,4,13,1,29,78,AFC,0,
1939,1939-12-31,Panama,83,PA,1260,69,1314,82,1267,83,1260,8,5,3,0,1,5,2,8,25,CONCACAF,0,
1940,1940-12-31,Argentina,1,AR,2079,1,2120,3,1994,10,1855,230,110,90,30,122,58,50,474,275,CONMEBOL,0,
1940,1940-12-31,England,3,EN,1993,1,2213,2,1997,12,1810,296,117,175,4,196,59,41,1009,369,UEFA,0,
1940,1940-12-31,Scotland,4,SQ,1983,1,2104,4,1961,11,1781,195,93,102,0,120,37,38,516,242,UEFA,0,
1940,1940-12-31,Spain,5,ES,1947,1,2036,4,1965,9,1901,57,22,26,9,36,12,9,134,62,UEFA,0,
1940,1940-12-31,Austria,6,AT,1921,1,2070,7,1886,13,1785,195,91,96,8,94,60,41,467,358,UEFA,0,
1940,1940-12-31,Croatia,7,HR,1905,7,1917,7,1909,8,1905,4,2,2,0,2,1,1,6,2,UEFA,0,
1940,1940-12-31,Uruguay,8,UY,1901,1,2104,5,1941,12,1827,203,80,87,36,93,72,38,355,287,CONMEBOL,0,
1940,1940-12-31,Brazil,10,BR,1879,4,1939,8,1890,14,1805,68,22,21,25,30,26,12,133,130,CONMEBOL,0,
1940,1940-12-31,Mexico,13,MX,1818,13,1818,25,1669,48,1498,29,9,5,15,20,7,2,99,56,CONCACAF,1,
1940,1940-12-31,Germany,14,DE,1816,7,1913,15,1728,25,1637,183,89,83,11,87,60,36,463,345,UEFA,0,
1940,1940-12-31,Switzerland,16,CH,1767,11,1795,23,1585,40,1485,179,85,81,13,49,98,32,281,441,UEFA,0,
1940,1940-12-31,Australia,18,AU,1714,16,1729,31,1607,41,1528,42,31,11,0,23,14,5,126,94,AFC,0,
1940,1940-12-31,Sweden,21,SE,1708,5,1894,16,1711,32,1579,234,116,102,16,111,88,35,633,471,UEFA,0,
1940,1940-12-31,United States,23,US,1693,12,1784,17,1714,25,1671,22,2,12,8,8,12,2,49,71,CONCACAF,1,
1940,1940-12-31,Paraguay,24,PY,1692,10,1864,17,1737,25,1647,69,17,26,26,20,39,10,89,145,CONMEBOL,0,
1940,1940-12-31,France,25,FR,1690,9,1690,25,1586,40,1514,160,88,62,10,50,93,17,282,488,UEFA,0,
1940,1940-12-31,Norway,28,NO,1665,14,1794,25,1552,39,1364,143,70,62,11,48,68,27,263,362,UEFA,0,
1940,1940-12-31,Tunisia,29,TN,1660,24,1660,28,1648,33,1610,4,1,3,0,3,0,1,10,4,CAF,0,
1940,1940-12-31,Netherlands,31,NL,1657,3,2003,13,1817,32,1606,171,88,69,14,77,66,28,413,368,UEFA,0,
1940,1940-12-31,South Africa,32,ZA,1654,7,1847,15,1772,32,1654,22,15,7,0,3,19,0,30,68,CAF,0,
1940,1940-12-31,Egypt,34,EG,1646,16,1761,23,1679,34,1646,20,4,6,10,9,8,3,54,52,CAF,0,
1940,1940-12-31,Portugal,35,PT,1645,17,1749,23,1683,35,1645,39,21,14,4,11,22,6,56,85,UEFA,0,
1940,1940-12-31,Algeria,36,DZ,1640,21,1690,29,1652,36,1640,4,3,1,0,0,3,1,4,10,CAF,0,
1940,1940-12-31,Canada,39,CA,1619,25,1619,31,1616,39,1589,13,1,12,0,5,6,2,20,26,CONCACAF,1,
1940,1940-12-31,Curaçao,43,CW,1592,26,1611,36,1579,45,1560,28,13,15,0,17,6,5,52,33,CONCACAF,0,
1940,1940-12-31,Belgium,48,BE,1535,5,1930,21,1712,49,1503,194,100,88,6,64,98,32,388,498,UEFA,0,
1940,1940-12-31,New Zealand,60,NZ,1432,29,1572,43,1516,60,1432,16,10,6,0,5,9,2,30,51,OFC,0,
1940,1940-12-31,Turkey,64,TR,1358,37,1541,53,1420,67,1358,42,20,18,4,8,26,8,73,114,UEFA,0,
1940,1940-12-31,Colombia,67,CO,1345,56,1444,65,1357,68,1345,9,4,1,4,3,6,0,16,19,CONMEBOL,0,
1940,1940-12-31,Haiti,70,HT,1336,54,1336,66,1290,81,1265,19,18,1,0,7,8,4,26,32,CONCACAF,0,
1940,1940-12-31,Japan,77,JP,1292,30,1292,60,1200,82,1126,19,7,5,7,5,13,1,30,78,AFC,0,
1940,1940-12-31,Ecuador,79,EC,1284,69,1340,77,1291,80,1284,9,0,2,7,2,6,1,14,33,CONMEBOL,0,
1940,1940-12-31,Panama,85,PA,1260,69,1314,83,1265,87,1260,8,5,3,0,1,5,2,8,25,CONCACAF,0,
1941,1941-12-31,Argentina,1,AR,2107,1,2120,3,1996,10,1855,239,110,96,33,129,58,52,496,282,CONMEBOL,0,
1941,1941-12-31,England,3,EN,1993,1,2213,2,1997,12,1810,296,117,175,4,196,59,41,1009,369,UEFA,0,
1941,1941-12-31,Scotland,4,SQ,1983,1,2104,4,1961,11,1781,195,93,102,0,120,37,38,516,242,UEFA,0,
1941,1941-12-31,Spain,5,ES,1949,1,2036,4,1964,9,1901,60,24,27,9,38,12,10,144,67,UEFA,0,
1941,1941-12-31,Uruguay,6,UY,1929,1,2104,5,1941,12,1827,207,80,88,39,96,73,38,365,288,CONMEBOL,0,
1941,1941-12-31,Austria,7,AT,1921,1,2070,7,1887,13,1785,195,91,96,8,94,60,41,467,358,UEFA,0,
1941,1941-12-31,Croatia,8,HR,1892,7,1917,8,1902,8,1886,7,3,4,0,3,2,2,13,10,UEFA,0,
1941,1941-12-31,Brazil,9,BR,1879,4,1939,8,1890,14,1805,68,22,21,25,30,26,12,133,130,CONMEBOL,0,
1941,1941-12-31,Germany,13,DE,1847,7,1913,15,1731,25,1637,192,94,87,11,93,62,37,497,356,UEFA,0,
1941,1941-12-31,Mexico,15,MX,1818,13,1818,25,1676,48,1498,29,9,5,15,20,7,2,99,56,CONCACAF,1,
1941,1941-12-31,Switzerland,16,CH,1755,11,1795,23,1590,40,1485,183,87,83,13,50,101,32,288,451,UEFA,0,
1941,1941-12-31,Sweden,18,SE,1715,5,1894,16,1711,32,1579,237,118,103,16,112,89,36,640,477,UEFA,0,
1941,1941-12-31,Australia,19,AU,1714,16,1729,30,1612,41,1528,42,31,11,0,23,14,5,126,94,AFC,0,
1941,1941-12-31,United States,22,US,1693,12,1784,18,1713,25,1671,22,2,12,8,8,12,2,49,71,CONCACAF,1,
1941,1941-12-31,Paraguay,23,PY,1692,10,1864,17,1735,25,1647,69,17,26,26,20,39,10,89,145,CONMEBOL,0,
1941,1941-12-31,France,24,FR,1690,9,1690,25,1589,40,1514,160,88,62,10,50,93,17,282,488,UEFA,0,
1941,1941-12-31,Norway,28,NO,1665,14,1794,25,1555,39,1364,143,70,62,11,48,68,27,263,362,UEFA,0,
1941,1941-12-31,Tunisia,29,TN,1660,24,1660,28,1650,33,1610,4,1,3,0,3,0,1,10,4,CAF,0,
1941,1941-12-31,Netherlands,31,NL,1657,3,2003,13,1813,32,1606,171,88,69,14,77,66,28,413,368,UEFA,0,
1941,1941-12-31,South Africa,32,ZA,1654,7,1847,15,1768,32,1654,22,15,7,0,3,19,0,30,68,CAF,0,
1941,1941-12-31,Portugal,34,PT,1646,17,1749,23,1681,35,1645,41,22,15,4,11,23,7,59,92,UEFA,0,
1941,1941-12-31,Egypt,34,EG,1646,16,1761,23,1678,35,1646,20,4,6,10,9,8,3,54,52,CAF,0,
1941,1941-12-31,Algeria,36,DZ,1640,21,1690,30,1650,36,1640,4,3,1,0,0,3,1,4,10,CAF,0,
1941,1941-12-31,Canada,38,CA,1619,25,1619,31,1616,40,1589,13,1,12,0,5,6,2,20,26,CONCACAF,1,
1941,1941-12-31,Iran,45,IR,1571,45,1571,45,1571,45,1571,1,0,1,0,0,1,0,0,1,AFC,0,
1941,1941-12-31,Curaçao,47,CW,1555,26,1611,37,1579,47,1551,36,15,18,3,20,7,9,76,48,CONCACAF,0,
1941,1941-12-31,Belgium,49,BE,1535,5,1930,21,1708,49,1503,194,100,88,6,64,98,32,388,498,UEFA,0,
1941,1941-12-31,New Zealand,61,NZ,1432,29,1572,44,1512,61,1432,16,10,6,0,5,9,2,30,51,OFC,0,
1941,1941-12-31,Turkey,65,TR,1358,37,1541,54,1416,67,1358,42,20,18,4,8,26,8,73,114,UEFA,0,
1941,1941-12-31,Colombia,68,CO,1345,56,1444,66,1354,68,1345,9,4,1,4,3,6,0,16,19,CONMEBOL,0,
1941,1941-12-31,Haiti,71,HT,1336,54,1336,66,1292,81,1265,19,18,1,0,7,8,4,26,32,CONCACAF,0,
1941,1941-12-31,Japan,79,JP,1292,30,1292,61,1204,82,1126,19,7,5,7,5,13,1,30,78,AFC,0,
1941,1941-12-31,Panama,83,PA,1277,69,1314,83,1266,87,1260,12,5,4,3,2,7,3,19,41,CONCACAF,0,
1941,1941-12-31,Ecuador,85,EC,1264,69,1340,79,1284,85,1264,13,0,3,10,2,10,1,15,54,CONMEBOL,0,
1942,1942-12-31,Argentina,1,AR,2093,1,2129,3,1999,10,1855,247,111,98,38,134,59,54,522,290,CONMEBOL,0,
1942,1942-12-31,England,3,EN,1993,1,2213,2,1997,12,1810,296,117,175,4,196,59,41,1009,369,UEFA,0,
1942,1942-12-31,Uruguay,4,UY,1985,1,2104,5,1942,12,1827,215,87,89,39,102,74,39,388,295,CONMEBOL,0,
1942,1942-12-31,Scotland,5,SQ,1983,1,2104,4,1961,11,1781,195,93,102,0,120,37,38,516,242,UEFA,0,
1942,1942-12-31,Spain,6,ES,1945,1,2036,4,1963,9,1901,63,25,29,9,39,13,11,149,72,UEFA,0,
1942,1942-12-31,Austria,7,AT,1921,1,2070,7,1888,13,1785,195,91,96,8,94,60,41,467,358,UEFA,0,
1942,1942-12-31,Germany,8,DE,1908,7,1913,14,1735,25,1637,202,98,92,12,100,64,38,533,371,UEFA,0,
1942,1942-12-31,Brazil,9,BR,1872,4,1939,8,1889,14,1805,74,22,22,30,33,28,13,148,137,CONMEBOL,0,
1942,1942-12-31,Croatia,11,HR,1865,7,1917,8,1892,11,1865,15,6,9,0,6,5,4,31,26,UEFA,0,
1942,1942-12-31,Mexico,15,MX,1818,13,1818,24,1684,48,1498,29,9,5,15,20,7,2,99,56,CONCACAF,1,
1942,1942-12-31,Switzerland,16,CH,1757,11,1795,23,1595,40,1485,189,89,87,13,53,104,32,298,464,UEFA,0,
1942,1942-12-31,Sweden,17,SE,1749,5,1894,16,1711,32,1579,241,119,106,16,115,90,36,649,483,UEFA,0,
1942,1942-12-31,Paraguay,18,PY,1722,10,1864,17,1734,25,1647,75,17,27,31,22,41,12,100,155,CONMEBOL,0,
1942,1942-12-31,Australia,19,AU,1714,16,1729,29,1617,41,1528,42,31,11,0,23,14,5,126,94,AFC,0,
1942,1942-12-31,South Korea,21,KR,1702,21,1702,21,1702,21,1702,1,1,0,0,1,0,0,5,0,AFC,0,
1942,1942-12-31,United States,22,US,1693,12,1784,18,1713,25,1671,22,2,12,8,8,12,2,49,71,CONCACAF,1,
1942,1942-12-31,France,27,FR,1669,9,1690,25,1591,40,1514,162,89,63,10,50,95,17,282,494,UEFA,0,
1942,1942-12-31,Norway,28,NO,1665,14,1794,25,1558,39,1364,143,70,62,11,48,68,27,263,362,UEFA,0,
1942,1942-12-31,Portugal,30,PT,1664,17,1749,24,1680,35,1645,42,23,15,4,12,23,7,62,92,UEFA,0,
1942,1942-12-31,Tunisia,31,TN,1660,24,1660,29,1651,33,1610,4,1,3,0,3,0,1,10,4,CAF,0,
1942,1942-12-31,Netherlands,33,NL,1657,3,2003,14,1809,33,1606,171,88,69,14,77,66,28,413,368,UEFA,0,
1942,1942-12-31,South Africa,34,ZA,1654,7,1847,16,1765,34,1654,22,15,7,0,3,19,0,30,68,CAF,0,
1942,1942-12-31,Egypt,36,EG,1646,16,1761,24,1676,36,1646,20,4,6,10,9,8,3,54,52,CAF,0,
1942,1942-12-31,Algeria,37,DZ,1640,21,1690,31,1649,37,1640,4,3,1,0,0,3,1,4,10,CAF,0,
1942,1942-12-31,Canada,39,CA,1619,25,1619,32,1616,40,1589,13,1,12,0,5,6,2,20,26,CONCACAF,1,
1942,1942-12-31,Iran,46,IR,1571,44,1571,45,1571,46,1571,1,0,1,0,0,1,0,0,1,AFC,0,
1942,1942-12-31,Curaçao,49,CW,1548,26,1611,37,1577,49,1548,37,16,18,3,20,7,10,78,50,CONCACAF,0,
1942,1942-12-31,Belgium,50,BE,1535,5,1930,22,1703,50,1503,194,100,88,6,64,98,32,388,498,UEFA,0,
1942,1942-12-31,New Zealand,62,NZ,1432,29,1572,45,1508,62,1432,16,10,6,0,5,9,2,30,51,OFC,0,
1942,1942-12-31,Turkey,67,TR,1358,37,1541,55,1413,67,1358,42,20,18,4,8,26,8,73,114,UEFA,0,
1942,1942-12-31,Colombia,71,CO,1345,56,1444,67,1352,71,1345,9,4,1,4,3,6,0,16,19,CONMEBOL,0,
1942,1942-12-31,Haiti,73,HT,1336,54,1336,66,1295,81,1265,19,18,1,0,7,8,4,26,32,CONCACAF,0,
1942,1942-12-31,Japan,81,JP,1290,30,1292,61,1207,82,1126,20,7,6,7,5,14,1,30,83,AFC,0,
1942,1942-12-31,Panama,84,PA,1277,69,1314,83,1269,87,1260,12,5,4,3,2,7,3,19,41,CONCACAF,0,
1942,1942-12-31,Ecuador,89,EC,1244,69,1340,81,1275,89,1244,19,0,4,15,2,16,1,19,85,CONMEBOL,0,
1943,1943-12-31,Argentina,2,AR,2072,1,2129,3,2001,10,1855,253,113,102,38,137,61,55,535,303,CONMEBOL,0,
1943,1943-12-31,England,3,EN,1993,1,2213,3,1997,12,1810,296,117,175,4,196,59,41,1009,369,UEFA,0,
1943,1943-12-31,Uruguay,4,UY,1990,1,2104,5,1943,12,1827,219,89,91,39,103,76,40,397,302,CONMEBOL,0,
1943,1943-12-31,Scotland,5,SQ,1983,1,2104,4,1962,11,1781,195,93,102,0,120,37,38,516,242,UEFA,0,
1943,1943-12-31,Spain,6,ES,1945,1,2036,5,1962,9,1901,63,25,29,9,39,13,11,149,72,UEFA,0,
1943,1943-12-31,Austria,7,AT,1921,1,2070,7,1888,13,1785,195,91,96,8,94,60,41,467,358,UEFA,0,
1943,1943-12-31,Germany,8,DE,1908,7,1913,14,1740,25,1637,202,98,92,12,100,64,38,533,371,UEFA,0,
1943,1943-12-31,Brazil,9,BR,1872,4,1939,8,1889,14,1805,74,22,22,30,33,28,13,148,137,CONMEBOL,0,
1943,1943-12-31,Croatia,10,HR,1869,7,1917,9,1885,12,1855,18,7,11,0,8,6,4,35,28,UEFA,0,
1943,1943-12-31,Mexico,14,MX,1818,13,1818,24,1690,48,1498,29,9,5,15,20,7,2,99,56,CONCACAF,1,
1943,1943-12-31,Sweden,15,SE,1764,5,1894,16,1712,32,1579,246,121,109,16,117,92,37,662,492,UEFA,0,
1943,1943-12-31,Switzerland,16,CH,1745,11,1795,22,1599,40,1485,192,91,88,13,54,106,32,300,468,UEFA,0,
1943,1943-12-31,Paraguay,17,PY,1738,10,1864,17,1734,25,1647,77,19,27,31,23,42,12,104,161,CONMEBOL,0,
1943,1943-12-31,Australia,18,AU,1714,16,1729,29,1622,41,1528,42,31,11,0,23,14,5,126,94,AFC,0,
1943,1943-12-31,South Korea,20,KR,1702,20,1702,21,1702,21,1702,1,1,0,0,1,0,0,5,0,AFC,0,
1943,1943-12-31,United States,22,US,1693,12,1784,18,1712,25,1671,22,2,12,8,8,12,2,49,71,CONCACAF,1,
1943,1943-12-31,France,27,FR,1669,9,1690,25,1593,40,1514,162,89,63,10,50,95,17,282,494,UEFA,0,
1943,1943-12-31,Norway,28,NO,1665,14,1794,25,1561,39,1364,143,70,62,11,48,68,27,263,362,UEFA,0,
1943,1943-12-31,Portugal,29,PT,1664,17,1749,24,1679,35,1645,42,23,15,4,12,23,7,62,92,UEFA,0,
1943,1943-12-31,Tunisia,30,TN,1660,24,1660,29,1652,33,1610,4,1,3,0,3,0,1,10,4,CAF,0,
1943,1943-12-31,Netherlands,32,NL,1657,3,2003,14,1805,33,1606,171,88,69,14,77,66,28,413,368,UEFA,0,
1943,1943-12-31,South Africa,33,ZA,1654,7,1847,16,1762,34,1654,22,15,7,0,3,19,0,30,68,CAF,0,
1943,1943-12-31,Egypt,36,EG,1646,16,1761,24,1675,36,1646,20,4,6,10,9,8,3,54,52,CAF,0,
1943,1943-12-31,Algeria,37,DZ,1640,21,1690,31,1648,37,1640,4,3,1,0,0,3,1,4,10,CAF,0,
1943,1943-12-31,Canada,39,CA,1619,25,1619,32,1616,40,1589,13,1,12,0,5,6,2,20,26,CONCACAF,1,
1943,1943-12-31,Iran,46,IR,1571,44,1571,46,1571,46,1571,1,0,1,0,0,1,0,0,1,AFC,0,
1943,1943-12-31,Curaçao,49,CW,1540,26,1611,38,1576,50,1534,41,18,20,3,21,7,13,86,57,CONCACAF,0,
1943,1943-12-31,Belgium,50,BE,1535,5,1930,23,1699,51,1503,194,100,88,6,64,98,32,388,498,UEFA,0,
1943,1943-12-31,New Zealand,63,NZ,1432,29,1572,45,1504,63,1432,16,10,6,0,5,9,2,30,51,OFC,0,
1943,1943-12-31,Turkey,68,TR,1358,37,1541,55,1410,68,1358,42,20,18,4,8,26,8,73,114,UEFA,0,
1943,1943-12-31,Colombia,71,CO,1345,56,1444,67,1351,71,1345,9,4,1,4,3,6,0,16,19,CONMEBOL,0,
1943,1943-12-31,Haiti,73,HT,1336,54,1336,67,1297,81,1265,19,18,1,0,7,8,4,26,32,CONCACAF,0,
1943,1943-12-31,Japan,81,JP,1290,30,1292,62,1211,82,1126,20,7,6,7,5,14,1,30,83,AFC,0,
1943,1943-12-31,Panama,84,PA,1277,69,1314,83,1270,87,1260,12,5,4,3,2,7,3,19,41,CONCACAF,0,
1943,1943-12-31,Ecuador,89,EC,1244,69,1340,83,1269,89,1244,19,0,4,15,2,16,1,19,85,CONMEBOL,0,
1944,1944-12-31,Argentina,2,AR,2081,1,2129,3,2002,10,1855,257,115,104,38,139,62,56,548,311,CONMEBOL,0,
1944,1944-12-31,England,3,EN,1993,1,2213,3,1997,12,1810,296,117,175,4,196,59,41,1009,369,UEFA,0,
1944,1944-12-31,Scotland,4,SQ,1983,1,2104,4,1962,11,1781,195,93,102,0,120,37,38,516,242,UEFA,0,
1944,1944-12-31,Spain,5,ES,1945,1,2036,5,1962,9,1901,63,25,29,9,39,13,11,149,72,UEFA,0,
1944,1944-12-31,Uruguay,6,UY,1943,1,2104,5,1944,12,1827,225,91,95,39,104,80,41,406,325,CONMEBOL,0,
1944,1944-12-31,Austria,7,AT,1921,1,2070,7,1889,13,1785,195,91,96,8,94,60,41,467,358,UEFA,0,
1944,1944-12-31,Brazil,8,BR,1910,4,1939,8,1889,14,1805,76,24,22,30,35,28,13,158,138,CONMEBOL,0,
1944,1944-12-31,Germany,9,DE,1908,7,1913,14,1745,25,1637,202,98,92,12,100,64,38,533,371,UEFA,0,
1944,1944-12-31,Croatia,10,HR,1874,7,1917,9,1882,12,1855,19,8,11,0,9,6,4,42,31,UEFA,0,
1944,1944-12-31,Mexico,14,MX,1818,13,1818,23,1696,48,1498,29,9,5,15,20,7,2,99,56,CONCACAF,1,
1944,1944-12-31,Sweden,15,SE,1764,5,1894,16,1714,32,1579,246,121,109,16,117,92,37,662,492,UEFA,0,
1944,1944-12-31,Switzerland,16,CH,1745,11,1795,22,1603,40,1485,192,91,88,13,54,106,32,300,468,UEFA,0,
1944,1944-12-31,Paraguay,17,PY,1738,10,1864,17,1734,25,1647,77,19,27,31,23,42,12,104,161,CONMEBOL,0,
1944,1944-12-31,Australia,18,AU,1714,16,1729,28,1626,41,1528,42,31,11,0,23,14,5,126,94,AFC,0,
1944,1944-12-31,South Korea,20,KR,1702,20,1702,21,1702,21,1702,1,1,0,0,1,0,0,5,0,AFC,0,
1944,1944-12-31,United States,22,US,1693,12,1784,18,1711,25,1671,22,2,12,8,8,12,2,49,71,CONCACAF,1,
1944,1944-12-31,Iraq,26,IQ,1676,26,1676,26,1676,26,1670,2,0,2,0,1,1,0,3,5,AFC,0,
1944,1944-12-31,France,27,FR,1675,9,1690,25,1595,40,1514,163,90,63,10,51,95,17,285,495,UEFA,0,
1944,1944-12-31,Norway,29,NO,1665,14,1794,25,1564,39,1364,143,70,62,11,48,68,27,263,362,UEFA,0,
1944,1944-12-31,Portugal,30,PT,1664,17,1749,24,1679,35,1645,42,23,15,4,12,23,7,62,92,UEFA,0,
1944,1944-12-31,Tunisia,31,TN,1660,24,1660,29,1652,33,1610,4,1,3,0,3,0,1,10,4,CAF,0,
1944,1944-12-31,Netherlands,33,NL,1657,3,2003,15,1801,33,1606,171,88,69,14,77,66,28,413,368,UEFA,0,
1944,1944-12-31,South Africa,34,ZA,1654,7,1847,17,1759,34,1654,22,15,7,0,3,19,0,30,68,CAF,0,
1944,1944-12-31,Egypt,36,EG,1646,16,1761,25,1674,37,1646,20,4,6,10,9,8,3,54,52,CAF,0,
1944,1944-12-31,Algeria,38,DZ,1640,21,1690,32,1648,38,1640,4,3,1,0,0,3,1,4,10,CAF,0,
1944,1944-12-31,Canada,40,CA,1619,25,1619,32,1616,40,1589,13,1,12,0,5,6,2,20,26,CONCACAF,1,
1944,1944-12-31,Iran,46,IR,1571,44,1571,46,1571,47,1571,1,0,1,0,0,1,0,0,1,AFC,0,
1944,1944-12-31,Curaçao,47,CW,1570,26,1611,38,1574,57,1501,50,23,22,5,27,9,14,112,71,CONCACAF,0,
1944,1944-12-31,Belgium,51,BE,1529,5,1930,23,1695,51,1503,195,100,89,6,64,99,32,389,501,UEFA,0,
1944,1944-12-31,New Zealand,64,NZ,1432,29,1572,46,1501,64,1432,16,10,6,0,5,9,2,30,51,OFC,0,
1944,1944-12-31,Turkey,68,TR,1358,37,1541,56,1408,69,1358,42,20,18,4,8,26,8,73,114,UEFA,0,
1944,1944-12-31,Colombia,72,CO,1345,56,1444,68,1350,73,1345,9,4,1,4,3,6,0,16,19,CONMEBOL,0,
1944,1944-12-31,Haiti,81,HT,1301,54,1336,67,1298,81,1265,22,18,2,2,7,10,5,27,40,CONCACAF,0,
1944,1944-12-31,Japan,83,JP,1290,30,1292,63,1213,83,1126,20,7,6,7,5,14,1,30,83,AFC,0,
1944,1944-12-31,Panama,87,PA,1277,69,1314,84,1271,87,1260,12,5,4,3,2,7,3,19,41,CONCACAF,0,
1944,1944-12-31,Ecuador,90,EC,1244,69,1340,84,1265,91,1244,19,0,4,15,2,16,1,19,85,CONMEBOL,0,
1945,1945-12-31,Argentina,2,AR,2033,1,2129,3,2004,10,1855,273,118,112,43,149,65,59,600,344,CONMEBOL,0,
1945,1945-12-31,Scotland,3,SQ,1998,1,2104,4,1962,11,1781,196,94,102,0,121,37,38,518,242,UEFA,0,
1945,1945-12-31,Brazil,4,BR,1993,4,1993,8,1891,14,1805,85,27,23,35,42,30,13,189,150,CONMEBOL,0,
1945,1945-12-31,Spain,5,ES,1943,1,2036,5,1961,9,1901,65,26,30,9,40,13,12,155,76,UEFA,0,
1945,1945-12-31,England,6,EN,1933,1,2213,3,1997,12,1810,300,119,177,4,197,61,42,1013,375,UEFA,0,
1945,1945-12-31,Germany,7,DE,1908,7,1913,14,1749,25,1637,202,98,92,12,100,64,38,533,371,UEFA,0,
1945,1945-12-31,Austria,8,AT,1898,1,2070,7,1890,13,1785,198,92,98,8,95,62,41,473,366,UEFA,0,
1945,1945-12-31,Uruguay,11,UY,1855,1,2104,5,1942,12,1827,234,93,97,44,107,84,43,425,340,CONMEBOL,0,
1945,1945-12-31,Mexico,13,MX,1818,13,1818,23,1701,48,1498,29,9,5,15,20,7,2,99,56,CONCACAF,1,
1945,1945-12-31,Switzerland,14,CH,1804,11,1804,22,1607,40,1485,197,96,88,13,58,106,33,312,473,UEFA,0,
1945,1945-12-31,Sweden,15,SE,1793,5,1894,16,1715,32,1579,253,125,112,16,123,93,37,695,503,UEFA,0,
1945,1945-12-31,Paraguay,16,PY,1766,10,1864,17,1735,25,1647,81,21,29,31,24,45,12,115,175,CONMEBOL,0,
1945,1945-12-31,Australia,17,AU,1714,16,1729,28,1629,41,1528,42,31,11,0,23,14,5,126,94,AFC,0,
1945,1945-12-31,South Korea,20,KR,1702,19,1702,20,1702,21,1702,1,1,0,0,1,0,0,5,0,AFC,0,
1945,1945-12-31,United States,21,US,1693,12,1784,18,1711,25,1671,22,2,12,8,8,12,2,49,71,CONCACAF,1,
1945,1945-12-31,Iraq,25,IQ,1678,25,1678,26,1677,26,1670,3,1,2,0,2,1,0,7,6,AFC,0,
1945,1945-12-31,France,27,FR,1661,9,1690,25,1597,40,1514,167,90,67,10,51,98,18,289,504,UEFA,0,
1945,1945-12-31,Portugal,27,PT,1661,17,1749,24,1678,35,1645,45,24,17,4,12,25,8,66,99,UEFA,0,
1945,1945-12-31,Tunisia,29,TN,1660,24,1660,29,1653,33,1610,4,1,3,0,3,0,1,10,4,CAF,0,
1945,1945-12-31,Netherlands,32,NL,1657,3,2003,15,1798,34,1606,171,88,69,14,77,66,28,413,368,UEFA,0,
1945,1945-12-31,South Africa,33,ZA,1654,7,1847,17,1757,35,1654,22,15,7,0,3,19,0,30,68,CAF,0,
1945,1945-12-31,Egypt,34,EG,1646,16,1761,25,1673,37,1646,20,4,6,10,9,8,3,54,52,CAF,0,
1945,1945-12-31,Algeria,35,DZ,1640,21,1690,32,1647,39,1640,4,3,1,0,0,3,1,4,10,CAF,0,
1945,1945-12-31,Norway,38,NO,1624,14,1794,25,1566,39,1364,146,71,64,11,48,71,27,266,381,UEFA,0,
1945,1945-12-31,Canada,40,CA,1619,25,1619,33,1616,42,1589,13,1,12,0,5,6,2,20,26,CONCACAF,1,
1945,1945-12-31,Iran,44,IR,1571,44,1571,45,1571,47,1571,1,0,1,0,0,1,0,0,1,AFC,0,
1945,1945-12-31,Curaçao,48,CW,1544,26,1611,39,1574,57,1501,52,23,24,5,27,11,14,114,75,CONCACAF,0,
1945,1945-12-31,Belgium,51,BE,1516,5,1930,24,1691,54,1503,197,101,90,6,65,100,32,392,506,UEFA,0,
1945,1945-12-31,New Zealand,62,NZ,1432,29,1572,47,1498,64,1432,16,10,6,0,5,9,2,30,51,OFC,0,
1945,1945-12-31,Turkey,67,TR,1358,37,1541,56,1406,69,1358,42,20,18,4,8,26,8,73,114,UEFA,0,
1945,1945-12-31,Colombia,68,CO,1354,56,1444,68,1350,75,1330,15,4,2,9,4,10,1,23,44,CONMEBOL,0,
1945,1945-12-31,Haiti,79,HT,1301,54,1336,68,1298,81,1265,22,18,2,2,7,10,5,27,40,CONCACAF,0,
1945,1945-12-31,Japan,82,JP,1290,30,1292,64,1216,83,1126,20,7,6,7,5,14,1,30,83,AFC,0,
1945,1945-12-31,Panama,86,PA,1277,69,1314,84,1272,87,1260,12,5,4,3,2,7,3,19,41,CONCACAF,0,
1945,1945-12-31,Ecuador,90,EC,1210,69,1340,85,1258,92,1210,25,0,5,20,2,21,2,28,112,CONMEBOL,0,
1946,1946-12-31,Argentina,2,AR,2081,1,2129,3,2006,10,1855,278,123,112,43,154,65,59,617,347,CONMEBOL,0,
1946,1946-12-31,Brazil,3,BR,1973,3,1996,8,1894,14,1805,92,27,26,39,45,32,15,206,162,CONMEBOL,0,
1946,1946-12-31,England,4,EN,1971,1,2213,3,1996,12,1810,309,124,181,4,203,63,43,1041,385,UEFA,0,
1946,1946-12-31,Scotland,5,SQ,1959,1,2104,4,1963,11,1781,203,98,105,0,124,38,41,530,252,UEFA,0,
1946,1946-12-31,Spain,6,ES,1925,1,2036,5,1960,9,1901,66,27,30,9,40,14,12,155,77,UEFA,0,
1946,1946-12-31,Germany,7,DE,1908,7,1913,14,1753,25,1637,202,98,92,12,100,64,38,533,371,UEFA,0,
1946,1946-12-31,Austria,10,AT,1846,1,2070,7,1889,13,1785,204,94,102,8,96,67,41,482,381,UEFA,0,
1946,1946-12-31,Uruguay,11,UY,1823,1,2104,5,1939,12,1823,241,95,98,48,110,87,44,441,353,CONMEBOL,0,
1946,1946-12-31,Mexico,12,MX,1818,12,1818,22,1706,48,1498,29,9,5,15,20,7,2,99,56,CONCACAF,1,
1946,1946-12-31,Czechia,13,CZ,1806,3,1956,8,1875,14,1791,146,61,73,12,70,41,35,358,261,UEFA,0,
1946,1946-12-31,Sweden,13,SE,1806,5,1894,16,1717,32,1579,258,127,115,16,126,94,38,716,511,UEFA,0,
1946,1946-12-31,Paraguay,15,PY,1780,10,1864,17,1736,25,1647,86,21,30,35,26,47,13,123,183,CONMEBOL,0,
1946,1946-12-31,Switzerland,15,CH,1780,11,1804,22,1611,40,1485,202,97,92,13,59,110,33,319,490,UEFA,0,
1946,1946-12-31,Australia,18,AU,1714,16,1729,28,1633,41,1528,42,31,11,0,23,14,5,126,94,AFC,0,
1946,1946-12-31,France,20,FR,1709,9,1709,25,1599,40,1514,171,93,68,10,54,99,18,298,508,UEFA,0,
1946,1946-12-31,South Korea,21,KR,1702,19,1702,20,1702,21,1702,1,1,0,0,1,0,0,5,0,AFC,0,
1946,1946-12-31,United States,22,US,1693,12,1784,18,1710,25,1671,22,2,12,8,8,12,2,49,71,CONCACAF,1,
1946,1946-12-31,Portugal,25,PT,1680,17,1749,24,1678,35,1645,47,26,17,4,14,25,8,71,101,UEFA,0,
1946,1946-12-31,Iraq,26,IQ,1678,24,1678,26,1677,27,1670,3,1,2,0,2,1,0,7,6,AFC,0,
1946,1946-12-31,Netherlands,30,NL,1666,3,2003,15,1795,34,1606,175,89,72,14,79,67,29,429,383,UEFA,0,
1946,1946-12-31,Tunisia,31,TN,1660,24,1660,29,1653,33,1610,4,1,3,0,3,0,1,10,4,CAF,0,
1946,1946-12-31,South Africa,34,ZA,1654,7,1847,17,1754,35,1654,22,15,7,0,3,19,0,30,68,CAF,0,
1946,1946-12-31,Egypt,35,EG,1646,16,1761,26,1672,37,1646,20,4,6,10,9,8,3,54,52,CAF,0,
1946,1946-12-31,Algeria,36,DZ,1640,21,1690,32,1647,39,1640,4,3,1,0,0,3,1,4,10,CAF,0,
1946,1946-12-31,Canada,39,CA,1619,25,1619,33,1617,42,1589,13,1,12,0,5,6,2,20,26,CONCACAF,1,
1946,1946-12-31,Norway,42,NO,1593,14,1794,26,1568,43,1364,152,74,67,11,50,75,27,283,397,UEFA,0,
1946,1946-12-31,Iran,44,IR,1571,44,1571,45,1571,47,1571,1,0,1,0,0,1,0,0,1,AFC,0,
1946,1946-12-31,Curaçao,45,CW,1562,26,1611,39,1573,57,1501,62,25,27,10,33,13,16,152,89,CONCACAF,0,
1946,1946-12-31,Belgium,51,BE,1524,5,1930,25,1687,54,1503,202,103,93,6,66,102,34,406,518,UEFA,0,
1946,1946-12-31,Colombia,55,CO,1495,55,1495,68,1352,75,1330,21,10,2,9,10,10,1,43,51,CONMEBOL,0,
1946,1946-12-31,New Zealand,62,NZ,1432,29,1572,48,1495,64,1432,16,10,6,0,5,9,2,30,51,OFC,0,
1946,1946-12-31,Panama,69,PA,1385,69,1385,84,1269,89,1213,25,5,8,12,8,11,6,53,70,CONCACAF,0,
1946,1946-12-31,Turkey,71,TR,1358,37,1541,57,1404,71,1358,42,20,18,4,8,26,8,73,114,UEFA,0,
1946,1946-12-31,Haiti,80,HT,1301,54,1336,68,1298,81,1265,22,18,2,2,7,10,5,27,40,CONCACAF,0,
1946,1946-12-31,Japan,83,JP,1290,30,1292,64,1219,83,1126,20,7,6,7,5,14,1,30,83,AFC,0,
1946,1946-12-31,Ecuador,91,EC,1210,69,1340,85,1253,92,1210,25,0,5,20,2,21,2,28,112,CONMEBOL,0,
1947,1947-12-31,Argentina,1,AR,2097,1,2129,3,2008,10,1855,287,124,114,49,161,65,61,651,356,CONMEBOL,0,
1947,1947-12-31,England,3,EN,1998,1,2213,3,1996,12,1810,317,128,185,4,208,64,45,1069,393,UEFA,0,
1947,1947-12-31,Brazil,4,BR,1977,3,1996,8,1896,14,1805,94,28,27,39,46,32,16,209,164,CONMEBOL,0,
1947,1947-12-31,Germany,6,DE,1908,6,1913,14,1757,25,1637,202,98,92,12,100,64,38,533,371,UEFA,0,
1947,1947-12-31,Spain,7,ES,1888,1,2036,5,1957,9,1888,68,27,32,9,40,16,12,158,84,UEFA,0,
1947,1947-12-31,Scotland,8,SQ,1876,1,2104,4,1962,11,1781,208,99,109,0,125,41,42,539,259,UEFA,0,
1947,1947-12-31,Mexico,9,MX,1867,9,1867,22,1711,48,1498,31,9,6,16,22,7,2,107,57,CONCACAF,1,
1947,1947-12-31,Austria,10,AT,1863,1,2070,7,1888,13,1785,208,96,104,8,98,69,41,495,393,UEFA,0,
1947,1947-12-31,Sweden,11,SE,1861,5,1894,16,1720,32,1579,265,131,117,17,132,95,38,749,523,UEFA,0,
1947,1947-12-31,Paraguay,12,PY,1841,10,1864,17,1738,25,1647,93,21,31,41,31,48,14,139,194,CONMEBOL,0,
1947,1947-12-31,Czechia,14,CZ,1833,3,1956,8,1874,15,1791,152,64,76,12,74,42,36,379,274,UEFA,0,
1947,1947-12-31,Uruguay,15,UY,1820,1,2104,5,1937,15,1815,252,97,101,54,115,91,46,469,370,CONMEBOL,0,
1947,1947-12-31,Switzerland,16,CH,1762,11,1804,22,1615,40,1485,208,100,95,13,61,113,34,331,505,UEFA,0,
1947,1947-12-31,France,17,FR,1760,9,1760,25,1602,40,1514,177,96,71,10,59,100,18,313,516,UEFA,0,
1947,1947-12-31,South Africa,20,ZA,1726,7,1847,18,1753,35,1654,31,15,16,0,10,20,1,66,89,CAF,0,
1947,1947-12-31,South Korea,24,KR,1702,19,1702,21,1702,24,1702,1,1,0,0,1,0,0,5,0,AFC,0,
1947,1947-12-31,Netherlands,26,NL,1686,3,2003,16,1792,34,1606,179,91,74,14,82,68,29,439,391,UEFA,0,
1947,1947-12-31,Portugal,27,PT,1683,17,1749,24,1679,35,1645,53,30,19,4,16,28,9,81,119,UEFA,0,
1947,1947-12-31,Australia,29,AU,1678,16,1729,27,1635,41,1528,47,36,11,0,24,17,6,138,106,AFC,0,
1947,1947-12-31,Iraq,29,IQ,1678,24,1678,26,1678,29,1670,3,1,2,0,2,1,0,7,6,AFC,0,
1947,1947-12-31,Tunisia,31,TN,1660,24,1660,29,1654,33,1610,4,1,3,0,3,0,1,10,4,CAF,0,
1947,1947-12-31,Egypt,33,EG,1646,16,1761,26,1671,37,1646,20,4,6,10,9,8,3,54,52,CAF,0,
1947,1947-12-31,Algeria,35,DZ,1640,21,1690,33,1646,39,1640,4,3,1,0,0,3,1,4,10,CAF,0,
1947,1947-12-31,Canada,37,CA,1619,25,1619,33,1617,42,1589,13,1,12,0,5,6,2,20,26,CONCACAF,1,
1947,1947-12-31,United States,38,US,1609,12,1784,19,1708,39,1609,24,2,13,9,8,14,2,51,81,CONCACAF,1,
1947,1947-12-31,Norway,41,NO,1573,14,1794,26,1568,43,1364,159,76,71,12,53,78,28,300,418,UEFA,0,
1947,1947-12-31,Iran,42,IR,1571,42,1571,45,1571,47,1571,1,0,1,0,0,1,0,0,1,AFC,0,
1947,1947-12-31,Belgium,51,BE,1515,5,1930,25,1683,54,1503,208,106,96,6,67,107,34,414,536,UEFA,0,
1947,1947-12-31,Curaçao,57,CW,1477,26,1611,40,1570,58,1477,73,29,34,10,36,18,19,169,116,CONCACAF,0,
1947,1947-12-31,Colombia,66,CO,1408,54,1495,67,1366,75,1330,28,10,3,15,10,15,3,45,70,CONMEBOL,0,
1947,1947-12-31,New Zealand,68,NZ,1396,29,1572,48,1492,68,1396,20,14,6,0,5,13,2,39,75,OFC,0,
1947,1947-12-31,Haiti,69,HT,1395,54,1395,68,1301,81,1265,26,22,2,2,11,10,5,45,41,CONCACAF,0,
1947,1947-12-31,Panama,74,PA,1385,69,1385,83,1281,89,1213,25,5,8,12,8,11,6,53,70,CONCACAF,0,
1947,1947-12-31,Turkey,76,TR,1358,37,1541,58,1402,76,1358,42,20,18,4,8,26,8,73,114,UEFA,0,
1947,1947-12-31,Japan,86,JP,1290,30,1292,65,1221,87,1126,20,7,6,7,5,14,1,30,83,AFC,0,
1947,1947-12-31,Ecuador,95,EC,1218,69,1340,86,1248,95,1205,32,7,5,20,2,25,5,31,129,CONMEBOL,0,
1948,1948-12-31,Argentina,1,AR,2076,1,2129,3,2009,10,1855,289,125,115,49,162,66,61,652,358,CONMEBOL,0,
1948,1948-12-31,England,2,EN,2073,1,2213,3,1996,12,1810,323,130,189,4,213,64,46,1088,395,UEFA,0,
1948,1948-12-31,Sweden,3,SE,1997,3,2012,16,1725,32,1579,275,133,121,21,139,97,39,783,536,UEFA,0,
1948,1948-12-31,Brazil,5,BR,1949,3,1996,8,1898,14,1805,96,28,29,39,46,33,17,212,169,CONMEBOL,0,
1948,1948-12-31,Germany,7,DE,1908,6,1913,13,1761,25,1637,202,98,92,12,100,64,38,533,371,UEFA,0,
1948,1948-12-31,Spain,8,ES,1894,1,2036,5,1955,9,1888,71,29,33,9,42,16,13,165,88,UEFA,0,
1948,1948-12-31,Scotland,9,SQ,1872,1,2104,4,1961,14,1781,214,102,112,0,128,44,42,548,269,UEFA,0,
1948,1948-12-31,Uruguay,10,UY,1869,1,2104,5,1935,15,1815,256,100,102,54,117,92,47,476,374,CONMEBOL,0,
1948,1948-12-31,Paraguay,11,PY,1841,10,1864,17,1741,25,1647,93,21,31,41,31,48,14,139,194,CONMEBOL,0,
1948,1948-12-31,Austria,13,AT,1803,1,2070,7,1888,15,1785,216,99,108,9,102,73,41,508,408,UEFA,0,
1948,1948-12-31,Mexico,14,MX,1802,8,1867,21,1716,48,1498,32,9,6,17,22,8,2,110,62,CONCACAF,1,
1948,1948-12-31,France,16,FR,1768,9,1775,25,1606,40,1514,182,99,73,10,61,102,19,326,526,UEFA,0,
1948,1948-12-31,Switzerland,18,CH,1754,11,1804,22,1618,40,1485,215,103,99,13,63,116,36,343,526,UEFA,0,
1948,1948-12-31,Czechia,19,CZ,1738,3,1956,9,1872,26,1699,159,66,81,12,75,47,37,386,288,UEFA,0,
1948,1948-12-31,Australia,20,AU,1733,16,1733,27,1638,41,1528,51,36,15,0,28,17,6,163,107,AFC,0,
1948,1948-12-31,South Africa,21,ZA,1726,7,1847,18,1752,35,1654,31,15,16,0,10,20,1,66,89,CAF,0,
1948,1948-12-31,South Korea,22,KR,1715,16,1767,21,1703,24,1702,3,1,0,2,2,1,0,10,15,AFC,0,
1948,1948-12-31,Netherlands,26,NL,1699,3,2003,16,1789,34,1606,184,93,77,14,84,68,32,446,396,UEFA,0,
1948,1948-12-31,Portugal,27,PT,1690,17,1749,24,1679,35,1645,55,31,20,4,17,29,9,83,121,UEFA,0,
1948,1948-12-31,Iraq,29,IQ,1678,24,1678,27,1678,29,1670,3,1,2,0,2,1,0,7,6,AFC,0,
1948,1948-12-31,Tunisia,30,TN,1660,24,1660,29,1654,33,1610,4,1,3,0,3,0,1,10,4,CAF,0,
1948,1948-12-31,Algeria,34,DZ,1640,21,1690,33,1646,39,1640,4,3,1,0,0,3,1,4,10,CAF,0,
1948,1948-12-31,Canada,35,CA,1619,25,1619,33,1617,42,1589,13,1,12,0,5,6,2,20,26,CONCACAF,1,
1948,1948-12-31,Norway,36,NO,1609,14,1794,26,1569,44,1364,165,80,73,12,56,80,29,320,427,UEFA,0,
1948,1948-12-31,Egypt,37,EG,1608,16,1761,26,1669,37,1608,22,5,6,11,9,9,4,56,56,CAF,0,
1948,1948-12-31,DR Congo,39,CD,1587,39,1587,40,1587,42,1587,1,1,0,0,0,1,0,2,3,CAF,0,
1948,1948-12-31,United States,40,US,1580,12,1784,19,1705,42,1580,26,2,15,9,8,16,2,51,97,CONCACAF,1,
1948,1948-12-31,Iran,43,IR,1571,42,1571,45,1571,47,1571,1,0,1,0,0,1,0,0,1,AFC,0,
1948,1948-12-31,Belgium,49,BE,1550,5,1930,26,1680,54,1503,214,109,99,6,68,108,38,425,547,UEFA,0,
1948,1948-12-31,Panama,60,PA,1470,57,1470,81,1297,89,1213,33,5,10,18,12,15,6,72,94,CONCACAF,0,
1948,1948-12-31,Turkey,61,TR,1455,37,1541,58,1402,77,1358,49,23,20,6,12,29,8,89,124,UEFA,0,
1948,1948-12-31,Curaçao,66,CW,1418,26,1611,41,1565,76,1361,84,29,38,17,38,24,22,185,137,CONCACAF,0,
1948,1948-12-31,Colombia,69,CO,1408,54,1495,67,1370,75,1330,28,10,3,15,10,15,3,45,70,CONMEBOL,0,
1948,1948-12-31,Haiti,72,HT,1387,54,1427,68,1306,81,1265,36,22,12,2,13,16,7,56,60,CONCACAF,0,
1948,1948-12-31,New Zealand,78,NZ,1341,29,1572,49,1488,78,1341,24,18,6,0,5,17,2,40,100,OFC,0,
1948,1948-12-31,Japan,88,JP,1290,30,1292,66,1223,88,1126,20,7,6,7,5,14,1,30,83,AFC,0,
1948,1948-12-31,Ecuador,97,EC,1218,69,1340,87,1245,97,1205,32,7,5,20,2,25,5,31,129,CONMEBOL,0,
1949,1949-12-31,Argentina,1,AR,2076,1,2129,3,2011,10,1855,289,125,115,49,162,66,61,652,358,CONMEBOL,0,
1949,1949-12-31,England,2,EN,2035,1,2213,3,1997,12,1810,331,134,193,4,218,67,46,1112,408,UEFA,0,
1949,1949-12-31,Brazil,4,BR,1982,3,1996,8,1900,14,1805,104,36,29,39,53,34,17,258,176,CONMEBOL,0,
1949,1949-12-31,Sweden,5,SE,1970,2,2013,15,1732,32,1579,283,138,124,21,143,99,41,807,553,UEFA,0,
1949,1949-12-31,Scotland,6,SQ,1969,1,2104,4,1960,14,1781,219,104,115,0,133,44,42,567,272,UEFA,0,
1949,1949-12-31,Germany,8,DE,1908,6,1913,13,1764,25,1637,202,98,92,12,100,64,38,533,371,UEFA,0,
1949,1949-12-31,Spain,9,ES,1895,1,2036,5,1953,11,1867,76,31,36,9,44,17,15,177,95,UEFA,0,
1949,1949-12-31,Paraguay,10,PY,1870,8,1904,17,1745,25,1647,101,21,33,47,37,50,14,160,207,CONMEBOL,0,
1949,1949-12-31,Mexico,11,MX,1841,8,1867,21,1720,48,1498,36,13,6,17,26,8,2,127,64,CONCACAF,1,
1949,1949-12-31,Austria,12,AT,1823,1,2070,8,1886,15,1785,223,102,112,9,106,76,41,524,425,UEFA,0,
1949,1949-12-31,Australia,16,AU,1733,16,1733,27,1641,41,1528,51,36,15,0,28,17,6,163,107,AFC,0,
1949,1949-12-31,South Africa,18,ZA,1730,7,1847,18,1752,35,1654,32,16,16,0,11,20,1,69,91,CAF,0,
1949,1949-12-31,Czechia,19,CZ,1729,3,1956,9,1869,26,1699,166,71,83,12,78,50,38,400,301,UEFA,0,
1949,1949-12-31,France,20,FR,1727,9,1775,24,1609,40,1514,191,104,76,11,63,107,21,338,547,UEFA,0,
1949,1949-12-31,South Korea,21,KR,1726,16,1767,21,1706,24,1702,7,1,4,2,5,1,1,25,22,AFC,0,
1949,1949-12-31,Switzerland,21,CH,1726,11,1804,22,1621,40,1485,221,106,102,13,66,119,36,358,539,UEFA,0,
1949,1949-12-31,Uruguay,23,UY,1720,1,2104,6,1931,24,1720,263,100,103,60,119,96,48,490,394,CONMEBOL,0,
1949,1949-12-31,Netherlands,25,NL,1703,3,2003,16,1788,34,1606,190,97,79,14,87,70,33,459,404,UEFA,0,
1949,1949-12-31,Portugal,26,PT,1691,17,1749,24,1679,35,1645,59,33,22,4,18,31,10,88,129,UEFA,0,
1949,1949-12-31,Iraq,28,IQ,1678,24,1678,27,1678,29,1670,3,1,2,0,2,1,0,7,6,AFC,0,
1949,1949-12-31,Tunisia,29,TN,1660,24,1660,29,1655,33,1610,4,1,3,0,3,0,1,10,4,CAF,0,
1949,1949-12-31,Algeria,32,DZ,1640,21,1690,33,1645,39,1640,4,3,1,0,0,3,1,4,10,CAF,0,
1949,1949-12-31,Belgium,35,BE,1634,5,1930,26,1678,54,1503,221,111,104,6,72,109,40,439,557,UEFA,0,
1949,1949-12-31,Canada,36,CA,1619,25,1619,34,1617,42,1589,13,1,12,0,5,6,2,20,26,CONCACAF,1,
1949,1949-12-31,Egypt,37,EG,1596,16,1761,27,1667,40,1580,24,5,7,12,10,10,4,61,60,CAF,0,
1949,1949-12-31,United States,40,US,1591,12,1784,20,1701,48,1548,31,3,17,11,9,19,3,59,116,CONCACAF,1,
1949,1949-12-31,DR Congo,41,CD,1587,39,1587,40,1587,42,1587,1,1,0,0,0,1,0,2,3,CAF,0,
1949,1949-12-31,Norway,42,NO,1579,14,1794,27,1569,44,1364,170,83,75,12,56,83,31,326,440,UEFA,0,
1949,1949-12-31,Iran,43,IR,1571,42,1571,44,1571,47,1571,2,1,1,0,1,1,0,4,1,AFC,0,
1949,1949-12-31,Turkey,54,TR,1523,37,1541,58,1405,77,1358,53,24,22,7,15,30,8,101,128,UEFA,0,
1949,1949-12-31,Panama,62,PA,1467,57,1470,79,1311,89,1213,35,5,12,18,13,16,6,76,99,CONCACAF,0,
1949,1949-12-31,Curaçao,66,CW,1432,26,1611,42,1560,76,1361,86,31,38,17,39,24,23,189,138,CONCACAF,0,
1949,1949-12-31,Haiti,67,HT,1417,54,1427,68,1310,81,1265,40,26,12,2,15,17,8,67,65,CONCACAF,0,
1949,1949-12-31,New Zealand,81,NZ,1341,29,1572,50,1483,82,1341,24,18,6,0,5,17,2,40,100,OFC,0,
1949,1949-12-31,Colombia,87,CO,1305,54,1495,68,1367,87,1305,35,10,4,21,10,20,5,49,93,CONMEBOL,0,
1949,1949-12-31,Japan,92,JP,1290,30,1292,66,1225,92,1126,20,7,6,7,5,14,1,30,83,AFC,0,
1949,1949-12-31,Ecuador,98,EC,1253,69,1340,88,1245,100,1183,39,7,6,26,3,31,5,38,150,CONMEBOL,0,
1950,1950-12-31,Argentina,1,AR,2074,1,2129,3,2012,10,1855,291,127,115,49,163,66,62,658,360,CONMEBOL,0,
1950,1950-12-31,Brazil,2,BR,2014,2,2067,7,1903,14,1805,115,47,29,39,60,36,19,292,191,CONMEBOL,0,
1950,1950-12-31,England,3,EN,1995,1,2213,3,1997,12,1810,340,136,197,7,224,69,47,1134,419,UEFA,0,
1950,1950-12-31,Scotland,5,SQ,1966,1,2104,4,1960,14,1781,226,108,118,0,137,46,43,582,279,UEFA,0,
1950,1950-12-31,Sweden,7,SE,1935,2,2013,15,1737,32,1579,294,141,128,25,149,103,42,833,576,UEFA,0,
1950,1950-12-31,Germany,8,DE,1912,6,1913,13,1768,25,1637,203,99,92,12,101,64,38,534,371,UEFA,0,
1950,1950-12-31,Austria,9,AT,1887,1,2070,8,1885,15,1785,230,107,114,9,111,77,42,549,438,UEFA,0,
1950,1950-12-31,Uruguay,11,UY,1872,1,2104,6,1929,24,1718,273,100,109,64,124,100,49,519,412,CONMEBOL,0,
1950,1950-12-31,Spain,12,ES,1869,1,2036,5,1950,12,1867,84,32,38,14,48,19,17,194,110,UEFA,0,
1950,1950-12-31,Paraguay,13,PY,1850,8,1904,17,1749,25,1647,108,21,37,50,38,53,17,170,224,CONMEBOL,0,
1950,1950-12-31,Australia,14,AU,1772,14,1772,27,1645,41,1528,57,36,21,0,32,19,6,179,114,AFC,0,
1950,1950-12-31,Switzerland,15,CH,1756,11,1804,22,1623,40,1485,231,109,107,15,69,124,38,378,568,UEFA,0,
1950,1950-12-31,Czechia,16,CZ,1748,3,1956,9,1866,26,1699,171,72,87,12,81,51,39,410,309,UEFA,0,
1950,1950-12-31,Mexico,17,MX,1735,8,1867,21,1722,48,1498,39,13,7,19,26,11,2,129,74,CONCACAF,1,
1950,1950-12-31,South Korea,21,KR,1722,16,1767,21,1708,24,1702,10,1,7,2,7,2,1,35,27,AFC,0,
1950,1950-12-31,South Africa,22,ZA,1714,7,1847,18,1751,35,1654,36,20,16,0,13,22,1,75,98,CAF,0,
1950,1950-12-31,France,23,FR,1710,9,1775,24,1611,40,1514,195,107,77,11,64,109,22,347,557,UEFA,0,
1950,1950-12-31,Portugal,26,PT,1687,17,1749,24,1680,35,1645,63,36,23,4,18,33,12,96,143,UEFA,0,
1950,1950-12-31,Belgium,26,BE,1687,5,1930,26,1677,54,1503,228,116,106,6,76,111,41,462,571,UEFA,0,
1950,1950-12-31,Iraq,28,IQ,1678,24,1678,27,1678,29,1670,3,1,2,0,2,1,0,7,6,AFC,0,
1950,1950-12-31,Tunisia,29,TN,1660,24,1660,29,1655,33,1610,4,1,3,0,3,0,1,10,4,CAF,0,
1950,1950-12-31,Algeria,32,DZ,1640,21,1690,33,1645,39,1640,4,3,1,0,0,3,1,4,10,CAF,0,
1950,1950-12-31,Netherlands,34,NL,1626,3,2003,16,1785,34,1606,196,97,85,14,87,76,33,470,433,UEFA,0,
1950,1950-12-31,Canada,36,CA,1619,25,1619,34,1617,42,1589,13,1,12,0,5,6,2,20,26,CONCACAF,1,
1950,1950-12-31,Norway,39,NO,1592,14,1794,27,1570,44,1364,177,86,79,12,58,86,33,339,457,UEFA,0,
1950,1950-12-31,Egypt,41,EG,1584,16,1761,27,1664,41,1580,26,7,7,12,11,11,4,63,61,CAF,0,
1950,1950-12-31,DR Congo,43,CD,1580,39,1587,41,1585,43,1580,2,1,1,0,0,2,0,2,4,CAF,0,
1950,1950-12-31,United States,45,US,1574,12,1784,21,1698,48,1548,34,3,17,14,10,21,3,63,124,CONCACAF,1,
1950,1950-12-31,Iran,46,IR,1561,42,1571,44,1570,47,1554,4,2,2,0,2,2,0,10,8,AFC,0,
1950,1950-12-31,Turkey,52,TR,1530,37,1541,58,1410,77,1358,56,26,23,7,17,31,8,111,136,UEFA,0,
1950,1950-12-31,Curaçao,61,CW,1476,26,1611,42,1556,76,1361,99,33,41,25,45,29,25,223,158,CONCACAF,0,
1950,1950-12-31,Panama,63,PA,1467,57,1470,78,1323,89,1213,35,5,12,18,13,16,6,76,99,CONCACAF,0,
1950,1950-12-31,Haiti,80,HT,1360,54,1427,69,1312,81,1265,44,26,13,5,16,20,8,72,73,CONCACAF,0,
1950,1950-12-31,New Zealand,81,NZ,1341,29,1572,51,1478,82,1341,24,18,6,0,5,17,2,40,100,OFC,0,
1950,1950-12-31,Colombia,87,CO,1305,54,1495,69,1362,87,1305,35,10,4,21,10,20,5,49,93,CONMEBOL,0,
1950,1950-12-31,Japan,93,JP,1290,30,1292,67,1227,93,1126,20,7,6,7,5,14,1,30,83,AFC,0,
1950,1950-12-31,Ecuador,100,EC,1253,69,1340,89,1245,100,1183,39,7,6,26,3,31,5,38,150,CONMEBOL,0,
1951,1951-12-31,Argentina,1,AR,2066,1,2129,2,2013,10,1855,293,127,117,49,164,67,62,660,362,CONMEBOL,0,
1951,1951-12-31,Brazil,2,BR,2014,2,2067,7,1906,14,1805,115,47,29,39,60,36,19,292,191,CONMEBOL,0,
1951,1951-12-31,England,4,EN,1966,1,2213,3,1997,12,1810,347,142,198,7,227,70,50,1150,430,UEFA,0,
1951,1951-12-31,Scotland,5,SQ,1964,1,2104,4,1961,14,1781,233,111,122,0,142,48,43,597,287,UEFA,0,
1951,1951-12-31,Germany,7,DE,1916,6,1924,13,1771,25,1637,210,102,96,12,106,66,38,555,380,UEFA,0,
1951,1951-12-31,Austria,8,AT,1905,1,2070,8,1885,15,1785,236,109,118,9,113,78,45,568,448,UEFA,0,
1951,1951-12-31,Spain,10,ES,1878,1,2036,5,1948,12,1867,87,33,40,14,49,19,19,203,116,UEFA,0,
1951,1951-12-31,Uruguay,11,UY,1872,1,2104,6,1927,24,1718,273,100,109,64,124,100,49,519,412,CONMEBOL,0,
1951,1951-12-31,Paraguay,12,PY,1850,8,1904,16,1752,25,1647,108,21,37,50,38,53,17,170,224,CONMEBOL,0,
1951,1951-12-31,Sweden,13,SE,1844,2,2013,15,1741,32,1579,303,145,133,25,151,108,44,848,594,UEFA,0,
1951,1951-12-31,Australia,15,AU,1772,14,1772,26,1649,41,1528,57,36,21,0,32,19,6,179,114,AFC,0,
1951,1951-12-31,France,16,FR,1739,9,1775,24,1614,40,1514,202,109,82,11,66,111,25,358,570,UEFA,0,
1951,1951-12-31,Czechia,18,CZ,1735,3,1956,9,1864,26,1699,173,74,87,12,81,52,40,413,313,UEFA,0,
1951,1951-12-31,Mexico,18,MX,1735,8,1867,21,1723,48,1498,39,13,7,19,26,11,2,129,74,CONCACAF,1,
1951,1951-12-31,South Korea,22,KR,1722,16,1767,21,1710,24,1702,10,1,7,2,7,2,1,35,27,AFC,0,
1951,1951-12-31,Switzerland,22,CH,1722,11,1804,21,1625,40,1485,237,112,110,15,69,129,39,390,590,UEFA,0,
1951,1951-12-31,South Africa,24,ZA,1714,7,1847,18,1750,35,1654,36,20,16,0,13,22,1,75,98,CAF,0,
1951,1951-12-31,Iraq,25,IQ,1678,24,1678,27,1678,29,1670,3,1,2,0,2,1,0,7,6,AFC,0,
1951,1951-12-31,Belgium,28,BE,1671,5,1930,26,1677,54,1503,234,119,109,6,77,114,43,478,599,UEFA,0,
1951,1951-12-31,Portugal,29,PT,1666,17,1749,25,1679,35,1645,67,38,25,4,18,36,13,101,155,UEFA,0,
1951,1951-12-31,Tunisia,30,TN,1660,24,1660,29,1655,33,1610,4,1,3,0,3,0,1,10,4,CAF,0,
1951,1951-12-31,Algeria,33,DZ,1640,21,1690,33,1645,39,1640,4,3,1,0,0,3,1,4,10,CAF,0,
1951,1951-12-31,Norway,34,NO,1638,14,1794,27,1571,44,1364,184,90,82,12,62,88,34,356,471,UEFA,0,
1951,1951-12-31,Canada,35,CA,1619,25,1619,34,1617,42,1589,13,1,12,0,5,6,2,20,26,CONCACAF,1,
1951,1951-12-31,Netherlands,37,NL,1607,3,2003,17,1782,37,1606,201,102,85,14,89,78,34,491,452,UEFA,0,
1951,1951-12-31,DR Congo,43,CD,1580,39,1587,41,1584,44,1580,2,1,1,0,0,2,0,2,4,CAF,0,
1951,1951-12-31,United States,45,US,1574,12,1784,21,1694,48,1548,34,3,17,14,10,21,3,63,124,CONCACAF,1,
1951,1951-12-31,Iran,47,IR,1557,42,1572,45,1569,48,1554,8,2,3,3,4,3,1,15,11,AFC,0,
1951,1951-12-31,Turkey,48,TR,1556,37,1562,58,1415,77,1358,60,28,25,7,19,33,8,115,142,UEFA,0,
1951,1951-12-31,Egypt,53,EG,1530,16,1761,28,1661,53,1530,31,10,9,12,13,13,5,76,66,CAF,0,
1951,1951-12-31,Panama,56,PA,1506,54,1508,77,1336,89,1213,39,9,12,18,16,16,7,89,102,CONCACAF,0,
1951,1951-12-31,Curaçao,60,CW,1490,26,1611,43,1554,76,1361,101,34,42,25,46,29,26,230,163,CONCACAF,0,
1951,1951-12-31,New Zealand,76,NZ,1392,29,1572,52,1473,83,1334,30,18,11,1,9,19,2,64,113,OFC,0,
1951,1951-12-31,Haiti,81,HT,1365,54,1427,69,1314,82,1265,47,26,16,5,17,21,9,76,77,CONCACAF,0,
1951,1951-12-31,Colombia,89,CO,1305,54,1495,71,1358,89,1305,35,10,4,21,10,20,5,49,93,CONMEBOL,0,
1951,1951-12-31,Japan,93,JP,1302,30,1303,68,1229,93,1126,23,7,6,10,6,15,2,34,86,AFC,0,
1951,1951-12-31,Ecuador,103,EC,1253,69,1340,90,1246,103,1183,39,7,6,26,3,31,5,38,150,CONMEBOL,0,
1952,1952-12-31,Argentina,2,AR,2077,1,2129,2,2014,10,1855,295,127,119,49,166,67,62,664,363,CONMEBOL,0,
1952,1952-12-31,Brazil,3,BR,2058,2,2067,7,1909,14,1805,120,47,30,43,64,36,20,306,193,CONMEBOL,0,
1952,1952-12-31,England,4,EN,2011,1,2213,3,1997,12,1810,354,144,203,7,232,70,52,1171,438,UEFA,0,
1952,1952-12-31,Scotland,5,SQ,1936,1,2104,4,1960,14,1781,239,114,125,0,145,50,44,610,295,UEFA,0,
1952,1952-12-31,Germany,6,DE,1924,6,1924,13,1774,25,1637,217,105,100,12,111,67,39,576,391,UEFA,0,
1952,1952-12-31,Austria,9,AT,1872,1,2070,8,1886,15,1785,243,113,121,9,115,81,47,583,459,UEFA,0,
1952,1952-12-31,Spain,10,ES,1869,1,2036,5,1946,12,1867,91,36,41,14,50,20,21,211,119,UEFA,0,
1952,1952-12-31,Uruguay,11,UY,1856,1,2104,6,1926,24,1718,278,100,110,68,127,102,49,535,422,CONMEBOL,0,
1952,1952-12-31,Paraguay,12,PY,1850,8,1904,16,1755,25,1647,108,21,37,50,38,53,17,170,224,CONMEBOL,0,
1952,1952-12-31,Sweden,13,SE,1843,2,2013,15,1743,32,1579,314,148,137,29,158,110,46,874,611,UEFA,0,
1952,1952-12-31,France,15,FR,1773,9,1790,24,1617,40,1514,210,114,85,11,71,113,26,372,577,UEFA,0,
1952,1952-12-31,Australia,16,AU,1772,14,1772,26,1653,41,1528,57,36,21,0,32,19,6,179,114,AFC,0,
1952,1952-12-31,South Korea,20,KR,1722,16,1767,21,1711,24,1702,10,1,7,2,7,2,1,35,27,AFC,0,
1952,1952-12-31,South Africa,21,ZA,1714,7,1847,18,1749,35,1654,36,20,16,0,13,22,1,75,98,CAF,0,
1952,1952-12-31,Belgium,22,BE,1703,5,1930,26,1678,54,1503,241,123,112,6,81,117,43,488,611,UEFA,0,
1952,1952-12-31,Switzerland,23,CH,1702,11,1804,21,1627,40,1485,243,115,113,15,70,133,40,399,606,UEFA,0,
1952,1952-12-31,Czechia,24,CZ,1686,3,1956,9,1861,26,1686,178,75,91,12,81,56,41,419,328,UEFA,0,
1952,1952-12-31,Iraq,25,IQ,1678,24,1678,27,1678,29,1670,3,1,2,0,2,1,0,7,6,AFC,0,
1952,1952-12-31,Tunisia,28,TN,1660,24,1660,29,1655,33,1610,4,1,3,0,3,0,1,10,4,CAF,0,
1952,1952-12-31,Portugal,29,PT,1655,17,1749,25,1679,35,1645,70,40,26,4,18,38,14,103,162,UEFA,0,
1952,1952-12-31,Mexico,30,MX,1643,8,1867,21,1721,48,1498,44,13,8,23,27,15,2,134,88,CONCACAF,1,
1952,1952-12-31,Algeria,32,DZ,1640,21,1690,33,1645,39,1640,4,3,1,0,0,3,1,4,10,CAF,0,
1952,1952-12-31,Norway,35,NO,1625,14,1794,28,1572,44,1364,190,93,84,13,64,92,34,370,486,UEFA,0,
1952,1952-12-31,Canada,36,CA,1619,25,1619,34,1617,42,1589,13,1,12,0,5,6,2,20,26,CONCACAF,1,
1952,1952-12-31,Netherlands,42,NL,1589,3,2003,17,1778,42,1589,206,104,88,14,89,81,36,497,462,UEFA,0,
1952,1952-12-31,DR Congo,43,CD,1580,39,1587,41,1583,44,1580,2,1,1,0,0,2,0,2,4,CAF,0,
1952,1952-12-31,United States,45,US,1571,12,1784,22,1691,48,1548,35,3,18,14,10,22,3,63,130,CONCACAF,1,
1952,1952-12-31,Iran,47,IR,1555,42,1572,45,1568,48,1554,10,2,5,3,4,3,3,15,11,AFC,0,
1952,1952-12-31,Turkey,50,TR,1537,37,1562,57,1419,77,1358,64,31,26,7,20,35,9,120,152,UEFA,0,
1952,1952-12-31,Egypt,51,EG,1533,16,1761,28,1657,53,1530,33,10,11,12,13,14,6,77,72,CAF,0,
1952,1952-12-31,Curaçao,55,CW,1512,26,1611,44,1552,76,1361,105,36,44,25,49,29,27,239,166,CONCACAF,0,
1952,1952-12-31,New Zealand,65,NZ,1455,29,1572,53,1471,83,1334,35,18,16,1,13,19,3,87,120,OFC,0,
1952,1952-12-31,Panama,71,PA,1436,54,1508,76,1344,89,1213,44,9,13,22,16,21,7,94,130,CONCACAF,0,
1952,1952-12-31,Haiti,81,HT,1387,54,1427,70,1316,82,1265,51,30,16,5,20,21,10,88,83,CONCACAF,0,
1952,1952-12-31,Colombia,90,CO,1305,54,1495,72,1354,90,1305,35,10,4,21,10,20,5,49,93,CONMEBOL,0,
1952,1952-12-31,Japan,93,JP,1302,30,1303,69,1231,94,1126,23,7,6,10,6,15,2,34,86,AFC,0,
1952,1952-12-31,Ecuador,104,EC,1253,69,1340,91,1246,104,1183,39,7,6,26,3,31,5,38,150,CONMEBOL,0,
1953,1953-12-31,Argentina,2,AR,2083,1,2129,2,2016,10,1855,298,130,119,49,168,67,63,668,364,CONMEBOL,0,
1953,1953-12-31,England,3,EN,2007,1,2213,3,1997,12,1810,363,147,209,7,236,73,54,1193,457,UEFA,0,
1953,1953-12-31,Brazil,4,BR,1971,2,2073,7,1911,14,1805,127,47,31,49,68,39,20,323,202,CONMEBOL,0,
1953,1953-12-31,Scotland,6,SQ,1929,1,2104,4,1960,14,1781,243,116,127,0,146,51,46,619,303,UEFA,0,
1953,1953-12-31,Germany,7,DE,1928,6,1928,13,1777,25,1637,222,109,101,12,114,67,41,587,393,UEFA,0,
1953,1953-12-31,Paraguay,8,PY,1926,6,1926,16,1759,25,1647,115,21,38,56,42,53,20,184,232,CONMEBOL,0,
1953,1953-12-31,Uruguay,9,UY,1884,1,2104,6,1925,24,1718,285,101,111,73,131,104,50,552,429,CONMEBOL,0,
1953,1953-12-31,Spain,10,ES,1875,1,2036,6,1944,12,1867,95,38,43,14,52,21,22,218,124,UEFA,0,
1953,1953-12-31,Austria,12,AT,1859,1,2070,8,1885,15,1785,249,115,125,9,116,83,50,595,468,UEFA,0,
1953,1953-12-31,Sweden,13,SE,1805,2,2013,15,1745,32,1579,325,153,143,29,162,113,50,895,629,UEFA,0,
1953,1953-12-31,France,14,FR,1786,9,1805,24,1620,40,1514,219,119,89,11,76,117,26,402,592,UEFA,0,
1953,1953-12-31,Australia,15,AU,1772,14,1772,26,1657,41,1528,57,36,21,0,32,19,6,179,114,AFC,0,
1953,1953-12-31,Belgium,17,BE,1753,5,1930,26,1679,54,1503,250,126,118,6,85,120,45,505,626,UEFA,0,
1953,1953-12-31,Czechia,18,CZ,1748,3,1956,10,1858,26,1686,187,80,95,12,86,58,43,433,338,UEFA,0,
1953,1953-12-31,South Korea,19,KR,1732,16,1767,21,1712,24,1702,12,1,8,3,9,2,1,41,29,AFC,0,
1953,1953-12-31,South Africa,24,ZA,1700,7,1847,18,1749,35,1654,37,20,17,0,13,23,1,76,101,CAF,0,
1953,1953-12-31,Iraq,26,IQ,1678,24,1678,27,1678,29,1670,3,1,2,0,2,1,0,7,6,AFC,0,
1953,1953-12-31,Mexico,27,MX,1675,8,1867,21,1719,48,1498,46,14,9,23,29,15,2,146,88,CONCACAF,1,
1953,1953-12-31,Switzerland,28,CH,1669,11,1804,22,1629,40,1485,250,118,117,15,72,137,41,409,624,UEFA,0,
1953,1953-12-31,Portugal,29,PT,1661,17,1749,25,1678,35,1641,73,42,27,4,19,39,15,107,172,UEFA,0,
1953,1953-12-31,Tunisia,30,TN,1660,24,1660,29,1656,33,1610,4,1,3,0,3,0,1,10,4,CAF,0,
1953,1953-12-31,Algeria,32,DZ,1640,21,1690,33,1644,39,1640,4,3,1,0,0,3,1,4,10,CAF,0,
1953,1953-12-31,Norway,34,NO,1633,14,1794,28,1573,44,1364,199,98,88,13,67,95,37,385,498,UEFA,0,
1953,1953-12-31,Canada,38,CA,1619,25,1619,34,1617,42,1589,13,1,12,0,5,6,2,20,26,CONCACAF,1,
1953,1953-12-31,DR Congo,41,CD,1596,39,1596,42,1583,44,1580,3,2,1,0,1,2,0,5,5,CAF,0,
1953,1953-12-31,Netherlands,44,NL,1573,3,2003,18,1774,47,1560,212,108,90,14,91,85,36,502,473,UEFA,0,
1953,1953-12-31,Egypt,44,EG,1573,16,1761,29,1654,53,1528,39,16,11,12,16,16,7,104,83,CAF,0,
1953,1953-12-31,United States,47,US,1566,12,1784,23,1687,48,1548,36,4,18,14,10,23,3,66,136,CONCACAF,1,
1953,1953-12-31,Turkey,48,TR,1561,37,1562,57,1423,77,1358,66,32,27,7,21,35,10,124,155,UEFA,0,
1953,1953-12-31,Iran,50,IR,1555,42,1572,45,1567,50,1554,10,2,5,3,4,3,3,15,11,AFC,0,
1953,1953-12-31,Curaçao,66,CW,1464,26,1611,44,1549,76,1361,114,37,47,30,51,32,31,262,184,CONCACAF,0,
1953,1953-12-31,New Zealand,71,NZ,1455,29,1572,54,1471,83,1334,35,18,16,1,13,19,3,87,120,OFC,0,
1953,1953-12-31,Haiti,83,HT,1370,54,1427,70,1319,83,1265,55,33,17,5,22,23,10,93,96,CONCACAF,0,
1953,1953-12-31,Colombia,91,CO,1305,54,1495,73,1351,93,1305,35,10,4,21,10,20,5,49,93,CONMEBOL,0,
1953,1953-12-31,Japan,93,JP,1302,30,1303,69,1233,95,1126,23,7,6,10,6,15,2,34,86,AFC,0,
1953,1953-12-31,Panama,101,PA,1282,54,1508,77,1342,101,1213,50,9,14,27,16,26,8,100,146,CONCACAF,0,
1953,1953-12-31,Ecuador,103,EC,1275,69,1340,91,1248,104,1183,45,7,7,31,3,35,7,39,163,CONMEBOL,0,
1953,1953-12-31,Jordan,111,JO,1217,108,1224,110,1217,111,1179,3,0,0,3,1,2,0,7,7,AFC,0,
1954,1954-12-31,Argentina,2,AR,2066,1,2129,2,2017,10,1855,300,130,121,49,169,68,63,671,367,CONMEBOL,0,
1954,1954-12-31,Germany,3,DE,2039,2,2097,13,1782,25,1637,234,110,106,18,122,71,41,625,419,UEFA,0,
1954,1954-12-31,Brazil,4,BR,2012,2,2073,7,1914,14,1805,134,49,33,52,73,40,21,339,208,CONMEBOL,0,
1954,1954-12-31,England,5,EN,1999,1,2213,3,1997,12,1810,372,149,214,9,241,76,55,1214,478,UEFA,0,
1954,1954-12-31,Austria,6,AT,1948,1,2070,8,1886,15,1785,260,119,128,13,122,87,51,623,489,UEFA,0,
1954,1954-12-31,Uruguay,7,UY,1940,1,2104,6,1925,24,1718,294,102,114,78,135,107,52,580,447,CONMEBOL,0,
1954,1954-12-31,Paraguay,9,PY,1930,5,1956,16,1764,25,1647,121,24,41,56,45,55,21,197,240,CONMEBOL,0,
1954,1954-12-31,Spain,11,ES,1837,1,2036,6,1941,12,1837,98,39,44,15,53,22,23,224,128,UEFA,0,
1954,1954-12-31,Sweden,12,SE,1825,2,2013,15,1747,32,1579,334,159,146,29,169,114,51,931,644,UEFA,0,
1954,1954-12-31,Scotland,13,SQ,1806,1,2104,4,1959,14,1781,252,120,130,2,149,55,48,630,323,UEFA,0,
1954,1954-12-31,France,14,FR,1804,9,1808,24,1623,40,1514,225,121,91,13,78,119,28,414,604,UEFA,0,
1954,1954-12-31,Belgium,15,BE,1781,5,1930,26,1680,54,1503,259,131,120,8,89,121,49,527,642,UEFA,0,
1954,1954-12-31,Australia,16,AU,1755,14,1772,25,1660,41,1528,60,39,21,0,34,20,6,188,118,AFC,0,
1954,1954-12-31,Switzerland,20,CH,1721,11,1804,22,1630,40,1485,259,125,119,15,75,141,43,430,648,UEFA,0,
1954,1954-12-31,South Africa,21,ZA,1702,7,1847,18,1748,35,1654,38,21,17,0,14,23,1,78,102,CAF,0,
1954,1954-12-31,Czechia,23,CZ,1687,3,1956,10,1855,26,1686,190,80,96,14,86,61,43,434,349,UEFA,0,
1954,1954-12-31,Iraq,25,IQ,1678,24,1678,27,1678,29,1670,3,1,2,0,2,1,0,7,6,AFC,0,
1954,1954-12-31,Mexico,26,MX,1664,8,1867,21,1717,48,1498,50,16,9,25,31,17,2,155,97,CONCACAF,1,
1954,1954-12-31,Ivory Coast,27,CI,1661,27,1661,29,1661,31,1661,4,3,1,0,2,2,0,12,9,CAF,0,
1954,1954-12-31,Portugal,28,PT,1656,17,1749,25,1678,35,1641,76,44,28,4,19,41,16,108,178,UEFA,0,
1954,1954-12-31,Tunisia,29,TN,1650,24,1660,29,1655,33,1610,5,1,4,0,3,1,1,10,6,CAF,0,
1954,1954-12-31,Norway,32,NO,1646,14,1794,28,1574,44,1364,209,101,94,14,70,100,39,394,514,UEFA,0,
1954,1954-12-31,Turkey,35,TR,1642,27,1668,56,1429,77,1358,73,33,29,11,23,39,11,139,177,UEFA,0,
1954,1954-12-31,Algeria,36,DZ,1640,21,1690,33,1644,39,1640,4,3,1,0,0,3,1,4,10,CAF,0,
1954,1954-12-31,Canada,41,CA,1619,25,1619,34,1617,42,1589,13,1,12,0,5,6,2,20,26,CONCACAF,1,
1954,1954-12-31,DR Congo,43,CD,1596,39,1596,42,1585,45,1580,3,2,1,0,1,2,0,5,5,CAF,0,
1954,1954-12-31,United States,46,US,1578,12,1784,23,1684,54,1537,40,4,22,14,12,25,3,73,145,CONCACAF,1,
1954,1954-12-31,South Korea,47,KR,1575,16,1767,22,1706,48,1575,20,1,10,9,11,5,4,63,60,AFC,0,
1954,1954-12-31,Egypt,47,EG,1575,16,1761,30,1652,53,1528,44,18,14,12,17,19,8,108,96,CAF,0,
1954,1954-12-31,Iran,53,IR,1555,42,1572,46,1566,54,1554,10,2,5,3,4,3,3,15,11,AFC,0,
1954,1954-12-31,Netherlands,54,NL,1552,3,2003,18,1769,54,1552,216,108,94,14,91,89,36,507,490,UEFA,0,
1954,1954-12-31,Curaçao,66,CW,1486,26,1611,45,1547,76,1361,116,37,49,30,52,32,32,265,185,CONCACAF,0,
1954,1954-12-31,New Zealand,72,NZ,1472,29,1572,54,1471,83,1334,38,18,19,1,14,21,3,91,129,OFC,0,
1954,1954-12-31,Haiti,94,HT,1329,54,1427,71,1319,94,1265,57,35,17,5,22,25,10,95,102,CONCACAF,0,
1954,1954-12-31,Panama,95,PA,1320,54,1508,78,1340,107,1213,52,9,14,29,17,27,8,104,147,CONCACAF,0,
1954,1954-12-31,Colombia,98,CO,1305,54,1495,75,1349,100,1305,35,10,4,21,10,20,5,49,93,CONMEBOL,0,
1954,1954-12-31,Japan,108,JP,1284,30,1307,70,1235,108,1126,27,9,6,12,6,18,3,42,101,AFC,0,
1954,1954-12-31,Ecuador,111,EC,1275,69,1340,93,1250,111,1183,45,7,7,31,3,35,7,39,163,CONMEBOL,0,
1954,1954-12-31,Jordan,118,JO,1217,108,1224,116,1217,118,1179,3,0,0,3,1,2,0,7,7,AFC,0,
1955,1955-12-31,Argentina,2,AR,2115,1,2129,2,2018,10,1855,305,130,122,53,173,68,64,689,373,CONMEBOL,0,
1955,1955-12-31,Brazil,3,BR,2001,2,2073,7,1916,14,1805,138,53,33,52,75,40,23,348,213,CONMEBOL,0,
1955,1955-12-31,Germany,4,DE,1985,2,2097,12,1787,25,1637,240,113,109,18,124,75,41,634,430,UEFA,0,
1955,1955-12-31,England,5,EN,1967,1,2213,3,1997,12,1810,380,152,219,9,245,79,56,1236,489,UEFA,0,
1955,1955-12-31,Austria,7,AT,1932,1,2070,8,1886,15,1785,267,122,132,13,125,90,52,636,508,UEFA,0,
1955,1955-12-31,Uruguay,8,UY,1891,1,2104,6,1925,24,1718,299,102,115,82,137,109,53,592,459,CONMEBOL,0,
1955,1955-12-31,France,9,FR,1838,9,1849,24,1627,40,1514,232,124,95,13,82,120,30,425,611,UEFA,0,
1955,1955-12-31,Spain,11,ES,1831,1,2036,6,1938,12,1823,103,41,47,15,54,24,25,232,137,UEFA,0,
1955,1955-12-31,Scotland,12,SQ,1823,1,2104,4,1957,14,1781,259,122,135,2,152,58,49,645,338,UEFA,0,
1955,1955-12-31,South Africa,13,ZA,1812,7,1847,18,1747,35,1654,43,21,22,0,19,23,1,101,103,CAF,0,
1955,1955-12-31,Paraguay,14,PY,1809,5,1956,16,1766,25,1647,128,24,44,60,46,59,23,207,260,CONMEBOL,0,
1955,1955-12-31,Sweden,15,SE,1791,2,2013,15,1748,32,1579,343,164,150,29,172,118,53,953,670,UEFA,0,
1955,1955-12-31,Belgium,20,BE,1729,5,1930,26,1682,54,1503,266,133,125,8,90,126,50,534,656,UEFA,0,
1955,1955-12-31,Czechia,23,CZ,1719,3,1956,10,1853,26,1686,195,83,98,14,89,63,43,446,360,UEFA,0,
1955,1955-12-31,Iraq,26,IQ,1678,24,1678,27,1678,29,1670,3,1,2,0,2,1,0,7,6,AFC,0,
1955,1955-12-31,Switzerland,27,CH,1676,11,1804,22,1631,40,1485,265,129,121,15,75,146,44,438,665,UEFA,0,
1955,1955-12-31,Mexico,28,MX,1664,8,1867,22,1716,48,1498,50,16,9,25,31,17,2,155,97,CONCACAF,1,
1955,1955-12-31,Portugal,29,PT,1662,17,1749,25,1677,35,1641,81,46,31,4,21,44,16,118,191,UEFA,0,
1955,1955-12-31,Ivory Coast,31,CI,1661,27,1661,30,1661,33,1661,4,3,1,0,2,2,0,12,9,CAF,0,
1955,1955-12-31,Turkey,33,TR,1653,27,1668,56,1436,77,1358,74,34,29,11,24,39,11,142,178,UEFA,0,
1955,1955-12-31,Tunisia,34,TN,1650,24,1660,29,1655,34,1610,5,1,4,0,3,1,1,10,6,CAF,0,
1955,1955-12-31,Australia,35,AU,1645,14,1772,25,1662,41,1528,65,44,21,0,34,25,6,189,141,AFC,0,
1955,1955-12-31,Algeria,36,DZ,1640,21,1690,33,1644,39,1640,4,3,1,0,0,3,1,4,10,CAF,0,
1955,1955-12-31,Canada,39,CA,1619,25,1619,34,1617,42,1589,13,1,12,0,5,6,2,20,26,CONCACAF,1,
1955,1955-12-31,Norway,40,NO,1617,14,1794,28,1575,44,1364,217,105,98,14,71,105,41,400,531,UEFA,0,
1955,1955-12-31,Netherlands,41,NL,1608,3,2003,19,1766,55,1552,223,113,96,14,95,90,38,520,496,UEFA,0,
1955,1955-12-31,DR Congo,44,CD,1596,39,1596,42,1587,45,1580,3,2,1,0,1,2,0,5,5,CAF,0,
1955,1955-12-31,South Korea,45,KR,1575,16,1767,24,1697,48,1575,20,1,10,9,11,5,4,63,60,AFC,0,
1955,1955-12-31,United States,47,US,1564,12,1784,24,1682,54,1537,41,4,23,14,12,26,3,75,148,CONCACAF,1,
1955,1955-12-31,Iran,51,IR,1555,42,1572,46,1565,54,1554,10,2,5,3,4,3,3,15,11,AFC,0,
1955,1955-12-31,Curaçao,54,CW,1543,26,1611,46,1545,77,1361,128,39,52,37,59,36,33,289,203,CONCACAF,0,
1955,1955-12-31,Egypt,58,EG,1535,16,1761,30,1649,59,1528,50,22,15,13,19,22,9,115,106,CAF,0,
1955,1955-12-31,New Zealand,70,NZ,1472,29,1572,55,1471,83,1334,38,18,19,1,14,21,3,91,129,OFC,0,
1955,1955-12-31,Haiti,93,HT,1329,54,1427,71,1320,94,1265,57,35,17,5,22,25,10,95,102,CONCACAF,0,
1955,1955-12-31,Panama,94,PA,1320,54,1508,79,1339,107,1213,52,9,14,29,17,27,8,104,147,CONCACAF,0,
1955,1955-12-31,Colombia,97,CO,1305,54,1495,76,1346,100,1305,35,10,4,21,10,20,5,49,93,CONMEBOL,0,
1955,1955-12-31,Japan,102,JP,1294,30,1307,71,1236,108,1126,29,10,7,12,7,18,4,43,101,AFC,0,
1955,1955-12-31,Ecuador,112,EC,1258,69,1340,94,1250,112,1183,50,7,8,35,3,40,7,43,185,CONMEBOL,0,
1955,1955-12-31,Jordan,118,JO,1217,108,1224,117,1217,118,1179,3,0,0,3,1,2,0,7,7,AFC,0,
1956,1956-12-31,Argentina,2,AR,2097,1,2138,2,2020,10,1855,323,134,128,61,184,70,69,714,386,CONMEBOL,0,
1956,1956-12-31,Brazil,3,BR,2025,2,2073,7,1919,14,1805,163,58,45,60,89,45,29,390,239,CONMEBOL,0,
1956,1956-12-31,England,4,EN,2002,1,2213,3,1997,12,1810,389,156,224,9,251,79,59,1261,498,UEFA,0,
1956,1956-12-31,Uruguay,5,UY,1933,1,2104,6,1925,24,1718,310,110,118,82,142,112,56,609,473,CONMEBOL,0,
1956,1956-12-31,Germany,7,DE,1893,2,2097,12,1791,25,1637,249,119,112,18,127,80,42,651,448,UEFA,0,
1956,1956-12-31,Austria,8,AT,1890,1,2070,8,1887,15,1785,274,125,136,13,126,94,54,649,520,UEFA,0,
1956,1956-12-31,France,11,FR,1857,9,1857,23,1631,40,1514,237,128,96,13,85,122,30,437,620,UEFA,0,
1956,1956-12-31,Czechia,12,CZ,1845,3,1956,10,1852,26,1686,206,86,106,14,94,67,45,467,376,UEFA,0,
1956,1956-12-31,Scotland,12,SQ,1845,1,2104,4,1956,14,1781,264,126,136,2,154,58,52,652,342,UEFA,0,
1956,1956-12-31,Spain,14,ES,1813,1,2036,6,1935,14,1813,104,41,48,15,54,25,25,233,140,UEFA,0,
1956,1956-12-31,South Africa,15,ZA,1784,7,1847,18,1748,35,1654,44,21,23,0,19,24,1,101,107,CAF,0,
1956,1956-12-31,Sweden,17,SE,1774,2,2013,15,1749,32,1579,349,167,153,29,174,119,56,962,677,UEFA,0,
1956,1956-12-31,Paraguay,20,PY,1726,5,1956,16,1765,25,1647,137,28,45,64,46,65,26,214,278,CONMEBOL,0,
1956,1956-12-31,Portugal,26,PT,1695,17,1749,25,1677,35,1641,85,50,31,4,23,45,17,126,196,UEFA,0,
1956,1956-12-31,Iraq,29,IQ,1678,24,1678,27,1678,30,1670,3,1,2,0,2,1,0,7,6,AFC,0,
1956,1956-12-31,Belgium,30,BE,1677,5,1930,26,1682,54,1503,272,137,127,8,91,131,50,546,677,UEFA,0,
1956,1956-12-31,Switzerland,31,CH,1674,11,1804,22,1632,40,1485,272,133,124,15,77,148,47,450,679,UEFA,0,
1956,1956-12-31,South Korea,32,KR,1670,16,1767,25,1690,56,1542,31,4,16,11,20,6,5,88,71,AFC,0,
1956,1956-12-31,Turkey,33,TR,1666,26,1681,55,1443,77,1358,79,37,31,11,25,41,13,148,185,UEFA,0,
1956,1956-12-31,Mexico,34,MX,1662,8,1867,22,1714,48,1498,55,21,9,25,32,19,4,159,103,CONCACAF,1,
1956,1956-12-31,Ivory Coast,35,CI,1661,27,1661,31,1661,35,1661,4,3,1,0,2,2,0,12,9,CAF,0,
1956,1956-12-31,Netherlands,36,NL,1657,3,2003,19,1763,55,1552,230,115,101,14,100,91,39,535,509,UEFA,0,
1956,1956-12-31,Tunisia,37,TN,1650,24,1660,30,1655,37,1610,5,1,4,0,3,1,1,10,6,CAF,0,
1956,1956-12-31,Algeria,38,DZ,1640,21,1690,33,1644,39,1640,4,3,1,0,0,3,1,4,10,CAF,0,
1956,1956-12-31,Norway,42,NO,1619,14,1794,28,1576,44,1364,224,109,101,14,73,108,43,411,545,UEFA,0,
1956,1956-12-31,Canada,42,CA,1619,25,1619,34,1617,44,1589,13,1,12,0,5,6,2,20,26,CONCACAF,1,
1956,1956-12-31,Egypt,47,EG,1593,16,1761,31,1647,59,1528,52,23,16,13,21,22,9,124,109,CAF,0,
1956,1956-12-31,DR Congo,49,CD,1572,39,1596,43,1585,50,1572,4,3,1,0,1,3,0,7,9,CAF,0,
1956,1956-12-31,Curaçao,51,CW,1562,26,1611,46,1546,77,1361,133,41,54,38,63,37,33,299,208,CONCACAF,0,
1956,1956-12-31,Iran,54,IR,1555,42,1572,47,1564,56,1554,10,2,5,3,4,3,3,15,11,AFC,0,
1956,1956-12-31,United States,61,US,1531,12,1784,24,1679,62,1531,45,4,26,15,13,29,3,85,165,CONCACAF,1,
1956,1956-12-31,Australia,65,AU,1508,14,1772,25,1661,65,1508,73,52,21,0,36,31,6,203,182,AFC,0,
1956,1956-12-31,New Zealand,72,NZ,1472,29,1572,55,1471,83,1334,38,18,19,1,14,21,3,91,129,OFC,0,
1956,1956-12-31,Haiti,91,HT,1380,54,1427,72,1321,95,1265,62,40,17,5,26,25,11,106,107,CONCACAF,0,
1956,1956-12-31,Japan,96,JP,1351,30,1389,72,1239,108,1126,35,12,10,13,10,21,4,52,112,AFC,0,
1956,1956-12-31,Colombia,101,CO,1305,54,1495,77,1344,101,1305,35,10,4,21,10,20,5,49,93,CONMEBOL,0,
1956,1956-12-31,Panama,115,PA,1264,54,1508,81,1336,116,1213,56,9,16,31,17,31,8,109,157,CONCACAF,0,
1956,1956-12-31,Ecuador,118,EC,1258,69,1340,95,1251,118,1183,50,7,8,35,3,40,7,43,185,CONMEBOL,0,
1956,1956-12-31,Jordan,122,JO,1217,108,1224,118,1217,123,1179,3,0,0,3,1,2,0,7,7,AFC,0,
1957,1957-12-31,Argentina,2,AR,2060,1,2159,2,2021,10,1855,338,137,135,66,194,73,71,756,399,CONMEBOL,0,
1957,1957-12-31,England,3,EN,2004,1,2213,3,1997,12,1810,396,160,227,9,256,80,60,1283,505,UEFA,0,
1957,1957-12-31,Brazil,4,BR,1974,2,2073,7,1920,14,1805,177,63,49,65,97,49,31,424,254,CONMEBOL,0,
1957,1957-12-31,Germany,5,DE,1909,2,2097,12,1793,25,1637,254,122,114,18,131,81,42,659,454,UEFA,0,
1957,1957-12-31,Uruguay,6,UY,1907,1,2104,6,1925,24,1718,322,113,122,87,148,115,59,629,492,CONMEBOL,0,
1957,1957-12-31,Austria,8,AT,1890,1,2070,8,1887,15,1785,283,130,140,13,131,95,57,671,533,UEFA,0,
1957,1957-12-31,Czechia,10,CZ,1885,3,1956,10,1852,26,1686,213,89,110,14,99,68,46,481,382,UEFA,0,
1957,1957-12-31,Spain,11,ES,1873,1,2036,6,1932,14,1805,111,45,51,15,59,26,26,258,149,UEFA,0,
1957,1957-12-31,Scotland,12,SQ,1849,1,2104,5,1954,14,1781,272,129,141,2,158,60,54,668,356,UEFA,0,
1957,1957-12-31,France,13,FR,1848,9,1872,23,1635,40,1514,244,130,101,13,88,124,32,453,629,UEFA,0,
1957,1957-12-31,Sweden,15,SE,1798,2,2013,15,1750,32,1579,357,170,157,30,178,121,58,979,684,UEFA,0,
1957,1957-12-31,South Africa,16,ZA,1784,7,1847,18,1749,35,1654,44,21,23,0,19,24,1,101,107,CAF,0,
1957,1957-12-31,Mexico,18,MX,1778,8,1867,22,1714,48,1498,61,25,11,25,37,19,5,180,106,CONCACAF,1,
1957,1957-12-31,Paraguay,21,PY,1735,5,1956,16,1765,25,1647,146,32,50,64,51,68,27,236,291,CONMEBOL,0,
1957,1957-12-31,Morocco,22,MA,1726,21,1743,22,1726,26,1699,4,0,0,4,2,0,2,12,6,CAF,0,
1957,1957-12-31,Turkey,25,TR,1710,19,1722,54,1451,77,1358,83,38,34,11,27,42,14,154,189,UEFA,0,
1957,1957-12-31,Ghana,27,GH,1699,20,1726,25,1691,28,1676,17,9,8,0,10,4,3,33,27,CAF,0,
1957,1957-12-31,Belgium,30,BE,1681,5,1930,26,1682,54,1503,280,141,131,8,94,133,53,564,694,UEFA,0,
1957,1957-12-31,Portugal,32,PT,1673,17,1749,25,1678,36,1641,92,53,35,4,24,50,18,131,209,UEFA,0,
1957,1957-12-31,South Korea,33,KR,1670,16,1767,26,1689,56,1542,31,4,16,11,20,6,5,88,71,AFC,0,
1957,1957-12-31,Netherlands,35,NL,1668,3,2003,20,1761,55,1552,238,121,103,14,103,94,41,555,526,UEFA,0,
1957,1957-12-31,Iraq,36,IQ,1663,24,1679,27,1678,39,1648,6,1,2,3,3,2,1,15,14,AFC,0,
1957,1957-12-31,Ivory Coast,38,CI,1661,27,1661,32,1661,38,1661,4,3,1,0,2,2,0,12,9,CAF,0,
1957,1957-12-31,Algeria,39,DZ,1640,21,1690,33,1644,41,1640,4,3,1,0,0,3,1,4,10,CAF,0,
1957,1957-12-31,Switzerland,40,CH,1627,11,1804,22,1632,40,1485,277,135,127,15,77,152,48,456,694,UEFA,0,
1957,1957-12-31,Tunisia,40,TN,1627,24,1697,30,1655,41,1610,11,2,5,4,7,3,1,28,21,CAF,0,
1957,1957-12-31,Canada,42,CA,1620,25,1634,35,1617,45,1589,17,2,15,0,7,8,2,28,34,CONCACAF,1,
1957,1957-12-31,Egypt,43,EG,1616,16,1761,31,1646,59,1528,57,25,18,14,24,24,9,135,119,CAF,0,
1957,1957-12-31,Norway,47,NO,1604,14,1794,29,1577,48,1364,235,112,106,17,77,113,45,428,570,UEFA,0,
1957,1957-12-31,DR Congo,51,CD,1572,39,1596,43,1584,51,1572,4,3,1,0,1,3,0,7,9,CAF,0,
1957,1957-12-31,Iran,55,IR,1555,42,1572,47,1564,56,1554,10,2,5,3,4,3,3,15,11,AFC,0,
1957,1957-12-31,Curaçao,62,CW,1512,26,1611,46,1546,77,1361,140,46,56,38,66,40,34,310,219,CONCACAF,0,
1957,1957-12-31,Australia,63,AU,1508,14,1772,27,1657,65,1508,73,52,21,0,36,31,6,203,182,AFC,0,
1957,1957-12-31,Haiti,66,HT,1492,54,1506,72,1324,95,1265,68,40,20,8,30,26,12,123,116,CONCACAF,0,
1957,1957-12-31,New Zealand,73,NZ,1472,29,1572,56,1471,83,1334,38,18,19,1,14,21,3,91,129,OFC,0,
1957,1957-12-31,United States,79,US,1448,12,1784,26,1674,80,1448,49,6,28,15,13,33,3,90,186,CONCACAF,1,
1957,1957-12-31,Saudi Arabia,89,SA,1397,89,1399,89,1396,94,1368,3,0,1,2,1,1,1,4,3,AFC,0,
1957,1957-12-31,Colombia,95,CO,1375,54,1495,78,1345,102,1304,46,13,7,26,12,28,6,63,128,CONMEBOL,0,
1957,1957-12-31,Japan,98,JP,1351,30,1389,72,1242,108,1126,35,12,10,13,10,21,4,52,112,AFC,0,
1957,1957-12-31,Panama,117,PA,1255,54,1508,82,1332,117,1213,61,9,18,34,18,34,9,114,167,CONCACAF,0,
1957,1957-12-31,Ecuador,120,EC,1239,69,1340,96,1250,120,1183,56,7,9,40,3,45,8,50,208,CONMEBOL,0,
1957,1957-12-31,Jordan,123,JO,1192,108,1224,118,1214,125,1179,7,0,2,5,2,5,0,13,25,AFC,0,
1958,1958-12-31,Brazil,1,BR,2142,1,2142,7,1924,14,1805,187,67,50,70,105,49,33,452,260,CONMEBOL,0,
1958,1958-12-31,England,3,EN,1949,1,2213,3,1996,12,1810,407,163,231,13,259,82,66,1304,522,UEFA,0,
1958,1958-12-31,France,4,FR,1938,2,1965,23,1640,40,1514,257,135,103,19,94,126,37,492,653,UEFA,0,
1958,1958-12-31,Argentina,6,AR,1921,1,2159,2,2020,10,1855,345,139,137,69,197,77,71,765,411,CONMEBOL,0,
1958,1958-12-31,Uruguay,7,UY,1912,1,2104,6,1925,24,1718,324,114,123,87,149,116,59,630,494,CONMEBOL,0,
1958,1958-12-31,Sweden,9,SE,1903,2,2013,15,1752,32,1579,367,178,159,30,185,122,60,1007,698,UEFA,0,
1958,1958-12-31,Spain,10,ES,1878,1,2036,6,1930,14,1805,115,47,53,15,61,27,27,267,155,UEFA,0,
1958,1958-12-31,Germany,11,DE,1868,2,2097,12,1795,25,1637,269,125,121,23,137,85,47,688,479,UEFA,0,
1958,1958-12-31,Czechia,12,CZ,1863,3,1956,10,1853,26,1686,223,93,112,18,102,73,48,497,396,UEFA,0,
1958,1958-12-31,Austria,13,AT,1822,1,2070,8,1886,15,1785,291,134,141,16,133,99,59,685,551,UEFA,0,
1958,1958-12-31,Scotland,14,SQ,1809,1,2104,5,1953,19,1770,280,132,143,5,160,63,57,680,370,UEFA,0,
1958,1958-12-31,Paraguay,18,PY,1764,5,1956,16,1764,29,1647,153,33,53,67,53,71,29,247,310,CONMEBOL,0,
1958,1958-12-31,South Africa,18,ZA,1764,7,1847,18,1749,35,1654,45,21,24,0,19,25,1,104,116,CAF,0,
1958,1958-12-31,Mexico,25,MX,1724,8,1867,22,1715,48,1498,64,25,12,27,37,21,6,181,114,CONCACAF,1,
1958,1958-12-31,Netherlands,26,NL,1722,3,2003,20,1759,55,1552,248,128,106,14,109,96,43,594,542,UEFA,0,
1958,1958-12-31,Morocco,27,MA,1718,21,1743,25,1722,27,1699,8,2,0,6,5,1,2,21,11,CAF,0,
1958,1958-12-31,Algeria,29,DZ,1712,21,1712,33,1645,41,1640,7,3,3,1,3,3,1,16,13,CAF,0,
1958,1958-12-31,Ghana,30,GH,1707,20,1726,25,1691,32,1676,21,12,9,0,13,5,3,47,34,CAF,0,
1958,1958-12-31,Turkey,31,TR,1700,19,1723,53,1458,77,1358,88,40,37,11,29,43,16,158,194,UEFA,0,
1958,1958-12-31,South Korea,33,KR,1692,16,1767,26,1688,56,1542,38,4,18,16,24,8,6,106,81,AFC,0,
1958,1958-12-31,Portugal,36,PT,1669,17,1749,25,1677,36,1641,94,53,37,4,24,52,18,132,212,UEFA,0,
1958,1958-12-31,Iraq,37,IQ,1663,24,1679,28,1677,39,1648,6,1,2,3,3,2,1,15,14,AFC,0,
1958,1958-12-31,Ivory Coast,38,CI,1661,27,1661,33,1661,39,1661,4,3,1,0,2,2,0,12,9,CAF,0,
1958,1958-12-31,Belgium,39,BE,1647,5,1930,26,1682,54,1503,286,145,133,8,95,137,54,572,710,UEFA,0,
1958,1958-12-31,Egypt,40,EG,1630,16,1761,31,1646,59,1528,58,26,18,14,25,24,9,137,120,CAF,0,
1958,1958-12-31,Canada,41,CA,1620,25,1634,35,1617,45,1589,17,2,15,0,7,8,2,28,34,CONCACAF,1,
1958,1958-12-31,Norway,45,NO,1598,14,1794,29,1578,48,1364,241,116,108,17,80,115,46,439,582,UEFA,0,
1958,1958-12-31,Switzerland,46,CH,1596,11,1804,22,1632,47,1485,283,137,131,15,77,157,49,460,705,UEFA,0,
1958,1958-12-31,Tunisia,50,TN,1582,24,1697,31,1653,50,1582,14,5,5,4,8,5,1,34,32,CAF,0,
1958,1958-12-31,DR Congo,53,CD,1572,39,1596,44,1583,53,1572,4,3,1,0,1,3,0,7,9,CAF,0,
1958,1958-12-31,Australia,60,AU,1521,14,1772,27,1653,65,1508,75,52,23,0,37,31,7,208,186,AFC,0,
1958,1958-12-31,New Zealand,66,NZ,1504,29,1572,56,1471,83,1334,43,20,22,1,17,22,4,104,137,OFC,0,
1958,1958-12-31,Curaçao,69,CW,1498,26,1611,47,1545,77,1361,142,46,58,38,66,42,34,313,230,CONCACAF,0,
1958,1958-12-31,Haiti,70,HT,1492,54,1506,72,1329,95,1265,68,40,20,8,30,26,12,123,116,CONCACAF,0,
1958,1958-12-31,Iran,74,IR,1482,42,1572,48,1561,74,1482,12,2,5,5,4,5,3,15,20,AFC,0,
1958,1958-12-31,United States,80,US,1448,12,1784,27,1668,80,1448,49,6,28,15,13,33,3,90,186,CONCACAF,1,
1958,1958-12-31,Saudi Arabia,91,SA,1397,89,1399,89,1397,94,1368,3,0,1,2,1,1,1,4,3,AFC,0,
1958,1958-12-31,Colombia,95,CO,1375,54,1495,79,1346,102,1304,46,13,7,26,12,28,6,63,128,CONMEBOL,0,
1958,1958-12-31,Japan,111,JP,1278,30,1389,73,1244,111,1126,39,14,12,13,10,25,4,56,126,AFC,0,
1958,1958-12-31,Panama,115,PA,1255,54,1508,84,1328,117,1213,61,9,18,34,18,34,9,114,167,CONCACAF,0,
1958,1958-12-31,Ecuador,120,EC,1239,69,1340,97,1250,120,1183,56,7,9,40,3,45,8,50,208,CONMEBOL,0,
1958,1958-12-31,Jordan,124,JO,1192,108,1224,119,1210,125,1179,7,0,2,5,2,5,0,13,25,AFC,0,
1959,1959-12-31,Brazil,1,BR,2025,1,2165,7,1929,14,1805,201,70,53,78,115,51,35,488,278,CONMEBOL,0,
1959,1959-12-31,Argentina,3,AR,1974,1,2159,2,2019,10,1855,356,145,139,72,204,79,73,795,429,CONMEBOL,0,
1959,1959-12-31,France,5,FR,1945,2,1965,22,1645,40,1514,262,139,104,19,97,127,38,508,664,UEFA,0,
1959,1959-12-31,Uruguay,6,UY,1939,1,2104,6,1923,24,1718,335,115,125,95,154,121,60,659,512,CONMEBOL,0,
1959,1959-12-31,Sweden,7,SE,1920,2,2013,15,1755,32,1579,374,181,163,30,190,124,60,1031,709,UEFA,0,
1959,1959-12-31,England,8,EN,1907,1,2213,3,1996,12,1810,416,167,236,13,262,86,68,1322,538,UEFA,0,
1959,1959-12-31,Spain,9,ES,1906,1,2036,6,1929,14,1805,120,49,56,15,64,28,28,284,165,UEFA,0,
1959,1959-12-31,Germany,11,DE,1865,2,2097,12,1796,25,1637,275,128,124,23,139,87,49,706,488,UEFA,0,
1959,1959-12-31,Czechia,12,CZ,1860,3,1956,10,1853,26,1686,229,96,115,18,105,75,49,511,405,UEFA,0,
1959,1959-12-31,Scotland,13,SQ,1844,1,2104,5,1951,19,1770,286,134,147,5,163,65,58,690,376,UEFA,0,
1959,1959-12-31,Austria,14,AT,1827,1,2070,8,1886,15,1785,297,136,145,16,137,101,59,702,566,UEFA,0,
1959,1959-12-31,Mexico,16,MX,1776,8,1867,22,1717,48,1498,67,27,13,27,40,21,6,188,117,CONCACAF,1,
1959,1959-12-31,South Africa,19,ZA,1764,7,1847,18,1750,35,1654,45,21,24,0,19,25,1,104,116,CAF,0,
1959,1959-12-31,Algeria,23,DZ,1751,21,1751,33,1649,41,1640,10,3,6,1,6,3,1,33,13,CAF,0,
1959,1959-12-31,Ghana,25,GH,1743,20,1743,25,1692,34,1676,28,16,12,0,18,7,3,72,42,CAF,0,
1959,1959-12-31,Netherlands,28,NL,1720,3,2003,20,1759,55,1552,256,133,109,14,112,99,45,619,559,UEFA,0,
1959,1959-12-31,Paraguay,29,PY,1719,5,1956,16,1765,29,1647,164,33,56,75,57,77,30,268,334,CONMEBOL,0,
1959,1959-12-31,Turkey,30,TR,1717,19,1723,53,1465,77,1358,90,42,37,11,30,43,17,160,194,UEFA,0,
1959,1959-12-31,Egypt,31,EG,1714,16,1761,31,1646,59,1528,63,29,20,14,29,25,9,151,126,CAF,0,
1959,1959-12-31,Morocco,33,MA,1697,21,1743,26,1719,35,1683,11,4,1,6,7,2,2,25,14,CAF,0,
1959,1959-12-31,Portugal,34,PT,1694,17,1749,26,1677,39,1641,100,55,41,4,27,55,18,144,225,UEFA,0,
1959,1959-12-31,Iraq,36,IQ,1680,24,1680,28,1676,39,1648,8,2,3,3,5,2,1,26,14,AFC,0,
1959,1959-12-31,Ivory Coast,38,CI,1661,27,1661,34,1661,39,1661,4,3,1,0,2,2,0,12,9,CAF,0,
1959,1959-12-31,South Korea,39,KR,1634,16,1767,27,1688,56,1542,49,4,23,22,30,11,8,130,96,AFC,0,
1959,1959-12-31,Belgium,41,BE,1629,5,1930,26,1681,54,1503,291,146,137,8,95,140,56,579,729,UEFA,0,
1959,1959-12-31,Canada,42,CA,1620,25,1634,35,1618,45,1589,17,2,15,0,7,8,2,28,34,CONCACAF,1,
1959,1959-12-31,Senegal,45,SN,1604,44,1604,45,1604,45,1604,1,0,1,0,1,0,0,2,1,CAF,0,
1959,1959-12-31,DR Congo,50,CD,1572,39,1596,45,1582,54,1572,4,3,1,0,1,3,0,7,9,CAF,0,
1959,1959-12-31,Switzerland,50,CH,1572,11,1804,23,1631,50,1485,287,140,132,15,78,160,49,465,725,UEFA,0,
1959,1959-12-31,Tunisia,54,TN,1557,24,1697,31,1649,57,1534,20,10,6,4,9,9,2,37,50,CAF,0,
1959,1959-12-31,Australia,60,AU,1521,14,1772,28,1650,65,1508,75,52,23,0,37,31,7,208,186,AFC,0,
1959,1959-12-31,Iran,62,IR,1511,42,1572,50,1557,79,1450,18,2,7,9,7,7,4,27,30,AFC,0,
1959,1959-12-31,Haiti,64,HT,1509,54,1509,72,1334,95,1265,69,40,20,9,31,26,12,131,118,CONCACAF,0,
1959,1959-12-31,Norway,66,NO,1507,14,1794,29,1578,66,1364,251,120,114,17,83,122,46,454,611,UEFA,0,
1959,1959-12-31,New Zealand,67,NZ,1504,29,1572,56,1472,83,1334,43,20,22,1,17,22,4,104,137,OFC,0,
1959,1959-12-31,Curaçao,74,CW,1475,26,1611,47,1544,77,1361,147,47,60,40,68,43,36,336,239,CONCACAF,0,
1959,1959-12-31,United States,79,US,1443,12,1784,28,1663,82,1443,50,7,28,15,13,34,3,91,194,CONCACAF,1,
1959,1959-12-31,Saudi Arabia,94,SA,1397,89,1399,91,1397,94,1368,3,0,1,2,1,1,1,4,3,AFC,0,
1959,1959-12-31,Colombia,97,CO,1375,54,1495,80,1348,102,1304,46,13,7,26,12,28,6,63,128,CONMEBOL,0,
1959,1959-12-31,Japan,103,JP,1338,30,1389,74,1245,112,1126,49,16,15,18,14,29,6,74,144,AFC,0,
1959,1959-12-31,Ecuador,104,EC,1324,69,1340,98,1249,121,1183,61,12,9,40,4,48,9,56,219,CONMEBOL,0,
1959,1959-12-31,Panama,116,PA,1256,54,1508,85,1325,117,1213,64,9,19,36,19,35,10,119,173,CONCACAF,0,
1959,1959-12-31,Jordan,123,JO,1192,108,1224,120,1207,125,1179,7,0,2,5,2,5,0,13,25,AFC,0,
1959,1959-12-31,Cape Verde,123,CV,1192,123,1192,123,1192,123,1192,1,0,1,0,0,1,0,2,3,CAF,0,
1960,1960-12-31,Brazil,1,BR,2066,1,2165,6,1931,14,1805,216,72,62,82,125,55,36,526,295,CONMEBOL,0,
1960,1960-12-31,Argentina,2,AR,2016,1,2159,2,2019,10,1855,370,151,143,76,214,82,74,828,447,CONMEBOL,0,
1960,1960-12-31,England,6,EN,1947,1,2213,3,1995,12,1810,424,170,241,13,266,88,70,1349,552,UEFA,0,
1960,1960-12-31,Uruguay,7,UY,1940,1,2104,6,1923,24,1718,340,118,127,95,157,122,61,667,521,CONMEBOL,0,
1960,1960-12-31,Czechia,8,CZ,1923,3,1956,10,1853,26,1686,235,99,117,19,110,76,49,526,408,UEFA,0,
1960,1960-12-31,Spain,9,ES,1920,1,2036,6,1929,14,1805,128,51,62,15,69,31,28,303,177,UEFA,0,
1960,1960-12-31,Sweden,10,SE,1910,2,2013,14,1758,32,1579,380,185,165,30,195,125,60,1044,713,UEFA,0,
1960,1960-12-31,Germany,11,DE,1876,2,2097,12,1797,25,1637,282,131,128,23,144,89,49,723,496,UEFA,0,
1960,1960-12-31,France,12,FR,1858,2,1965,22,1650,40,1514,272,143,110,19,101,132,39,531,684,UEFA,0,
1960,1960-12-31,Austria,13,AT,1848,1,2070,8,1884,16,1785,305,140,149,16,142,104,59,718,580,UEFA,0,
1960,1960-12-31,Mexico,14,MX,1813,8,1867,22,1719,48,1498,76,29,16,31,43,24,9,206,131,CONCACAF,1,
1960,1960-12-31,Scotland,15,SQ,1796,1,2104,5,1950,19,1770,293,137,151,5,164,69,60,704,395,UEFA,0,
1960,1960-12-31,Ghana,16,GH,1795,16,1800,25,1695,34,1676,36,19,16,1,23,7,6,98,53,CAF,0,
1960,1960-12-31,South Africa,20,ZA,1764,7,1847,18,1750,35,1654,45,21,24,0,19,25,1,104,116,CAF,0,
1960,1960-12-31,Algeria,21,DZ,1761,19,1761,33,1653,41,1640,11,3,7,1,7,3,1,40,13,CAF,0,
1960,1960-12-31,Turkey,24,TR,1726,19,1732,52,1472,77,1358,92,43,38,11,31,44,17,165,198,UEFA,0,
1960,1960-12-31,Netherlands,25,NL,1721,3,2003,20,1758,55,1552,265,135,116,14,116,103,46,637,578,UEFA,0,
1960,1960-12-31,South Korea,26,KR,1709,16,1767,27,1686,56,1542,60,8,26,26,37,12,11,151,104,AFC,0,
1960,1960-12-31,Portugal,28,PT,1703,17,1749,26,1678,39,1641,103,56,43,4,28,57,18,148,233,UEFA,0,
1960,1960-12-31,Paraguay,31,PY,1681,5,1956,16,1764,31,1647,169,34,60,75,57,82,30,272,346,CONMEBOL,0,
1960,1960-12-31,Iraq,32,IQ,1673,24,1680,29,1676,39,1648,10,3,4,3,6,3,1,30,18,AFC,0,
1960,1960-12-31,Switzerland,36,CH,1658,11,1804,23,1630,53,1485,293,143,135,15,82,162,49,483,738,UEFA,0,
1960,1960-12-31,Egypt,37,EG,1652,16,1766,31,1648,59,1528,77,37,24,16,33,32,12,166,151,CAF,0,
1960,1960-12-31,Morocco,39,MA,1649,21,1743,29,1707,40,1649,15,7,2,6,8,5,2,30,25,CAF,0,
1960,1960-12-31,Canada,41,CA,1620,25,1634,35,1618,45,1589,17,2,15,0,7,8,2,28,34,CONCACAF,1,
1960,1960-12-31,Ivory Coast,43,CI,1618,27,1681,34,1661,43,1618,9,4,3,2,4,5,0,21,22,CAF,0,
1960,1960-12-31,Senegal,45,SN,1604,43,1604,44,1604,45,1604,1,0,1,0,1,0,0,2,1,CAF,0,
1960,1960-12-31,Belgium,47,BE,1598,5,1930,27,1680,54,1503,300,153,139,8,99,144,57,592,747,UEFA,0,
1960,1960-12-31,DR Congo,51,CD,1572,39,1596,45,1581,54,1572,4,3,1,0,1,3,0,7,9,CAF,0,
1960,1960-12-31,Norway,57,NO,1539,14,1794,30,1576,70,1364,257,124,116,17,86,125,46,469,623,UEFA,0,
1960,1960-12-31,New Zealand,59,NZ,1535,29,1572,56,1473,83,1334,45,20,24,1,19,22,4,111,139,OFC,0,
1960,1960-12-31,Curaçao,63,CW,1523,26,1611,48,1543,77,1361,158,51,63,44,73,45,40,354,255,CONCACAF,0,
1960,1960-12-31,Australia,64,AU,1521,14,1772,29,1646,65,1508,75,52,23,0,37,31,7,208,186,AFC,0,
1960,1960-12-31,Iran,66,IR,1511,42,1572,50,1554,79,1450,18,2,7,9,7,7,4,27,30,AFC,0,
1960,1960-12-31,Haiti,67,HT,1509,54,1509,72,1339,95,1265,69,40,20,9,31,26,12,131,118,CONCACAF,0,
1960,1960-12-31,Tunisia,71,TN,1496,24,1697,32,1645,71,1496,37,16,13,8,13,20,4,61,99,CAF,0,
1960,1960-12-31,United States,78,US,1451,12,1784,29,1658,82,1443,52,8,29,15,13,35,4,94,200,CONCACAF,1,
1960,1960-12-31,Saudi Arabia,94,SA,1397,89,1399,92,1397,95,1368,3,0,1,2,1,1,1,4,3,AFC,0,
1960,1960-12-31,Colombia,100,CO,1375,54,1495,81,1349,102,1304,46,13,7,26,12,28,6,63,128,CONMEBOL,0,
1960,1960-12-31,Japan,105,JP,1335,30,1389,74,1247,112,1126,50,16,16,18,14,30,6,75,146,AFC,0,
1960,1960-12-31,Ecuador,106,EC,1321,69,1340,99,1253,121,1183,63,13,10,40,4,50,9,59,230,CONMEBOL,0,
1960,1960-12-31,Panama,117,PA,1256,54,1508,87,1322,118,1213,64,9,19,36,19,35,10,119,173,CONCACAF,0,
1960,1960-12-31,Cape Verde,125,CV,1201,123,1201,124,1199,125,1192,2,0,2,0,0,1,1,3,4,CAF,0,
1960,1960-12-31,Jordan,127,JO,1192,108,1224,121,1205,127,1179,7,0,2,5,2,5,0,13,25,AFC,0,
1961,1961-12-31,Brazil,1,BR,2090,1,2165,6,1934,14,1805,221,73,66,82,130,55,36,537,300,CONMEBOL,0,
1961,1961-12-31,Czechia,3,CZ,1982,3,1982,10,1855,26,1686,243,104,119,20,116,77,50,553,420,UEFA,0,
1961,1961-12-31,Argentina,5,AR,1975,1,2159,2,2019,10,1855,378,153,149,76,216,85,77,840,459,CONMEBOL,0,
1961,1961-12-31,Spain,6,ES,1963,1,2036,6,1930,14,1805,135,55,65,15,74,31,30,315,182,UEFA,0,
1961,1961-12-31,England,8,EN,1943,1,2213,3,1994,12,1810,433,175,245,13,271,89,73,1379,564,UEFA,0,
1961,1961-12-31,Uruguay,9,UY,1922,1,2104,6,1924,24,1718,345,121,129,95,159,123,63,675,528,CONMEBOL,0,
1961,1961-12-31,Austria,10,AT,1912,1,2070,8,1884,16,1785,311,142,153,16,147,105,59,732,585,UEFA,0,
1961,1961-12-31,Germany,11,DE,1885,2,2097,12,1799,25,1637,288,135,130,23,149,90,49,736,502,UEFA,0,
1961,1961-12-31,Sweden,12,SE,1877,2,2013,14,1761,32,1579,388,188,169,31,200,128,60,1062,721,UEFA,0,
1961,1961-12-31,Scotland,13,SQ,1863,1,2104,5,1948,19,1770,301,140,155,6,169,72,60,727,416,UEFA,0,
1961,1961-12-31,Mexico,15,MX,1809,8,1867,22,1721,48,1498,86,32,23,31,47,27,12,222,145,CONCACAF,1,
1961,1961-12-31,France,17,FR,1782,2,1965,22,1653,40,1514,279,146,113,20,102,136,41,538,694,UEFA,0,
1961,1961-12-31,Ghana,19,GH,1767,14,1800,25,1698,34,1676,43,24,18,1,26,8,9,111,57,CAF,0,
1961,1961-12-31,South Africa,20,ZA,1764,7,1847,18,1750,35,1654,45,21,24,0,19,25,1,104,116,CAF,0,
1961,1961-12-31,Algeria,21,DZ,1761,19,1761,32,1656,41,1640,11,3,7,1,7,3,1,40,13,CAF,0,
1961,1961-12-31,Switzerland,23,CH,1725,11,1804,24,1631,53,1485,299,147,136,16,86,164,49,498,752,UEFA,0,
1961,1961-12-31,Turkey,25,TR,1705,19,1732,51,1479,77,1358,99,47,41,11,34,48,17,170,207,UEFA,0,
1961,1961-12-31,Netherlands,27,NL,1697,3,2003,20,1757,55,1552,273,141,118,14,119,106,48,657,593,UEFA,0,
1961,1961-12-31,Egypt,29,EG,1695,16,1766,31,1648,59,1528,84,39,25,20,37,34,13,197,161,CAF,0,
1961,1961-12-31,South Korea,30,KR,1688,16,1767,27,1687,56,1542,67,9,32,26,40,15,12,163,116,AFC,0,
1961,1961-12-31,Iraq,34,IQ,1673,24,1680,29,1676,39,1648,10,3,4,3,6,3,1,30,18,AFC,0,
1961,1961-12-31,Morocco,36,MA,1668,21,1743,30,1697,40,1641,29,15,7,7,15,9,5,66,48,CAF,0,
1961,1961-12-31,Paraguay,38,PY,1659,5,1956,17,1761,38,1647,177,38,64,75,57,87,33,277,360,CONMEBOL,0,
1961,1961-12-31,Portugal,39,PT,1651,17,1749,26,1678,39,1641,108,59,45,4,29,60,19,157,242,UEFA,0,
1961,1961-12-31,Belgium,39,BE,1651,5,1930,27,1679,54,1503,308,156,144,8,102,148,58,607,759,UEFA,0,
1961,1961-12-31,Ivory Coast,41,CI,1641,27,1681,35,1655,45,1618,13,8,3,2,7,5,1,40,24,CAF,0,
1961,1961-12-31,Canada,42,CA,1620,25,1634,35,1618,45,1589,17,2,15,0,7,8,2,28,34,CONCACAF,1,
1961,1961-12-31,Senegal,44,SN,1609,42,1636,45,1604,47,1585,8,1,4,3,5,2,1,22,15,CAF,0,
1961,1961-12-31,DR Congo,53,CD,1572,39,1596,46,1580,54,1572,4,3,1,0,1,3,0,7,9,CAF,0,
1961,1961-12-31,New Zealand,59,NZ,1535,29,1572,57,1475,83,1334,45,20,24,1,19,22,4,111,139,OFC,0,
1961,1961-12-31,Australia,61,AU,1521,14,1772,30,1643,65,1508,75,52,23,0,37,31,7,208,186,AFC,0,
1961,1961-12-31,Curaçao,63,CW,1515,26,1611,48,1542,77,1361,165,53,65,47,75,48,42,360,273,CONCACAF,0,
1961,1961-12-31,Iran,64,IR,1511,42,1572,51,1552,79,1450,18,2,7,9,7,7,4,27,30,AFC,0,
1961,1961-12-31,Tunisia,69,TN,1497,24,1697,34,1640,71,1495,40,17,14,9,13,21,6,65,104,CAF,0,
1961,1961-12-31,Haiti,75,HT,1464,54,1545,72,1342,95,1265,78,40,24,14,36,30,12,144,136,CONCACAF,0,
1961,1961-12-31,Norway,76,NO,1455,14,1794,31,1575,77,1364,266,128,121,17,86,132,48,475,646,UEFA,0,
1961,1961-12-31,Colombia,80,CO,1438,54,1495,81,1352,102,1304,49,15,8,26,14,28,7,67,129,CONMEBOL,0,
1961,1961-12-31,United States,82,US,1437,12,1784,30,1653,82,1437,53,8,30,15,13,36,4,94,202,CONCACAF,1,
1961,1961-12-31,Japan,105,JP,1332,30,1389,75,1249,112,1126,57,19,17,21,16,35,6,85,160,AFC,0,
1961,1961-12-31,Ecuador,107,EC,1321,69,1340,99,1256,121,1183,63,13,10,40,4,50,9,59,230,CONMEBOL,0,
1961,1961-12-31,Saudi Arabia,111,SA,1301,89,1399,94,1390,114,1282,8,0,2,6,2,5,1,8,41,AFC,0,
1961,1961-12-31,Cape Verde,129,CV,1201,123,1201,125,1200,129,1192,2,0,2,0,0,1,1,3,4,CAF,0,
1961,1961-12-31,Jordan,130,JO,1192,108,1224,122,1204,130,1179,7,0,2,5,2,5,0,13,25,AFC,0,
1961,1961-12-31,Panama,134,PA,1175,54,1508,88,1318,134,1175,73,12,20,41,20,42,11,124,198,CONCACAF,0,
1962,1962-12-31,Brazil,1,BR,2195,1,2195,6,1939,14,1805,233,79,67,87,141,55,37,570,308,CONMEBOL,0,
1962,1962-12-31,Czechia,4,CZ,1969,2,2026,10,1857,26,1686,255,106,123,26,122,82,51,574,437,UEFA,0,
1962,1962-12-31,Argentina,5,AR,1961,1,2159,2,2018,10,1855,386,156,151,79,220,86,80,849,465,CONMEBOL,0,
1962,1962-12-31,England,6,EN,1940,1,2213,3,1994,12,1810,444,179,248,17,277,92,75,1402,576,UEFA,0,
1962,1962-12-31,Germany,7,DE,1938,2,2097,12,1801,25,1637,296,138,132,26,154,91,51,753,509,UEFA,0,
1962,1962-12-31,Scotland,9,SQ,1907,1,2104,5,1948,19,1770,305,143,156,6,172,73,60,739,422,UEFA,0,
1962,1962-12-31,Spain,10,ES,1896,1,2036,6,1930,14,1805,141,56,67,18,76,34,31,325,189,UEFA,0,
1962,1962-12-31,Sweden,12,SE,1876,2,2013,14,1763,32,1579,402,192,179,31,210,130,62,1098,731,UEFA,0,
1962,1962-12-31,Uruguay,13,UY,1858,1,2104,6,1923,24,1718,356,123,135,98,162,129,65,689,553,CONMEBOL,0,
1962,1962-12-31,Austria,14,AT,1852,1,2070,8,1885,16,1785,320,146,158,16,149,111,60,741,604,UEFA,0,
1962,1962-12-31,Mexico,15,MX,1849,8,1867,21,1724,48,1498,94,34,26,34,51,30,13,231,153,CONCACAF,1,
1962,1962-12-31,Ghana,17,GH,1797,14,1800,24,1701,34,1676,52,25,25,2,33,8,11,146,63,CAF,0,
1962,1962-12-31,France,18,FR,1767,2,1965,22,1655,40,1514,284,148,116,20,102,139,43,545,705,UEFA,0,
1962,1962-12-31,South Africa,19,ZA,1764,7,1847,18,1750,35,1654,45,21,24,0,19,25,1,104,116,CAF,0,
1962,1962-12-31,Algeria,20,DZ,1761,19,1761,32,1660,41,1640,11,3,7,1,7,3,1,40,13,CAF,0,
1962,1962-12-31,Turkey,24,TR,1714,19,1738,51,1485,77,1358,107,50,46,11,38,50,19,183,216,UEFA,0,
1962,1962-12-31,South Korea,27,KR,1697,16,1767,27,1688,56,1542,78,11,36,31,49,17,12,185,127,AFC,0,
1962,1962-12-31,Netherlands,29,NL,1684,3,2003,21,1756,55,1552,280,144,122,14,122,110,48,675,605,UEFA,0,
1962,1962-12-31,Iraq,31,IQ,1679,24,1680,29,1676,39,1648,12,3,6,3,7,3,2,33,20,AFC,0,
1962,1962-12-31,Belgium,32,BE,1669,5,1930,27,1678,54,1503,315,160,147,8,105,151,59,618,770,UEFA,0,
1962,1962-12-31,Morocco,33,MA,1666,21,1743,31,1691,40,1641,34,18,9,7,17,11,6,74,58,CAF,0,
1962,1962-12-31,Egypt,34,EG,1664,16,1766,32,1648,59,1528,87,40,26,21,39,35,13,202,166,CAF,0,
1962,1962-12-31,Portugal,36,PT,1657,17,1749,26,1678,41,1623,113,61,48,4,30,64,19,163,251,UEFA,0,
1962,1962-12-31,Ivory Coast,37,CI,1644,27,1681,36,1654,45,1618,16,8,6,2,8,6,2,43,29,CAF,0,
1962,1962-12-31,Canada,42,CA,1620,25,1634,36,1618,45,1589,17,2,15,0,7,8,2,28,34,CONCACAF,1,
1962,1962-12-31,Paraguay,43,PY,1618,5,1956,17,1759,43,1618,181,38,68,75,57,91,33,280,376,CONMEBOL,0,
1962,1962-12-31,Switzerland,44,CH,1614,11,1804,24,1632,53,1485,306,147,141,18,86,171,49,504,774,UEFA,0,
1962,1962-12-31,Senegal,45,SN,1607,42,1636,45,1605,47,1585,9,2,4,3,5,2,2,23,16,CAF,0,
1962,1962-12-31,DR Congo,53,CD,1572,39,1596,46,1580,54,1572,4,3,1,0,1,3,0,7,9,CAF,0,
1962,1962-12-31,New Zealand,57,NZ,1549,29,1572,57,1476,83,1334,47,22,24,1,21,22,4,119,142,OFC,0,
1962,1962-12-31,Curaçao,60,CW,1537,26,1611,48,1542,77,1361,174,53,71,50,80,51,43,381,296,CONCACAF,0,
1962,1962-12-31,Norway,64,NO,1524,14,1794,32,1573,80,1364,274,133,124,17,91,134,49,491,659,UEFA,0,
1962,1962-12-31,Australia,65,AU,1521,14,1772,31,1640,66,1508,75,52,23,0,37,31,7,208,186,AFC,0,
1962,1962-12-31,Haiti,67,HT,1507,54,1545,72,1346,95,1265,81,40,27,14,39,30,12,156,142,CONCACAF,0,
1962,1962-12-31,Iran,68,IR,1505,42,1572,52,1550,79,1450,20,4,7,9,7,8,5,29,33,AFC,0,
1962,1962-12-31,Tunisia,77,TN,1474,24,1697,35,1635,79,1464,44,18,16,10,14,23,7,75,116,CAF,0,
1962,1962-12-31,Colombia,80,CO,1458,54,1495,81,1356,102,1304,55,17,9,29,14,32,9,74,144,CONMEBOL,0,
1962,1962-12-31,United States,85,US,1437,12,1784,32,1649,86,1437,53,8,30,15,13,36,4,94,202,CONCACAF,1,
1962,1962-12-31,Ecuador,106,EC,1321,69,1340,99,1258,121,1183,63,13,10,40,4,50,9,59,230,CONMEBOL,0,
1962,1962-12-31,Saudi Arabia,111,SA,1301,89,1399,97,1372,114,1282,8,0,2,6,2,5,1,8,41,AFC,0,
1962,1962-12-31,Japan,114,JP,1294,30,1389,76,1251,114,1126,65,20,19,26,17,40,8,94,177,AFC,0,
1962,1962-12-31,Cape Verde,130,CV,1201,123,1201,127,1200,130,1192,2,0,2,0,0,1,1,3,4,CAF,0,
1962,1962-12-31,Jordan,131,JO,1192,108,1224,123,1202,132,1179,7,0,2,5,2,5,0,13,25,AFC,0,
1962,1962-12-31,Panama,134,PA,1175,54,1508,90,1312,135,1175,73,12,20,41,20,42,11,124,198,CONCACAF,0,
1963,1963-12-31,England,3,EN,1952,1,2213,3,1993,12,1810,452,182,253,17,282,94,76,1432,591,UEFA,0,
1963,1963-12-31,Brazil,4,BR,1948,1,2195,6,1940,14,1805,251,81,78,92,148,63,40,604,342,CONMEBOL,0,
1963,1963-12-31,Argentina,5,AR,1936,1,2159,3,2017,10,1855,396,157,155,84,225,90,81,875,485,CONMEBOL,0,
1963,1963-12-31,Germany,6,DE,1931,2,2097,12,1803,25,1637,300,140,134,26,156,93,51,762,514,UEFA,0,
1963,1963-12-31,Scotland,9,SQ,1912,1,2104,5,1947,19,1770,313,146,161,6,177,76,60,763,435,UEFA,0,
1963,1963-12-31,Sweden,10,SE,1904,2,2013,14,1765,32,1579,410,197,182,31,214,130,66,1108,737,UEFA,0,
1963,1963-12-31,Czechia,11,CZ,1892,2,2026,10,1858,26,1686,261,109,126,26,122,86,53,580,450,UEFA,0,
1963,1963-12-31,Uruguay,12,UY,1870,1,2104,7,1922,24,1718,358,124,136,98,163,129,66,692,555,CONMEBOL,0,
1963,1963-12-31,Spain,13,ES,1850,1,2036,7,1929,14,1805,146,60,68,18,77,36,33,330,198,UEFA,0,
1963,1963-12-31,Ghana,14,GH,1822,14,1822,24,1706,34,1676,58,30,26,2,37,8,13,163,66,CAF,0,
1963,1963-12-31,Mexico,16,MX,1807,8,1867,21,1726,48,1498,97,34,26,37,52,31,14,240,155,CONCACAF,1,
1963,1963-12-31,Austria,17,AT,1801,1,2070,8,1884,17,1785,327,149,162,16,150,116,61,748,616,UEFA,0,
1963,1963-12-31,France,18,FR,1779,2,1965,22,1658,40,1514,292,153,119,20,104,143,45,558,717,UEFA,0,
1963,1963-12-31,South Africa,20,ZA,1764,7,1847,18,1751,35,1654,45,21,24,0,19,25,1,104,116,CAF,0,
1963,1963-12-31,Paraguay,22,PY,1762,5,1956,17,1758,43,1618,192,42,70,80,64,93,35,306,392,CONMEBOL,0,
1963,1963-12-31,Egypt,23,EG,1761,16,1766,32,1649,59,1528,103,42,31,30,48,36,19,258,184,CAF,0,
1963,1963-12-31,Algeria,24,DZ,1756,18,1768,31,1663,41,1640,15,6,8,1,8,3,4,45,17,CAF,0,
1963,1963-12-31,Belgium,27,BE,1731,5,1930,27,1679,54,1503,321,162,151,8,109,152,60,629,775,UEFA,0,
1963,1963-12-31,Turkey,31,TR,1693,19,1738,50,1490,77,1358,111,52,48,11,38,52,21,183,220,UEFA,0,
1963,1963-12-31,Portugal,33,PT,1657,17,1749,27,1677,41,1623,115,62,48,5,31,65,19,164,252,UEFA,0,
1963,1963-12-31,Netherlands,37,NL,1641,3,2003,21,1754,55,1552,287,150,123,14,124,112,51,681,611,UEFA,0,
1963,1963-12-31,Morocco,39,MA,1640,21,1743,32,1686,40,1630,44,24,11,9,21,16,7,85,75,CAF,0,
1963,1963-12-31,South Korea,41,KR,1639,16,1767,27,1687,56,1542,85,12,38,35,52,20,13,196,136,AFC,0,
1963,1963-12-31,Iraq,43,IQ,1633,24,1680,29,1676,43,1633,13,3,7,3,7,4,2,33,24,AFC,0,
1963,1963-12-31,Canada,45,CA,1620,25,1634,36,1618,45,1589,17,2,15,0,7,8,2,28,34,CONCACAF,1,
1963,1963-12-31,Ivory Coast,47,CI,1607,27,1681,36,1651,48,1600,23,10,7,6,12,9,2,55,38,CAF,0,
1963,1963-12-31,Senegal,48,SN,1587,42,1636,45,1603,56,1560,17,8,4,5,8,5,4,36,29,CAF,0,
1963,1963-12-31,Switzerland,50,CH,1579,11,1804,24,1631,53,1485,311,150,143,18,86,174,51,508,788,UEFA,0,
1963,1963-12-31,Tunisia,53,TN,1572,24,1697,36,1633,79,1464,66,23,22,21,26,29,11,118,143,CAF,0,
1963,1963-12-31,DR Congo,54,CD,1565,39,1596,47,1579,60,1541,8,3,1,4,3,5,0,15,12,CAF,0,
1963,1963-12-31,Curaçao,55,CW,1562,26,1618,49,1542,77,1361,187,55,76,56,88,55,44,402,313,CONCACAF,0,
1963,1963-12-31,New Zealand,60,NZ,1549,29,1572,57,1478,83,1334,47,22,24,1,21,22,4,119,142,OFC,0,
1963,1963-12-31,Iran,61,IR,1543,42,1572,53,1548,79,1450,23,6,8,9,9,9,5,37,35,AFC,0,
1963,1963-12-31,Australia,67,AU,1521,14,1772,32,1637,67,1508,75,52,23,0,37,31,7,208,186,AFC,0,
1963,1963-12-31,Haiti,68,HT,1505,54,1545,72,1350,95,1265,84,40,29,15,40,31,13,161,145,CONCACAF,0,
1963,1963-12-31,Norway,71,NO,1496,14,1794,32,1572,80,1364,282,136,129,17,93,139,50,500,688,UEFA,0,
1963,1963-12-31,United States,83,US,1437,12,1784,33,1644,86,1437,53,8,30,15,13,36,4,94,202,CONCACAF,1,
1963,1963-12-31,Colombia,84,CO,1430,54,1495,81,1359,102,1304,63,19,10,34,15,38,10,89,168,CONMEBOL,0,
1963,1963-12-31,Japan,97,JP,1391,30,1391,76,1253,114,1126,71,21,20,30,21,41,9,110,186,AFC,0,
1963,1963-12-31,Ecuador,103,EC,1379,69,1379,99,1263,121,1183,69,13,11,45,5,53,11,73,248,CONMEBOL,0,
1963,1963-12-31,Saudi Arabia,114,SA,1295,89,1399,100,1361,114,1282,9,0,2,7,2,6,1,8,48,AFC,0,
1963,1963-12-31,Panama,126,PA,1224,54,1508,92,1308,135,1175,77,12,21,44,21,43,13,132,202,CONCACAF,0,
1963,1963-12-31,Cape Verde,131,CV,1201,123,1201,128,1200,131,1192,2,0,2,0,0,1,1,3,4,CAF,0,
1963,1963-12-31,Jordan,142,JO,1113,108,1224,124,1196,142,1113,12,0,4,8,2,10,0,14,44,AFC,0,
1964,1964-12-31,Argentina,2,AR,1974,1,2159,3,2016,10,1855,403,159,158,86,230,91,82,895,490,CONMEBOL,0,
1964,1964-12-31,Brazil,4,BR,1940,1,2195,6,1940,14,1805,254,84,78,92,150,64,40,613,347,CONMEBOL,0,
1964,1964-12-31,Spain,5,ES,1926,1,2036,7,1928,14,1805,151,63,70,18,81,37,33,342,203,UEFA,0,
1964,1964-12-31,England,7,EN,1922,1,2213,3,1992,12,1810,464,185,260,19,288,97,79,1462,611,UEFA,0,
1964,1964-12-31,Scotland,8,SQ,1912,1,2104,5,1947,19,1770,318,149,163,6,180,77,61,774,443,UEFA,0,
1964,1964-12-31,Germany,10,DE,1892,2,2097,12,1805,25,1637,305,143,136,26,157,95,53,772,524,UEFA,0,
1964,1964-12-31,Czechia,11,CZ,1887,2,2026,10,1859,26,1686,266,110,130,26,123,88,55,589,460,UEFA,0,
1964,1964-12-31,Egypt,12,EG,1869,12,1869,31,1652,59,1528,111,47,32,32,53,36,22,287,193,CAF,0,
1964,1964-12-31,Sweden,13,SE,1865,2,2013,14,1767,32,1579,418,200,187,31,216,132,70,1120,748,UEFA,0,
1964,1964-12-31,Uruguay,14,UY,1863,1,2104,7,1921,24,1718,363,124,141,98,165,132,66,696,561,CONMEBOL,0,
1964,1964-12-31,Austria,16,AT,1818,1,2070,8,1882,17,1785,332,153,163,16,153,117,62,754,621,UEFA,0,
1964,1964-12-31,Mexico,18,MX,1807,8,1867,21,1728,48,1498,97,34,26,37,52,31,14,240,155,CONCACAF,1,
1964,1964-12-31,Paraguay,19,PY,1786,5,1956,18,1758,43,1618,194,43,71,80,65,94,35,310,400,CONMEBOL,0,
1964,1964-12-31,South Africa,21,ZA,1764,7,1847,18,1751,35,1654,45,21,24,0,19,25,1,104,116,CAF,0,
1964,1964-12-31,Algeria,22,DZ,1761,18,1774,31,1666,41,1640,22,10,11,1,10,6,6,54,27,CAF,0,
1964,1964-12-31,France,23,FR,1752,2,1965,22,1659,40,1514,297,155,122,20,106,146,45,563,725,UEFA,0,
1964,1964-12-31,Belgium,25,BE,1723,5,1930,27,1679,54,1503,327,166,153,8,111,154,62,636,781,UEFA,0,
1964,1964-12-31,Ghana,27,GH,1717,14,1827,24,1709,34,1676,69,33,30,6,43,12,14,189,88,CAF,0,
1964,1964-12-31,Turkey,29,TR,1687,19,1738,50,1495,77,1358,114,55,48,11,39,53,22,189,224,UEFA,0,
1964,1964-12-31,Portugal,30,PT,1686,17,1749,27,1677,41,1623,122,64,51,7,34,68,20,176,267,UEFA,0,
1964,1964-12-31,Netherlands,32,NL,1685,3,2003,21,1753,55,1552,294,154,126,14,126,114,54,687,615,UEFA,0,
1964,1964-12-31,Morocco,34,MA,1674,21,1743,32,1684,40,1630,50,27,12,11,25,18,7,94,81,CAF,0,
1964,1964-12-31,Iraq,40,IQ,1630,24,1680,30,1673,44,1623,18,4,8,6,10,4,4,39,26,AFC,0,
1964,1964-12-31,Canada,42,CA,1620,25,1634,36,1618,45,1589,17,2,15,0,7,8,2,28,34,CONCACAF,1,
1964,1964-12-31,Ivory Coast,45,CI,1602,27,1681,37,1647,48,1596,27,14,7,6,13,9,5,63,44,CAF,0,
1964,1964-12-31,Iran,46,IR,1595,42,1612,53,1550,79,1450,28,7,11,10,11,11,6,43,38,AFC,0,
1964,1964-12-31,Switzerland,50,CH,1576,11,1804,25,1630,56,1485,318,155,145,18,88,179,51,517,801,UEFA,0,
1964,1964-12-31,DR Congo,51,CD,1575,39,1596,47,1579,60,1541,15,5,4,6,6,6,3,23,17,CAF,0,
1964,1964-12-31,Tunisia,51,TN,1575,24,1697,36,1631,79,1464,73,26,25,22,28,32,13,126,155,CAF,0,
1964,1964-12-31,Senegal,53,SN,1565,42,1636,46,1597,56,1560,19,8,6,5,8,7,4,37,34,CAF,0,
1964,1964-12-31,Curaçao,54,CW,1563,26,1618,49,1543,77,1361,189,55,78,56,89,56,44,404,315,CONCACAF,0,
1964,1964-12-31,South Korea,56,KR,1557,16,1767,28,1683,56,1542,92,13,41,38,55,23,14,205,153,AFC,0,
1964,1964-12-31,New Zealand,61,NZ,1535,29,1572,57,1479,83,1334,48,22,25,1,21,23,4,120,145,OFC,0,
1964,1964-12-31,Norway,65,NO,1524,14,1794,33,1571,80,1364,289,140,132,17,96,142,51,509,698,UEFA,0,
1964,1964-12-31,Australia,67,AU,1521,14,1772,33,1634,69,1508,75,52,23,0,37,31,7,208,186,AFC,0,
1964,1964-12-31,Haiti,72,HT,1505,54,1545,72,1354,95,1265,84,40,29,15,40,31,13,161,145,CONCACAF,0,
1964,1964-12-31,United States,82,US,1433,12,1784,34,1640,86,1433,54,9,30,15,13,37,4,94,212,CONCACAF,1,
1964,1964-12-31,Colombia,83,CO,1430,54,1495,81,1361,102,1304,63,19,10,34,15,38,10,89,168,CONMEBOL,0,
1964,1964-12-31,Japan,98,JP,1391,30,1410,77,1256,114,1126,75,23,22,30,22,43,10,115,196,AFC,0,
1964,1964-12-31,Ecuador,104,EC,1379,69,1379,100,1267,121,1183,69,13,11,45,5,53,11,73,248,CONMEBOL,0,
1964,1964-12-31,Saudi Arabia,115,SA,1295,89,1399,102,1352,115,1282,9,0,2,7,2,6,1,8,48,AFC,0,
1964,1964-12-31,Panama,131,PA,1209,54,1508,93,1305,135,1175,78,12,21,45,21,44,13,133,208,CONCACAF,0,
1964,1964-12-31,Cape Verde,132,CV,1201,123,1201,128,1200,133,1192,2,0,2,0,0,1,1,3,4,CAF,0,
1964,1964-12-31,Jordan,143,JO,1099,108,1224,126,1188,143,1099,16,0,5,11,2,13,1,17,54,AFC,0,
1965,1965-12-31,Brazil,1,BR,2011,1,2195,6,1941,14,1805,264,90,82,92,157,64,43,638,353,CONMEBOL,0,
1965,1965-12-31,Argentina,2,AR,1996,1,2159,3,2015,10,1855,412,163,163,86,234,91,87,907,494,CONMEBOL,0,
1965,1965-12-31,England,5,EN,1951,1,2213,3,1991,12,1810,473,189,265,19,293,98,82,1475,619,UEFA,0,
1965,1965-12-31,Germany,7,DE,1915,2,2097,12,1806,25,1637,313,147,140,26,162,97,54,791,530,UEFA,0,
1965,1965-12-31,Czechia,8,CZ,1908,2,2026,10,1859,26,1686,273,114,133,26,127,90,56,603,465,UEFA,0,
1965,1965-12-31,Spain,9,ES,1899,1,2036,7,1928,14,1805,156,65,72,19,83,39,34,347,207,UEFA,0,
1965,1965-12-31,Mexico,10,MX,1872,8,1872,21,1731,48,1498,110,38,31,41,62,31,17,273,161,CONCACAF,1,
1965,1965-12-31,Scotland,12,SQ,1861,1,2104,5,1946,19,1770,327,153,168,6,183,80,64,787,456,UEFA,0,
1965,1965-12-31,Uruguay,13,UY,1849,1,2104,7,1920,24,1718,374,130,146,98,170,136,68,714,574,CONMEBOL,0,
1965,1965-12-31,Ghana,14,GH,1839,13,1850,24,1709,34,1676,80,36,36,8,52,13,15,235,101,CAF,0,
1965,1965-12-31,Egypt,15,EG,1810,12,1872,31,1656,59,1528,119,53,33,33,59,37,23,320,203,CAF,0,
1965,1965-12-31,Sweden,16,SE,1794,2,2013,14,1769,32,1579,427,207,189,31,218,136,73,1136,760,UEFA,0,
1965,1965-12-31,Paraguay,19,PY,1782,5,1956,18,1759,43,1618,205,46,79,80,70,98,37,323,412,CONMEBOL,0,
1965,1965-12-31,Portugal,21,PT,1777,15,1794,27,1679,41,1623,129,68,54,7,38,69,22,185,271,UEFA,0,
1965,1965-12-31,Austria,22,AT,1774,1,2070,8,1881,22,1774,341,155,170,16,155,122,64,762,636,UEFA,0,
1965,1965-12-31,France,23,FR,1773,2,1965,22,1661,40,1514,303,159,124,20,109,148,46,570,729,UEFA,0,
1965,1965-12-31,South Africa,25,ZA,1764,7,1847,18,1751,35,1654,45,21,24,0,19,25,1,104,116,CAF,0,
1965,1965-12-31,Belgium,26,BE,1762,5,1930,27,1680,54,1503,335,169,157,9,115,157,63,650,791,UEFA,0,
1965,1965-12-31,Ivory Coast,31,CI,1692,27,1714,37,1648,48,1596,42,17,11,14,23,13,6,89,57,CAF,0,
1965,1965-12-31,Algeria,33,DZ,1684,18,1774,31,1668,41,1640,30,12,12,6,12,10,8,60,36,CAF,0,
1965,1965-12-31,Netherlands,37,NL,1647,3,2003,21,1751,55,1552,300,157,129,14,128,116,56,693,619,UEFA,0,
1965,1965-12-31,Morocco,38,MA,1644,21,1743,33,1680,40,1630,56,28,15,13,26,20,10,96,83,CAF,0,
1965,1965-12-31,Switzerland,39,CH,1637,11,1804,25,1630,56,1485,323,158,147,18,91,180,52,522,803,UEFA,0,
1965,1965-12-31,Senegal,40,SN,1634,37,1657,46,1598,56,1559,29,12,10,7,13,10,6,54,45,CAF,0,
1965,1965-12-31,Turkey,41,TR,1630,19,1738,49,1498,77,1358,123,58,53,12,41,59,23,197,248,UEFA,0,
1965,1965-12-31,Canada,43,CA,1620,25,1634,36,1618,45,1589,17,2,15,0,7,8,2,28,34,CONCACAF,1,
1965,1965-12-31,Tunisia,45,TN,1614,24,1697,36,1630,79,1464,82,31,27,24,32,33,17,137,160,CAF,0,
1965,1965-12-31,DR Congo,47,CD,1602,36,1665,47,1581,60,1541,34,12,9,13,17,12,5,77,52,CAF,0,
1965,1965-12-31,Iran,48,IR,1599,42,1612,52,1551,79,1450,30,9,11,10,12,11,7,47,39,AFC,0,
1965,1965-12-31,Iraq,49,IQ,1597,24,1680,30,1671,49,1597,23,4,10,9,11,5,7,46,28,AFC,0,
1965,1965-12-31,Norway,53,NO,1567,14,1794,33,1570,80,1364,297,145,135,17,99,144,54,526,708,UEFA,0,
1965,1965-12-31,South Korea,54,KR,1564,16,1767,29,1678,61,1531,98,13,42,43,58,24,16,212,157,AFC,0,
1965,1965-12-31,New Zealand,57,NZ,1535,29,1572,57,1481,83,1334,48,22,25,1,21,23,4,120,145,OFC,0,
1965,1965-12-31,United States,69,US,1494,12,1784,34,1637,86,1433,60,10,35,15,16,38,6,107,219,CONCACAF,1,
1965,1965-12-31,Australia,70,AU,1491,14,1772,33,1632,77,1469,81,52,27,2,39,34,8,214,196,AFC,0,
1965,1965-12-31,Curaçao,79,CW,1466,26,1618,49,1541,79,1361,202,59,81,62,93,61,48,416,336,CONCACAF,0,
1965,1965-12-31,Japan,83,JP,1439,30,1440,77,1259,114,1126,81,23,28,30,25,44,12,128,203,AFC,0,
1965,1965-12-31,Colombia,85,CO,1431,54,1495,81,1364,102,1304,67,21,12,34,16,41,10,93,178,CONMEBOL,0,
1965,1965-12-31,Ecuador,86,EC,1430,69,1440,99,1272,121,1183,74,15,13,46,7,55,12,80,255,CONMEBOL,0,
1965,1965-12-31,Haiti,91,HT,1416,54,1545,72,1356,95,1265,89,40,30,19,40,35,14,164,158,CONCACAF,0,
1965,1965-12-31,Saudi Arabia,117,SA,1295,89,1399,103,1345,118,1282,9,0,2,7,2,6,1,8,48,AFC,0,
1965,1965-12-31,Panama,132,PA,1215,54,1508,94,1301,135,1175,80,12,21,47,22,45,13,135,211,CONCACAF,0,
1965,1965-12-31,Cape Verde,134,CV,1201,123,1201,129,1201,134,1192,2,0,2,0,0,1,1,3,4,CAF,0,
1965,1965-12-31,Jordan,146,JO,1107,108,1224,127,1181,146,1099,17,1,5,11,2,13,2,17,54,AFC,0,
1966,1966-12-31,England,1,EN,2091,1,2213,3,1992,12,1810,490,200,271,19,307,98,85,1513,628,UEFA,0,
1966,1966-12-31,Germany,2,DE,2042,1,2097,12,1809,25,1637,328,151,146,31,174,99,55,825,539,UEFA,0,
1966,1966-12-31,Argentina,3,AR,1983,1,2159,3,2015,10,1855,418,164,165,89,236,93,89,912,500,CONMEBOL,0,
1966,1966-12-31,Portugal,3,PT,1983,3,2018,26,1683,41,1623,141,72,57,12,48,71,22,215,282,UEFA,0,
1966,1966-12-31,Brazil,8,BR,1919,1,2195,6,1941,14,1805,281,100,86,95,168,67,46,671,372,CONMEBOL,0,
1966,1966-12-31,Czechia,9,CZ,1903,2,2026,10,1860,26,1686,279,115,138,26,128,93,58,609,473,UEFA,0,
1966,1966-12-31,Spain,10,ES,1867,1,2036,7,1927,14,1805,162,67,73,22,85,41,36,354,213,UEFA,0,
1966,1966-12-31,Uruguay,12,UY,1846,1,2104,7,1919,24,1718,384,131,152,101,173,139,72,724,588,CONMEBOL,0,
1966,1966-12-31,Mexico,13,MX,1844,8,1905,21,1734,48,1498,119,40,36,43,65,34,20,285,174,CONCACAF,1,
1966,1966-12-31,Ghana,14,GH,1839,10,1877,24,1714,34,1676,89,39,41,9,57,14,18,256,110,CAF,0,
1966,1966-12-31,Sweden,15,SE,1816,2,2013,14,1769,32,1579,436,211,194,31,222,139,75,1153,775,UEFA,0,
1966,1966-12-31,Scotland,16,SQ,1810,1,2104,5,1945,19,1770,333,158,169,6,184,83,66,794,467,UEFA,0,
1966,1966-12-31,Egypt,20,EG,1777,12,1872,31,1659,59,1528,122,54,35,33,59,38,25,324,213,CAF,0,
1966,1966-12-31,Belgium,21,BE,1766,5,1930,27,1681,54,1503,341,173,159,9,118,160,63,659,799,UEFA,0,
1966,1966-12-31,South Africa,22,ZA,1764,7,1847,18,1751,35,1654,45,21,24,0,19,25,1,104,116,CAF,0,
1966,1966-12-31,Paraguay,24,PY,1751,5,1956,18,1759,43,1618,210,48,82,80,71,100,39,331,427,CONMEBOL,0,
1966,1966-12-31,Austria,26,AT,1747,1,2070,9,1879,26,1747,348,158,174,16,157,126,65,767,646,UEFA,0,
1966,1966-12-31,France,27,FR,1740,2,1965,22,1662,40,1514,313,162,129,22,111,153,49,583,747,UEFA,0,
1966,1966-12-31,Netherlands,31,NL,1694,3,2003,21,1750,55,1552,307,162,131,14,131,119,57,707,630,UEFA,0,
1966,1966-12-31,Ivory Coast,32,CI,1692,27,1714,37,1652,48,1596,45,19,12,14,24,14,7,92,60,CAF,0,
1966,1966-12-31,Algeria,34,DZ,1688,18,1774,31,1668,41,1640,34,15,13,6,13,12,9,66,43,CAF,0,
1966,1966-12-31,Morocco,38,MA,1654,21,1743,33,1677,42,1620,63,29,18,16,30,22,11,107,96,CAF,0,
1966,1966-12-31,Turkey,39,TR,1639,19,1738,49,1502,77,1358,129,59,58,12,42,62,25,201,254,UEFA,0,
1966,1966-12-31,Iraq,40,IQ,1629,24,1680,31,1669,49,1597,33,10,11,12,18,7,8,71,36,AFC,0,
1966,1966-12-31,Canada,41,CA,1620,25,1634,36,1618,45,1589,17,2,15,0,7,8,2,28,34,CONCACAF,1,
1966,1966-12-31,DR Congo,43,CD,1613,36,1665,47,1581,60,1541,42,16,12,14,22,15,5,98,65,CAF,0,
1966,1966-12-31,Switzerland,45,CH,1604,11,1804,25,1630,56,1485,332,161,150,21,92,186,54,535,827,UEFA,0,
1966,1966-12-31,Senegal,47,SN,1598,37,1657,46,1600,56,1559,31,13,11,7,13,12,6,56,53,CAF,0,
1966,1966-12-31,Tunisia,48,TN,1579,24,1697,37,1629,79,1464,85,31,28,26,32,35,18,137,163,CAF,0,
1966,1966-12-31,Iran,49,IR,1577,42,1612,52,1553,79,1450,39,11,11,17,17,14,8,58,46,AFC,0,
1966,1966-12-31,Japan,52,JP,1553,30,1558,77,1263,114,1126,89,23,30,36,31,46,12,148,212,AFC,0,
1966,1966-12-31,Norway,58,NO,1540,14,1794,34,1570,80,1364,304,148,139,17,100,149,55,533,730,UEFA,0,
1966,1966-12-31,New Zealand,61,NZ,1535,29,1572,57,1482,83,1334,48,22,25,1,21,23,4,120,145,OFC,0,
1966,1966-12-31,Curaçao,63,CW,1519,26,1618,50,1540,83,1361,211,59,83,69,98,63,50,432,343,CONCACAF,0,
1966,1966-12-31,United States,69,US,1494,12,1784,35,1634,86,1433,60,10,35,15,16,38,6,107,219,CONCACAF,1,
1966,1966-12-31,Australia,70,AU,1491,14,1772,34,1629,77,1469,81,52,27,2,39,34,8,214,196,AFC,0,
1966,1966-12-31,South Korea,76,KR,1471,16,1767,30,1673,78,1471,106,13,45,48,62,28,16,220,167,AFC,0,
1966,1966-12-31,Haiti,88,HT,1447,54,1545,72,1358,95,1265,94,45,30,19,44,36,14,175,164,CONCACAF,0,
1966,1966-12-31,Ecuador,89,EC,1437,69,1442,99,1278,121,1183,76,16,14,46,7,56,13,83,260,CONMEBOL,0,
1966,1966-12-31,Colombia,90,CO,1435,54,1495,81,1366,102,1304,69,22,13,34,16,42,11,95,183,CONMEBOL,0,
1966,1966-12-31,Saudi Arabia,116,SA,1295,89,1399,105,1339,118,1282,9,0,2,7,2,6,1,8,48,AFC,0,
1966,1966-12-31,Panama,130,PA,1231,54,1508,96,1299,135,1175,83,15,21,47,24,46,13,139,213,CONCACAF,0,
1966,1966-12-31,Cape Verde,136,CV,1201,123,1201,130,1201,137,1192,2,0,2,0,0,1,1,3,4,CAF,0,
1966,1966-12-31,Jordan,148,JO,1111,108,1224,129,1176,148,1099,21,1,6,14,3,16,2,24,63,AFC,0,
1967,1967-12-31,England,1,EN,2075,1,2213,3,1993,12,1810,496,204,273,19,311,99,86,1525,633,UEFA,0,
1967,1967-12-31,Germany,2,DE,2000,1,2097,11,1813,25,1637,336,156,149,31,179,101,56,845,544,UEFA,0,
1967,1967-12-31,Portugal,6,PT,1951,3,2018,26,1690,41,1623,147,74,61,12,50,72,25,221,287,UEFA,0,
1967,1967-12-31,Argentina,7,AR,1948,1,2159,3,2014,10,1855,427,164,170,93,240,97,90,927,510,CONMEBOL,0,
1967,1967-12-31,Brazil,8,BR,1936,1,2195,6,1941,14,1805,285,100,90,95,169,67,49,675,375,CONMEBOL,0,
1967,1967-12-31,Uruguay,9,UY,1897,1,2104,7,1919,24,1718,395,140,154,101,179,139,77,744,595,CONMEBOL,0,
1967,1967-12-31,Czechia,10,CZ,1879,2,2026,10,1860,26,1686,286,118,142,26,132,95,59,619,478,UEFA,0,
1967,1967-12-31,Spain,11,ES,1872,1,2036,7,1925,14,1805,167,69,76,22,87,43,37,358,217,UEFA,0,
1967,1967-12-31,Scotland,13,SQ,1850,1,2104,5,1944,19,1770,343,160,177,6,192,85,66,818,479,UEFA,0,
1967,1967-12-31,Mexico,14,MX,1849,8,1905,21,1737,48,1498,131,44,40,47,74,37,20,305,182,CONCACAF,1,
1967,1967-12-31,South Africa,19,ZA,1764,7,1847,18,1752,35,1654,45,21,24,0,19,25,1,104,116,CAF,0,
1967,1967-12-31,France,21,FR,1753,2,1965,22,1663,40,1514,319,166,131,22,113,156,50,595,761,UEFA,0,
1967,1967-12-31,Egypt,22,EG,1752,12,1872,30,1661,59,1528,127,58,36,33,61,40,26,331,222,CAF,0,
1967,1967-12-31,Algeria,23,DZ,1744,18,1774,31,1670,41,1640,42,19,16,7,19,13,10,81,49,CAF,0,
1967,1967-12-31,Ghana,24,GH,1743,10,1877,23,1717,34,1676,104,48,47,9,63,18,23,282,132,CAF,0,
1967,1967-12-31,Sweden,26,SE,1718,2,2013,14,1769,32,1579,444,216,197,31,224,143,77,1163,788,UEFA,0,
1967,1967-12-31,Paraguay,26,PY,1718,5,1956,18,1758,43,1618,216,49,83,84,73,103,40,341,441,CONMEBOL,0,
1967,1967-12-31,Belgium,28,BE,1716,5,1930,27,1682,54,1503,347,176,162,9,121,162,64,672,807,UEFA,0,
1967,1967-12-31,Ivory Coast,29,CI,1714,25,1731,36,1656,48,1596,55,22,19,14,28,15,12,111,70,CAF,0,
1967,1967-12-31,Austria,30,AT,1708,1,2070,9,1877,32,1689,355,163,176,16,159,130,66,776,660,UEFA,0,
1967,1967-12-31,Netherlands,32,NL,1694,3,2003,22,1749,55,1552,314,165,135,14,133,124,57,718,643,UEFA,0,
1967,1967-12-31,Turkey,35,TR,1677,19,1738,49,1505,77,1358,137,62,62,13,45,64,28,211,264,UEFA,0,
1967,1967-12-31,DR Congo,37,CD,1666,34,1666,46,1585,60,1541,61,23,23,15,33,20,8,139,90,CAF,0,
1967,1967-12-31,Switzerland,37,CH,1666,11,1804,25,1630,56,1485,340,165,154,21,94,190,56,552,842,UEFA,0,
1967,1967-12-31,Iraq,39,IQ,1645,24,1680,31,1668,49,1597,36,11,12,13,19,7,10,75,39,AFC,0,
1967,1967-12-31,Morocco,41,MA,1626,21,1743,34,1674,43,1620,67,30,20,17,30,24,13,110,105,CAF,0,
1967,1967-12-31,South Korea,43,KR,1612,16,1767,32,1667,84,1445,126,13,49,64,76,31,19,269,184,AFC,0,
1967,1967-12-31,Japan,47,JP,1605,30,1605,77,1269,114,1126,100,28,33,39,38,47,15,182,221,AFC,0,
1967,1967-12-31,Senegal,50,SN,1600,37,1657,46,1599,56,1559,41,19,14,8,18,15,8,70,62,CAF,0,
1967,1967-12-31,Australia,53,AU,1586,14,1772,35,1626,77,1469,92,55,31,6,47,37,8,242,208,AFC,0,
1967,1967-12-31,Tunisia,55,TN,1581,24,1697,37,1628,79,1464,93,36,31,26,34,37,22,146,172,CAF,0,
1967,1967-12-31,Iran,56,IR,1577,42,1612,52,1554,79,1450,41,11,12,18,18,15,8,60,47,AFC,0,
1967,1967-12-31,Canada,59,CA,1552,25,1634,37,1617,59,1552,20,5,15,0,7,10,3,32,44,CONCACAF,1,
1967,1967-12-31,Norway,63,NO,1547,14,1794,34,1570,80,1364,311,152,142,17,102,153,56,542,745,UEFA,0,
1967,1967-12-31,United States,68,US,1494,12,1784,36,1631,86,1433,60,10,35,15,16,38,6,107,219,CONCACAF,1,
1967,1967-12-31,New Zealand,71,NZ,1483,29,1572,57,1483,83,1334,53,22,28,3,23,26,4,135,162,OFC,0,
1967,1967-12-31,Haiti,80,HT,1447,54,1545,73,1360,95,1265,108,47,35,26,51,42,15,205,183,CONCACAF,0,
1967,1967-12-31,Curaçao,82,CW,1439,26,1618,51,1538,84,1361,219,62,85,72,101,66,52,442,353,CONCACAF,0,
1967,1967-12-31,Ecuador,84,EC,1437,69,1442,98,1283,121,1183,76,16,14,46,7,56,13,83,260,CONMEBOL,0,
1967,1967-12-31,Colombia,85,CO,1435,54,1495,82,1368,102,1304,69,22,13,34,16,42,11,95,183,CONMEBOL,0,
1967,1967-12-31,Saudi Arabia,106,SA,1345,89,1399,106,1337,118,1282,14,1,6,7,4,7,3,20,56,AFC,0,
1967,1967-12-31,Cape Verde,134,CV,1201,123,1201,130,1201,137,1192,2,0,2,0,0,1,1,3,4,CAF,0,
1967,1967-12-31,Panama,140,PA,1178,54,1508,97,1295,140,1175,85,15,22,48,24,48,13,141,219,CONCACAF,0,
1967,1967-12-31,Jordan,149,JO,1111,108,1224,130,1171,149,1099,21,1,6,14,3,16,2,24,63,AFC,0,
1968,1968-12-31,England,1,EN,2059,1,2213,3,1993,12,1810,505,207,277,21,315,101,89,1535,639,UEFA,0,
1968,1968-12-31,Germany,2,DE,2010,1,2097,11,1816,25,1637,347,158,158,31,184,102,61,859,552,UEFA,0,
1968,1968-12-31,Brazil,3,BR,1995,1,2195,6,1942,14,1805,305,109,100,96,182,72,51,727,402,CONMEBOL,0,
1968,1968-12-31,Czechia,7,CZ,1924,2,2026,10,1861,26,1686,290,121,143,26,136,95,59,629,480,UEFA,0,
1968,1968-12-31,Portugal,8,PT,1900,3,2018,25,1695,41,1623,150,75,62,13,51,74,25,226,293,UEFA,0,
1968,1968-12-31,Argentina,9,AR,1894,1,2159,3,2013,10,1855,438,168,177,93,243,102,93,943,527,CONMEBOL,0,
1968,1968-12-31,Mexico,11,MX,1877,8,1905,20,1739,48,1498,147,54,46,47,80,40,27,329,201,CONCACAF,1,
1968,1968-12-31,Scotland,12,SQ,1876,1,2104,5,1943,19,1770,348,162,180,6,195,85,68,827,481,UEFA,0,
1968,1968-12-31,Spain,13,ES,1864,1,2036,7,1924,15,1805,174,72,80,22,89,45,40,367,224,UEFA,0,
1968,1968-12-31,Uruguay,15,UY,1849,1,2104,7,1918,24,1718,403,142,160,101,180,143,80,751,611,CONMEBOL,0,
1968,1968-12-31,Belgium,17,BE,1792,5,1930,27,1683,54,1503,356,179,168,9,127,164,65,690,815,UEFA,0,
1968,1968-12-31,South Africa,20,ZA,1764,7,1847,18,1752,35,1654,45,21,24,0,19,25,1,104,116,CAF,0,
1968,1968-12-31,Sweden,23,SE,1753,2,2013,15,1768,32,1579,453,220,202,31,228,145,80,1182,799,UEFA,0,
1968,1968-12-31,DR Congo,24,CD,1752,21,1758,45,1592,60,1541,68,24,25,19,38,22,8,150,96,CAF,0,
1968,1968-12-31,Paraguay,25,PY,1748,5,1956,18,1758,43,1618,220,53,83,84,75,104,41,344,445,CONMEBOL,0,
1968,1968-12-31,Egypt,26,EG,1730,12,1872,30,1663,59,1528,129,58,38,33,61,41,27,333,227,CAF,0,
1968,1968-12-31,Ivory Coast,27,CI,1720,20,1762,35,1662,48,1596,67,25,25,17,33,18,16,128,82,CAF,0,
1968,1968-12-31,France,30,FR,1689,2,1965,22,1664,40,1514,324,170,132,22,113,159,52,599,772,UEFA,0,
1968,1968-12-31,Netherlands,31,NL,1686,3,2003,22,1748,55,1552,320,168,138,14,134,126,60,721,647,UEFA,0,
1968,1968-12-31,Austria,32,AT,1677,1,2070,9,1874,33,1674,363,167,180,16,160,134,69,790,674,UEFA,0,
1968,1968-12-31,Morocco,33,MA,1673,21,1743,34,1671,43,1620,70,32,21,17,32,24,14,114,107,CAF,0,
1968,1968-12-31,Japan,38,JP,1653,30,1653,76,1276,114,1126,105,28,37,40,40,49,16,191,230,AFC,0,
1968,1968-12-31,Ghana,39,GH,1652,10,1877,23,1717,40,1643,118,53,48,17,69,22,27,306,160,CAF,0,
1968,1968-12-31,Switzerland,40,CH,1637,11,1804,26,1630,56,1485,346,168,157,21,96,193,57,556,848,UEFA,0,
1968,1968-12-31,Iran,41,IR,1635,38,1635,52,1556,79,1450,45,15,12,18,22,15,8,71,49,AFC,0,
1968,1968-12-31,Algeria,42,DZ,1628,18,1774,31,1670,44,1624,51,22,18,11,20,17,14,91,62,CAF,0,
1968,1968-12-31,Iraq,45,IQ,1611,24,1680,32,1665,55,1584,42,12,14,16,21,9,12,85,45,AFC,0,
1968,1968-12-31,Senegal,49,SN,1594,37,1657,46,1600,56,1559,51,22,18,11,20,19,12,84,78,CAF,0,
1968,1968-12-31,Tunisia,50,TN,1592,24,1697,38,1627,79,1464,98,37,35,26,35,39,24,150,178,CAF,0,
1968,1968-12-31,Turkey,51,TR,1591,19,1738,49,1508,77,1358,142,65,64,13,45,68,29,212,281,UEFA,0,
1968,1968-12-31,Australia,54,AU,1577,14,1772,35,1625,77,1469,95,58,31,6,48,38,9,248,214,AFC,0,
1968,1968-12-31,South Korea,56,KR,1571,16,1767,32,1664,84,1445,132,13,50,69,80,33,19,282,196,AFC,0,
1968,1968-12-31,Norway,57,NO,1566,14,1794,34,1569,80,1364,318,155,146,17,105,156,57,554,763,UEFA,0,
1968,1968-12-31,Canada,61,CA,1553,25,1634,37,1616,61,1552,24,7,17,0,9,11,4,40,47,CONCACAF,1,
1968,1968-12-31,United States,67,US,1519,12,1784,36,1629,86,1433,69,14,40,15,20,42,7,129,241,CONCACAF,1,
1968,1968-12-31,New Zealand,75,NZ,1467,29,1572,57,1483,83,1334,55,24,28,3,24,27,4,141,165,OFC,0,
1968,1968-12-31,Haiti,77,HT,1461,54,1545,73,1362,95,1265,114,53,35,26,55,44,15,222,195,CONCACAF,0,
1968,1968-12-31,Curaçao,82,CW,1441,26,1618,51,1536,86,1361,225,65,88,72,103,69,53,454,363,CONCACAF,0,
1968,1968-12-31,Ecuador,84,EC,1437,69,1442,98,1288,121,1183,76,16,14,46,7,56,13,83,260,CONMEBOL,0,
1968,1968-12-31,Colombia,86,CO,1432,54,1495,82,1370,102,1304,70,23,13,34,16,43,11,95,184,CONMEBOL,0,
1968,1968-12-31,Saudi Arabia,106,SA,1345,89,1399,106,1338,118,1282,14,1,6,7,4,7,3,20,56,AFC,0,
1968,1968-12-31,Cape Verde,134,CV,1201,123,1201,131,1201,137,1192,2,0,2,0,0,1,1,3,4,CAF,0,
1968,1968-12-31,Panama,141,PA,1178,54,1508,98,1291,141,1175,85,15,22,48,24,48,13,141,219,CONCACAF,0,
1968,1968-12-31,Jordan,150,JO,1111,108,1224,131,1167,150,1099,21,1,6,14,3,16,2,24,63,AFC,0,
1969,1969-12-31,England,1,EN,2091,1,2213,3,1994,12,1810,516,212,283,21,323,102,91,1559,646,UEFA,0,
1969,1969-12-31,Brazil,2,BR,2040,1,2195,6,1943,14,1805,314,115,103,96,191,72,51,757,408,CONMEBOL,0,
1969,1969-12-31,Germany,3,DE,2020,1,2097,11,1819,25,1637,354,162,161,31,188,102,64,879,557,UEFA,0,
1969,1969-12-31,Czechia,6,CZ,1948,2,2026,10,1862,26,1686,296,123,146,27,139,97,60,641,489,UEFA,0,
1969,1969-12-31,Uruguay,9,UY,1865,1,2104,7,1917,24,1718,410,145,164,101,184,145,81,758,614,CONMEBOL,0,
1969,1969-12-31,Scotland,12,SQ,1831,1,2104,5,1942,19,1770,356,165,185,6,197,88,71,846,496,UEFA,0,
1969,1969-12-31,Sweden,13,SE,1823,2,2013,15,1769,32,1579,465,226,208,31,238,147,80,1209,811,UEFA,0,
1969,1969-12-31,Argentina,14,AR,1816,1,2159,3,2011,16,1816,446,172,181,93,245,104,97,951,536,CONMEBOL,0,
1969,1969-12-31,Spain,15,ES,1810,1,2036,7,1922,18,1805,180,76,82,22,92,47,41,377,229,UEFA,0,
1969,1969-12-31,Portugal,16,PT,1805,3,2018,25,1698,41,1623,156,78,65,13,51,77,28,229,300,UEFA,0,
1969,1969-12-31,Belgium,20,BE,1786,5,1930,27,1685,54,1503,360,181,170,9,129,166,65,694,821,UEFA,0,
1969,1969-12-31,DR Congo,21,CD,1782,20,1782,44,1600,60,1541,72,28,25,19,42,22,8,171,98,CAF,0,
1969,1969-12-31,South Africa,23,ZA,1764,7,1847,19,1752,35,1654,45,21,24,0,19,25,1,104,116,CAF,0,
1969,1969-12-31,France,24,FR,1748,2,1965,22,1665,40,1514,329,172,135,22,116,161,52,606,780,UEFA,0,
1969,1969-12-31,Egypt,25,EG,1747,12,1872,30,1664,59,1528,138,61,44,33,66,43,29,350,243,CAF,0,
1969,1969-12-31,Austria,27,AT,1734,1,2070,10,1872,33,1674,369,169,184,16,163,135,71,799,679,UEFA,0,
1969,1969-12-31,Paraguay,28,PY,1732,5,1956,18,1757,43,1618,232,58,90,84,79,109,44,353,456,CONMEBOL,0,
1969,1969-12-31,Ivory Coast,29,CI,1726,20,1762,35,1665,48,1596,72,28,27,17,35,18,19,135,84,CAF,0,
1969,1969-12-31,Netherlands,30,NL,1713,3,2003,22,1748,55,1552,326,173,139,14,137,128,61,730,651,UEFA,0,
1969,1969-12-31,Mexico,35,MX,1678,8,1905,20,1741,48,1498,171,65,55,51,88,50,33,356,225,CONCACAF,1,
1969,1969-12-31,Morocco,36,MA,1670,21,1743,34,1670,43,1620,85,38,28,19,37,30,18,129,122,CAF,0,
1969,1969-12-31,Ghana,40,GH,1637,10,1877,24,1715,46,1625,122,55,50,17,71,23,28,323,164,CAF,0,
1969,1969-12-31,Switzerland,41,CH,1632,11,1804,26,1630,56,1485,352,170,161,21,97,197,58,560,858,UEFA,0,
1969,1969-12-31,Iran,42,IR,1630,38,1655,51,1559,79,1450,49,17,13,19,25,16,8,86,57,AFC,0,
1969,1969-12-31,Algeria,43,DZ,1626,18,1774,32,1669,45,1624,58,27,20,11,23,20,15,98,68,CAF,0,
1969,1969-12-31,Australia,46,AU,1614,14,1772,36,1624,77,1469,107,62,34,11,52,40,15,263,226,AFC,0,
1969,1969-12-31,Turkey,48,TR,1609,19,1738,49,1510,77,1358,149,70,66,13,49,71,29,227,293,UEFA,0,
1969,1969-12-31,South Korea,52,KR,1599,16,1767,33,1661,84,1445,141,17,51,73,85,34,22,296,201,AFC,0,
1969,1969-12-31,Japan,53,JP,1592,30,1653,75,1283,114,1126,109,28,39,42,40,51,18,195,238,AFC,0,
1969,1969-12-31,Tunisia,55,TN,1578,24,1697,38,1626,79,1464,103,39,37,27,35,40,28,154,185,CAF,0,
1969,1969-12-31,Senegal,56,SN,1559,37,1657,47,1598,58,1559,59,25,21,13,22,24,13,93,97,CAF,0,
1969,1969-12-31,Iraq,57,IQ,1557,24,1680,33,1661,57,1557,48,16,15,17,21,14,13,89,55,AFC,0,
1969,1969-12-31,Canada,59,CA,1553,25,1634,38,1614,63,1552,24,7,17,0,9,11,4,40,47,CONCACAF,1,
1969,1969-12-31,Norway,63,NO,1547,14,1794,35,1569,80,1364,329,161,151,17,109,162,58,572,791,UEFA,0,
1969,1969-12-31,Haiti,68,HT,1521,54,1545,73,1365,95,1265,122,57,38,27,59,47,16,234,201,CONCACAF,0,
1969,1969-12-31,Curaçao,74,CW,1469,26,1618,52,1534,94,1361,232,67,89,76,107,71,54,475,375,CONCACAF,0,
1969,1969-12-31,United States,75,US,1467,12,1784,37,1626,86,1433,71,15,41,15,20,44,7,129,244,CONCACAF,1,
1969,1969-12-31,New Zealand,79,NZ,1455,29,1572,58,1482,83,1334,62,24,35,3,26,31,5,148,176,OFC,0,
1969,1969-12-31,Ecuador,83,EC,1445,69,1449,97,1293,121,1183,81,19,16,46,8,59,14,89,269,CONMEBOL,0,
1969,1969-12-31,Colombia,89,CO,1423,54,1495,82,1372,102,1304,83,30,19,34,17,52,14,109,212,CONMEBOL,0,
1969,1969-12-31,Saudi Arabia,105,SA,1339,89,1399,106,1338,118,1282,15,2,6,7,4,8,3,21,58,AFC,0,
1969,1969-12-31,Cape Verde,135,CV,1201,123,1201,131,1201,137,1192,2,0,2,0,0,1,1,3,4,CAF,0,
1969,1969-12-31,Panama,139,PA,1175,54,1508,100,1288,141,1175,87,15,24,48,24,49,14,143,222,CONCACAF,0,
1969,1969-12-31,Jordan,149,JO,1109,108,1224,132,1164,150,1099,22,2,6,14,3,17,2,25,69,AFC,0,
1970,1970-12-31,Brazil,1,BR,2178,1,2195,6,1946,14,1805,329,123,104,102,203,73,53,793,421,CONMEBOL,0,
1970,1970-12-31,England,2,EN,2042,1,2213,3,1995,12,1810,528,215,288,25,330,104,94,1579,654,UEFA,0,
1970,1970-12-31,Germany,3,DE,2034,1,2097,11,1823,25,1637,368,167,164,37,197,105,66,907,576,UEFA,0,
1970,1970-12-31,Uruguay,8,UY,1866,1,2104,7,1916,24,1718,419,147,165,107,188,149,82,767,622,CONMEBOL,0,
1970,1970-12-31,Spain,9,ES,1857,1,2036,7,1920,18,1805,185,80,83,22,96,47,42,387,232,UEFA,0,
1970,1970-12-31,Scotland,11,SQ,1851,1,2104,5,1941,19,1770,360,168,186,6,199,88,73,848,496,UEFA,0,
1970,1970-12-31,Sweden,11,SE,1851,2,2013,15,1770,32,1579,476,228,214,34,244,148,84,1223,819,UEFA,0,
1970,1970-12-31,Argentina,13,AR,1840,1,2159,3,2008,16,1816,451,173,185,93,247,106,98,958,542,CONMEBOL,0,
1970,1970-12-31,Czechia,14,CZ,1821,2,2026,10,1862,26,1686,305,125,150,30,142,101,62,652,503,UEFA,0,
1970,1970-12-31,Portugal,16,PT,1813,3,2018,25,1700,41,1623,158,79,66,13,52,78,28,231,302,UEFA,0,
1970,1970-12-31,Egypt,18,EG,1781,12,1872,30,1667,59,1528,145,61,47,37,70,45,30,363,251,CAF,0,
1970,1970-12-31,France,19,FR,1779,2,1965,22,1666,40,1514,336,176,138,22,120,163,53,618,786,UEFA,0,
1970,1970-12-31,South Africa,21,ZA,1764,7,1847,19,1752,35,1654,45,21,24,0,19,25,1,104,116,CAF,0,
1970,1970-12-31,DR Congo,24,CD,1746,20,1782,43,1606,60,1541,78,29,27,22,45,24,9,181,104,CAF,0,
1970,1970-12-31,Belgium,25,BE,1742,5,1930,27,1686,54,1503,366,184,171,11,131,170,65,702,831,UEFA,0,
1970,1970-12-31,Netherlands,26,NL,1741,3,2003,22,1747,55,1552,331,175,142,14,139,129,63,734,653,UEFA,0,
1970,1970-12-31,Paraguay,27,PY,1740,5,1956,18,1757,43,1618,234,59,91,84,79,109,46,354,457,CONMEBOL,0,
1970,1970-12-31,Mexico,28,MX,1734,8,1905,21,1740,48,1498,186,77,58,51,94,54,38,376,238,CONCACAF,1,
1970,1970-12-31,Austria,30,AT,1721,1,2070,10,1870,33,1674,376,173,187,16,164,139,73,804,688,UEFA,0,
1970,1970-12-31,Ghana,31,GH,1707,10,1877,24,1714,46,1625,129,57,51,21,74,24,31,333,169,CAF,0,
1970,1970-12-31,Switzerland,36,CH,1683,11,1804,26,1630,56,1485,359,175,163,21,100,199,60,566,863,UEFA,0,
1970,1970-12-31,Australia,38,AU,1672,14,1772,36,1624,77,1469,114,62,41,11,58,41,15,281,231,AFC,0,
1970,1970-12-31,Ivory Coast,39,CI,1662,20,1762,35,1666,48,1596,84,31,32,21,40,24,20,155,105,CAF,0,
1970,1970-12-31,Turkey,40,TR,1645,19,1738,48,1512,77,1358,153,71,68,14,51,71,31,234,297,UEFA,0,
1970,1970-12-31,South Korea,42,KR,1641,16,1767,34,1659,84,1445,160,17,54,89,97,35,28,326,208,AFC,0,
1970,1970-12-31,Morocco,44,MA,1634,21,1743,35,1668,49,1607,90,39,29,22,38,33,19,135,131,CAF,0,
1970,1970-12-31,Algeria,48,DZ,1601,18,1774,32,1667,51,1601,62,28,22,12,24,22,16,103,76,CAF,0,
1970,1970-12-31,Iran,49,IR,1600,38,1655,51,1562,79,1450,53,19,13,21,26,17,10,96,61,AFC,0,
1970,1970-12-31,Japan,55,JP,1577,30,1653,75,1288,114,1126,122,28,39,55,48,54,20,216,251,AFC,0,
1970,1970-12-31,Tunisia,56,TN,1576,24,1697,38,1625,79,1464,106,40,39,27,36,41,29,160,190,CAF,0,
1970,1970-12-31,Canada,60,CA,1553,25,1634,38,1613,63,1552,24,7,17,0,9,11,4,40,47,CONCACAF,1,
1970,1970-12-31,Iraq,61,IQ,1550,24,1680,34,1657,61,1550,50,16,17,17,21,16,13,89,62,AFC,0,
1970,1970-12-31,Norway,63,NO,1540,14,1794,35,1569,80,1364,337,165,155,17,111,167,59,580,806,UEFA,0,
1970,1970-12-31,Senegal,65,SN,1521,37,1657,48,1594,65,1519,66,26,27,13,23,29,14,95,109,CAF,0,
1970,1970-12-31,Haiti,66,HT,1514,54,1545,73,1368,95,1265,123,58,38,27,59,47,17,235,202,CONCACAF,0,
1970,1970-12-31,United States,73,US,1467,12,1784,38,1623,86,1433,71,15,41,15,20,44,7,129,244,CONCACAF,1,
1970,1970-12-31,New Zealand,77,NZ,1455,29,1572,58,1482,83,1334,62,24,35,3,26,31,5,148,176,OFC,0,
1970,1970-12-31,Ecuador,80,EC,1444,69,1449,97,1298,121,1183,82,20,16,46,8,60,14,89,271,CONMEBOL,0,
1970,1970-12-31,Colombia,85,CO,1421,54,1495,82,1374,102,1304,84,31,19,34,17,53,14,109,216,CONMEBOL,0,
1970,1970-12-31,Curaçao,90,CW,1414,26,1618,53,1532,94,1361,240,68,91,81,111,73,56,494,386,CONCACAF,0,
1970,1970-12-31,Saudi Arabia,121,SA,1275,89,1399,106,1334,123,1275,20,4,7,9,5,10,5,25,64,AFC,0,
1970,1970-12-31,Cape Verde,134,CV,1201,123,1201,132,1201,137,1192,2,0,2,0,0,1,1,3,4,CAF,0,
1970,1970-12-31,Panama,142,PA,1162,54,1508,101,1284,143,1162,90,17,25,48,25,51,14,150,230,CONCACAF,0,
1970,1970-12-31,Jordan,145,JO,1123,108,1224,133,1161,150,1099,24,2,8,14,4,18,2,27,71,AFC,0,
1970,1970-12-31,Qatar,153,QA,1083,153,1085,153,1083,154,1072,3,0,1,2,0,2,1,4,7,AFC,0,
1971,1971-12-31,Brazil,1,BR,2141,1,2195,6,1950,14,1805,336,128,106,102,205,73,58,801,427,CONMEBOL,0,
1971,1971-12-31,Germany,2,DE,2050,1,2097,11,1826,25,1637,377,170,170,37,204,106,67,931,580,UEFA,0,
1971,1971-12-31,England,3,EN,2044,1,2213,3,1995,12,1810,537,220,292,25,337,104,96,1598,658,UEFA,0,
1971,1971-12-31,Argentina,8,AR,1875,1,2159,3,2006,16,1816,461,180,188,93,251,107,103,973,553,CONMEBOL,0,
1971,1971-12-31,Spain,10,ES,1864,1,2036,7,1919,18,1805,191,83,86,22,99,48,44,401,237,UEFA,0,
1971,1971-12-31,Czechia,11,CZ,1859,2,2026,10,1862,26,1686,312,127,155,30,146,103,63,663,508,UEFA,0,
1971,1971-12-31,Sweden,12,SE,1846,2,2013,14,1771,32,1579,485,233,218,34,249,151,85,1236,827,UEFA,0,
1971,1971-12-31,Uruguay,14,UY,1818,1,2104,7,1915,24,1718,425,151,167,107,189,152,84,772,633,CONMEBOL,0,
1971,1971-12-31,Belgium,15,BE,1809,5,1930,27,1688,54,1503,373,187,175,11,136,171,66,716,834,UEFA,0,
1971,1971-12-31,Portugal,17,PT,1794,3,2018,25,1703,41,1623,163,82,68,13,54,80,29,240,308,UEFA,0,
1971,1971-12-31,Austria,18,AT,1793,1,2070,10,1868,33,1674,383,176,191,16,167,141,75,818,695,UEFA,0,
1971,1971-12-31,France,20,FR,1784,2,1965,22,1668,40,1514,344,178,144,22,123,166,55,631,800,UEFA,0,
1971,1971-12-31,Netherlands,21,NL,1765,3,2003,22,1747,55,1552,336,179,143,14,143,130,63,753,658,UEFA,0,
1971,1971-12-31,South Africa,22,ZA,1764,7,1847,19,1752,35,1654,45,21,24,0,19,25,1,104,116,CAF,0,
1971,1971-12-31,Scotland,24,SQ,1758,1,2104,6,1940,31,1726,370,171,193,6,201,95,74,853,510,UEFA,0,
1971,1971-12-31,Mexico,25,MX,1756,8,1905,21,1740,48,1498,205,82,68,55,101,60,44,394,259,CONCACAF,1,
1971,1971-12-31,Paraguay,26,PY,1751,5,1956,18,1757,43,1618,241,62,95,84,81,112,48,361,463,CONMEBOL,0,
1971,1971-12-31,DR Congo,30,CD,1731,20,1782,43,1611,60,1541,82,30,30,22,47,25,10,187,107,CAF,0,
1971,1971-12-31,Ghana,31,GH,1708,10,1877,24,1714,46,1625,138,61,56,21,79,26,33,353,179,CAF,0,
1971,1971-12-31,Switzerland,31,CH,1708,11,1804,26,1631,56,1485,365,180,164,21,103,201,61,581,871,UEFA,0,
1971,1971-12-31,Morocco,34,MA,1693,21,1743,35,1668,49,1607,96,42,31,23,43,34,19,151,138,CAF,0,
1971,1971-12-31,Egypt,36,EG,1690,12,1872,30,1668,59,1528,154,64,51,39,75,49,30,373,263,CAF,0,
1971,1971-12-31,Australia,38,AU,1659,14,1772,36,1625,77,1469,117,65,41,11,59,42,16,285,236,AFC,0,
1971,1971-12-31,Iran,42,IR,1619,38,1655,51,1563,79,1450,56,20,15,21,28,18,10,100,63,AFC,0,
1971,1971-12-31,Ivory Coast,43,CI,1616,20,1762,35,1664,48,1596,88,34,33,21,42,26,20,162,115,CAF,0,
1971,1971-12-31,Tunisia,43,TN,1616,24,1697,39,1624,79,1464,109,41,40,28,38,42,29,164,192,CAF,0,
1971,1971-12-31,Iraq,48,IQ,1606,24,1680,35,1654,65,1532,63,20,21,22,31,18,14,112,70,AFC,0,
1971,1971-12-31,Turkey,50,TR,1599,19,1738,48,1515,77,1358,158,73,71,14,52,75,31,236,312,UEFA,0,
1971,1971-12-31,South Korea,51,KR,1598,16,1767,34,1658,84,1445,176,29,55,92,106,37,33,359,216,AFC,0,
1971,1971-12-31,Senegal,54,SN,1590,37,1657,49,1591,65,1519,74,30,31,13,28,30,16,110,118,CAF,0,
1971,1971-12-31,Haiti,54,HT,1590,50,1603,73,1372,95,1265,136,63,41,32,65,48,23,264,212,CONCACAF,0,
1971,1971-12-31,Algeria,57,DZ,1572,18,1774,32,1665,57,1572,67,29,26,12,24,24,19,106,87,CAF,0,
1971,1971-12-31,Canada,60,CA,1553,25,1634,38,1612,63,1552,24,7,17,0,9,11,4,40,47,CONCACAF,1,
1971,1971-12-31,Japan,63,JP,1528,30,1653,75,1293,114,1126,128,28,42,58,51,57,20,234,261,AFC,0,
1971,1971-12-31,Norway,72,NO,1468,14,1794,36,1568,80,1364,345,170,158,17,112,173,60,588,833,UEFA,0,
1971,1971-12-31,United States,73,US,1467,12,1784,38,1620,86,1433,71,15,41,15,20,44,7,129,244,CONCACAF,1,
1971,1971-12-31,Ecuador,79,EC,1444,69,1449,96,1302,121,1183,82,20,16,46,8,60,14,89,271,CONMEBOL,0,
1971,1971-12-31,New Zealand,80,NZ,1439,29,1572,59,1481,83,1334,64,24,37,3,26,33,5,151,182,OFC,0,
1971,1971-12-31,Colombia,87,CO,1411,54,1495,82,1375,102,1304,86,31,21,34,17,55,14,111,221,CONMEBOL,0,
1971,1971-12-31,Curaçao,91,CW,1399,26,1618,53,1529,97,1361,246,72,93,81,114,74,58,507,392,CONCACAF,0,
1971,1971-12-31,Saudi Arabia,120,SA,1275,89,1399,107,1330,123,1275,20,4,7,9,5,10,5,25,64,AFC,0,
1971,1971-12-31,Panama,131,PA,1215,54,1508,102,1281,143,1155,94,17,28,49,26,54,14,156,241,CONCACAF,0,
1971,1971-12-31,Cape Verde,135,CV,1201,123,1201,132,1201,137,1192,2,0,2,0,0,1,1,3,4,CAF,0,
1971,1971-12-31,Jordan,144,JO,1140,108,1224,134,1159,150,1099,30,2,9,19,6,21,3,32,80,AFC,0,
1971,1971-12-31,Qatar,154,QA,1083,152,1085,153,1083,154,1072,3,0,1,2,0,2,1,4,7,AFC,0,
1972,1972-12-31,Germany,1,DE,2146,1,2146,11,1831,25,1637,384,173,173,38,210,106,68,950,584,UEFA,0,
1972,1972-12-31,Brazil,2,BR,2142,1,2195,6,1953,14,1805,341,133,106,102,209,73,59,809,429,CONMEBOL,0,
1972,1972-12-31,England,3,EN,2012,1,2213,3,1996,12,1810,544,223,296,25,340,106,98,1605,663,UEFA,0,
1972,1972-12-31,Portugal,9,PT,1909,3,2018,24,1706,41,1623,173,83,70,20,62,81,30,262,313,UEFA,0,
1972,1972-12-31,Spain,10,ES,1879,1,2036,7,1918,18,1805,197,87,87,23,102,48,47,408,240,UEFA,0,
1972,1972-12-31,Argentina,10,AR,1879,1,2159,3,2004,16,1816,472,182,191,99,257,110,105,990,565,CONMEBOL,0,
1972,1972-12-31,Belgium,13,BE,1858,5,1930,26,1690,54,1503,381,193,177,11,141,172,68,731,838,UEFA,0,
1972,1972-12-31,Scotland,14,SQ,1840,1,2104,6,1938,31,1726,379,176,195,8,206,97,76,866,515,UEFA,0,
1972,1972-12-31,Sweden,15,SE,1830,2,2013,14,1772,32,1579,493,238,221,34,252,153,88,1254,837,UEFA,0,
1972,1972-12-31,Czechia,16,CZ,1826,2,2026,10,1862,26,1686,321,131,158,32,149,107,65,676,519,UEFA,0,
1972,1972-12-31,Netherlands,17,NL,1822,3,2003,22,1748,55,1552,341,181,146,14,147,130,64,772,659,UEFA,0,
1972,1972-12-31,Austria,17,AT,1822,1,2070,10,1867,33,1674,390,179,195,16,170,142,78,832,703,UEFA,0,
1972,1972-12-31,Mexico,20,MX,1810,8,1905,21,1741,48,1498,215,87,73,55,109,62,44,413,268,CONCACAF,1,
1972,1972-12-31,France,21,FR,1792,2,1965,22,1670,40,1514,350,179,147,24,126,168,56,639,807,UEFA,0,
1972,1972-12-31,Uruguay,22,UY,1790,1,2104,7,1914,24,1718,432,151,171,110,190,156,86,774,639,CONMEBOL,0,
1972,1972-12-31,Paraguay,24,PY,1785,5,1956,19,1757,43,1618,247,62,97,88,84,114,49,375,470,CONMEBOL,0,
1972,1972-12-31,South Africa,25,ZA,1764,7,1847,19,1752,35,1654,45,21,24,0,19,25,1,104,116,CAF,0,
1972,1972-12-31,Switzerland,27,CH,1723,11,1804,26,1632,56,1485,370,182,167,21,103,202,65,584,878,UEFA,0,
1972,1972-12-31,Australia,30,AU,1703,14,1772,36,1626,77,1469,123,65,46,12,64,42,17,302,239,AFC,0,
1972,1972-12-31,Egypt,32,EG,1697,12,1872,30,1669,59,1528,164,68,54,42,81,50,33,392,274,CAF,0,
1972,1972-12-31,DR Congo,34,CD,1679,20,1782,42,1614,60,1541,90,32,32,26,50,27,13,206,118,CAF,0,
1972,1972-12-31,Morocco,37,MA,1658,21,1744,35,1669,49,1607,112,46,36,30,48,39,25,177,166,CAF,0,
1972,1972-12-31,Ivory Coast,38,CI,1648,20,1762,36,1662,48,1596,95,35,37,23,46,27,22,168,117,CAF,0,
1972,1972-12-31,Tunisia,41,TN,1641,24,1697,39,1624,79,1464,118,47,43,28,41,45,32,181,205,CAF,0,
1972,1972-12-31,Ghana,44,GH,1624,10,1877,25,1713,46,1621,157,71,62,24,86,31,40,380,202,CAF,0,
1972,1972-12-31,Haiti,47,HT,1612,47,1612,72,1377,95,1265,143,67,44,32,70,48,25,290,219,CONCACAF,0,
1972,1972-12-31,Iran,52,IR,1580,27,1742,51,1565,79,1450,71,21,17,33,35,23,13,119,84,AFC,0,
1972,1972-12-31,Algeria,53,DZ,1575,18,1774,33,1662,61,1546,79,32,30,17,32,28,19,126,102,CAF,0,
1972,1972-12-31,South Korea,56,KR,1558,16,1767,35,1655,84,1445,200,36,59,105,118,42,40,398,234,AFC,0,
1972,1972-12-31,Senegal,57,SN,1555,37,1657,49,1590,65,1519,89,41,35,13,32,36,21,140,137,CAF,0,
1972,1972-12-31,Turkey,58,TR,1554,19,1738,48,1516,77,1358,161,74,73,14,53,77,31,239,315,UEFA,0,
1972,1972-12-31,Iraq,59,IQ,1553,24,1680,35,1651,65,1532,71,25,22,24,34,20,17,123,79,AFC,0,
1972,1972-12-31,Canada,60,CA,1547,25,1634,39,1611,63,1547,29,9,20,0,10,13,6,48,56,CONCACAF,1,
1972,1972-12-31,Japan,65,JP,1490,30,1653,74,1297,114,1126,136,29,43,64,55,60,21,255,273,AFC,0,
1972,1972-12-31,New Zealand,73,NZ,1450,29,1572,59,1480,83,1334,69,26,39,4,28,35,6,160,191,OFC,0,
1972,1972-12-31,Norway,74,NO,1449,14,1794,36,1566,80,1364,352,174,161,17,113,178,61,594,851,UEFA,0,
1972,1972-12-31,United States,77,US,1444,12,1784,39,1617,86,1433,75,17,43,15,20,47,8,135,254,CONCACAF,1,
1972,1972-12-31,Ecuador,81,EC,1431,69,1449,96,1306,121,1183,86,20,16,50,8,63,15,93,280,CONMEBOL,0,
1972,1972-12-31,Colombia,89,CO,1408,54,1495,82,1376,102,1304,91,32,23,36,17,58,16,116,231,CONMEBOL,0,
1972,1972-12-31,Curaçao,94,CW,1398,26,1618,54,1526,97,1361,251,74,96,81,117,76,58,511,399,CONCACAF,0,
1972,1972-12-31,Saudi Arabia,116,SA,1303,89,1399,108,1328,123,1273,24,8,7,9,8,10,6,37,67,AFC,0,
1972,1972-12-31,Cape Verde,134,CV,1201,123,1201,132,1201,137,1192,2,0,2,0,0,1,1,3,4,CAF,0,
1972,1972-12-31,Panama,136,PA,1193,54,1508,103,1279,143,1155,97,19,29,49,27,55,15,161,242,CONCACAF,0,
1972,1972-12-31,Jordan,144,JO,1140,108,1224,134,1158,150,1099,30,2,9,19,6,21,3,32,80,AFC,0,
1972,1972-12-31,Qatar,162,QA,978,152,1085,156,1050,164,978,11,0,2,9,0,10,1,11,38,AFC,0,
1973,1973-12-31,Brazil,1,BR,2134,1,2195,6,1956,14,1805,351,134,115,102,216,75,60,828,437,CONMEBOL,0,
1973,1973-12-31,Germany,2,DE,2114,1,2146,11,1835,25,1637,394,181,175,38,216,109,69,968,592,UEFA,0,
1973,1973-12-31,England,4,EN,1981,1,2213,3,1996,12,1810,556,230,301,25,346,109,101,1628,673,UEFA,0,
1973,1973-12-31,Argentina,9,AR,1893,1,2159,3,2002,16,1816,484,187,198,99,263,112,109,1014,582,CONMEBOL,0,
1973,1973-12-31,Spain,10,ES,1888,1,2036,7,1918,18,1805,203,88,92,23,104,50,49,417,248,UEFA,0,
1973,1973-12-31,Sweden,12,SE,1885,2,2013,14,1773,32,1579,504,242,227,35,259,154,91,1271,849,UEFA,0,
1973,1973-12-31,Belgium,13,BE,1879,5,1930,26,1693,54,1503,385,196,178,11,144,172,69,742,838,UEFA,0,
1973,1973-12-31,Portugal,14,PT,1868,3,2018,24,1709,41,1623,178,85,72,21,63,82,33,269,320,UEFA,0,
1973,1973-12-31,Czechia,15,CZ,1836,2,2026,10,1861,26,1686,327,134,161,32,151,109,67,686,526,UEFA,0,
1973,1973-12-31,Netherlands,16,NL,1834,3,2003,22,1749,55,1552,348,186,148,14,151,131,66,791,665,UEFA,0,
1973,1973-12-31,Scotland,18,SQ,1808,1,2104,6,1937,31,1726,388,181,199,8,208,103,77,872,528,UEFA,0,
1973,1973-12-31,Austria,20,AT,1801,1,2070,10,1866,33,1674,397,181,199,17,171,146,80,839,722,UEFA,0,
1973,1973-12-31,Paraguay,23,PY,1776,5,1956,19,1757,43,1618,254,65,101,88,86,116,52,385,478,CONMEBOL,0,
1973,1973-12-31,Uruguay,24,UY,1771,1,2104,8,1912,26,1718,440,154,176,110,193,157,90,784,644,CONMEBOL,0,
1973,1973-12-31,France,25,FR,1770,2,1965,22,1671,40,1514,356,183,149,24,128,171,57,648,815,UEFA,0,
1973,1973-12-31,South Africa,26,ZA,1764,7,1847,19,1753,35,1654,45,21,24,0,19,25,1,104,116,CAF,0,
1973,1973-12-31,DR Congo,27,CD,1760,20,1782,42,1618,60,1541,102,39,37,26,59,30,13,232,125,CAF,0,
1973,1973-12-31,Mexico,28,MX,1727,8,1905,21,1742,48,1498,225,91,74,60,113,66,46,429,278,CONCACAF,1,
1973,1973-12-31,Tunisia,29,TN,1717,24,1717,39,1625,79,1464,131,51,46,34,48,48,35,205,221,CAF,0,
1973,1973-12-31,Switzerland,31,CH,1696,11,1804,26,1634,56,1485,376,185,170,21,106,204,66,587,882,UEFA,0,
1973,1973-12-31,Ivory Coast,32,CI,1674,20,1762,36,1661,48,1596,105,39,42,24,51,29,25,189,133,CAF,0,
1973,1973-12-31,Australia,33,AU,1672,14,1772,36,1627,77,1469,137,75,49,13,69,45,23,326,256,AFC,0,
1973,1973-12-31,Turkey,34,TR,1671,19,1738,48,1518,77,1358,168,79,75,14,56,78,34,250,318,UEFA,0,
1973,1973-12-31,Egypt,40,EG,1636,12,1872,30,1669,59,1528,175,68,56,51,87,54,34,423,292,CAF,0,
1973,1973-12-31,Morocco,42,MA,1630,21,1744,35,1670,49,1607,122,50,42,30,52,43,27,190,181,CAF,0,
1973,1973-12-31,South Korea,43,KR,1625,16,1767,35,1653,84,1445,217,47,60,110,128,44,45,430,241,AFC,0,
1973,1973-12-31,Haiti,44,HT,1614,40,1642,72,1381,95,1265,163,82,49,32,82,53,28,321,236,CONCACAF,0,
1973,1973-12-31,Iran,48,IR,1601,27,1742,51,1566,79,1450,80,28,19,33,40,25,15,128,90,AFC,0,
1973,1973-12-31,Algeria,51,DZ,1581,18,1774,34,1660,63,1530,93,35,34,24,37,32,24,155,118,CAF,0,
1973,1973-12-31,Iraq,53,IQ,1576,24,1680,36,1649,65,1532,83,25,25,33,39,22,22,139,88,AFC,0,
1973,1973-12-31,Ghana,56,GH,1564,10,1877,25,1710,58,1564,170,75,67,28,91,38,41,395,223,CAF,0,
1973,1973-12-31,Senegal,59,SN,1546,37,1657,50,1587,65,1519,93,42,38,13,33,39,21,145,145,CAF,0,
1973,1973-12-31,Canada,63,CA,1518,25,1634,39,1609,64,1502,35,11,24,0,12,17,6,53,68,CONCACAF,1,
1973,1973-12-31,Colombia,70,CO,1469,54,1495,82,1378,102,1304,99,35,28,36,19,61,19,123,241,CONMEBOL,0,
1973,1973-12-31,Norway,73,NO,1461,14,1794,37,1565,80,1364,360,178,165,17,115,183,62,604,860,UEFA,0,
1973,1973-12-31,Japan,74,JP,1459,30,1653,74,1300,114,1126,141,29,44,68,56,64,21,260,279,AFC,0,
1973,1973-12-31,United States,77,US,1445,12,1784,40,1614,88,1419,88,21,52,15,23,57,8,140,282,CONCACAF,1,
1973,1973-12-31,Ecuador,79,EC,1441,69,1465,95,1310,121,1183,96,25,21,50,9,66,21,103,295,CONMEBOL,0,
1973,1973-12-31,New Zealand,80,NZ,1439,29,1572,59,1480,83,1334,81,33,40,8,32,38,11,178,207,OFC,0,
1973,1973-12-31,Curaçao,101,CW,1368,26,1618,55,1524,101,1361,258,76,97,85,117,79,62,518,421,CONCACAF,0,
1973,1973-12-31,Saudi Arabia,113,SA,1303,89,1399,108,1326,123,1273,24,8,7,9,8,10,6,37,67,AFC,0,
1973,1973-12-31,Cape Verde,133,CV,1201,123,1201,132,1201,137,1192,2,0,2,0,0,1,1,3,4,CAF,0,
1973,1973-12-31,Panama,135,PA,1197,54,1508,104,1277,143,1155,99,20,30,49,28,56,15,163,246,CONCACAF,0,
1973,1973-12-31,Jordan,144,JO,1140,108,1224,135,1158,150,1099,30,2,9,19,6,21,3,32,80,AFC,0,
1973,1973-12-31,Qatar,162,QA,973,152,1085,158,1029,164,973,13,0,4,9,0,12,1,12,51,AFC,0,
1974,1974-12-31,Germany,1,DE,2130,1,2146,10,1839,25,1637,409,191,180,38,227,111,71,995,601,UEFA,0,
1974,1974-12-31,Netherlands,2,NL,2091,2,2091,22,1752,55,1552,362,191,151,20,161,132,69,823,673,UEFA,0,
1974,1974-12-31,Brazil,3,BR,2036,1,2195,6,1958,14,1805,367,143,115,109,225,77,65,847,443,CONMEBOL,0,
1974,1974-12-31,England,5,EN,1976,1,2213,3,1995,12,1810,566,234,307,25,350,110,106,1640,680,UEFA,0,
1974,1974-12-31,Spain,7,ES,1925,1,2036,7,1917,18,1805,208,89,95,24,107,51,50,423,252,UEFA,0,
1974,1974-12-31,Belgium,9,BE,1904,5,1930,26,1696,54,1503,392,199,182,11,148,173,71,750,842,UEFA,0,
1974,1974-12-31,Scotland,11,SQ,1880,1,2104,6,1936,31,1726,399,186,202,11,213,107,79,887,537,UEFA,0,
1974,1974-12-31,Czechia,12,CZ,1866,2,2026,10,1861,26,1686,338,138,168,32,156,112,70,702,538,UEFA,0,
1974,1974-12-31,Portugal,14,PT,1859,3,2018,24,1712,41,1623,181,86,74,21,63,83,35,269,323,UEFA,0,
1974,1974-12-31,Argentina,15,AR,1858,1,2159,3,2001,17,1816,497,190,202,105,267,116,114,1033,603,CONMEBOL,0,
1974,1974-12-31,Austria,16,AT,1841,1,2070,10,1866,33,1674,403,184,202,17,174,146,83,844,724,UEFA,0,
1974,1974-12-31,Sweden,18,SE,1836,2,2013,14,1775,32,1579,517,246,231,40,263,160,94,1283,869,UEFA,0,
1974,1974-12-31,France,21,FR,1789,2,1965,22,1673,40,1514,362,186,152,24,130,173,59,657,823,UEFA,0,
1974,1974-12-31,Paraguay,23,PY,1766,5,1956,19,1758,43,1618,256,65,103,88,86,118,52,385,481,CONMEBOL,0,
1974,1974-12-31,South Africa,24,ZA,1764,7,1847,19,1753,35,1654,45,21,24,0,19,25,1,104,116,CAF,0,
1974,1974-12-31,Mexico,25,MX,1744,8,1905,21,1742,48,1498,228,92,76,60,115,66,47,434,280,CONCACAF,1,
1974,1974-12-31,Morocco,28,MA,1729,21,1744,35,1670,49,1607,139,52,51,36,64,43,32,218,186,CAF,0,
1974,1974-12-31,DR Congo,29,CD,1706,20,1782,41,1622,60,1541,112,39,39,34,64,34,14,248,147,CAF,0,
1974,1974-12-31,Uruguay,30,UY,1703,1,2104,8,1909,31,1703,451,155,183,113,197,161,93,795,656,CONMEBOL,0,
1974,1974-12-31,Switzerland,32,CH,1691,11,1804,26,1635,56,1485,383,188,174,21,107,209,67,592,889,UEFA,0,
1974,1974-12-31,Australia,33,AU,1675,14,1772,36,1628,77,1469,144,77,52,15,71,48,25,331,264,AFC,0,
1974,1974-12-31,Iran,35,IR,1668,27,1742,51,1568,79,1450,90,36,20,34,48,27,15,150,94,AFC,0,
1974,1974-12-31,Egypt,35,EG,1668,12,1872,30,1669,59,1528,185,73,56,56,94,57,34,448,304,CAF,0,
1974,1974-12-31,Turkey,38,TR,1664,19,1738,48,1521,77,1358,174,82,77,15,58,80,36,257,328,UEFA,0,
1974,1974-12-31,Tunisia,40,TN,1631,24,1726,39,1626,79,1464,145,54,51,40,55,55,35,224,240,CAF,0,
1974,1974-12-31,Ghana,45,GH,1605,10,1877,26,1707,58,1564,178,79,71,28,94,39,45,409,232,CAF,0,
1974,1974-12-31,Iraq,49,IQ,1580,24,1680,36,1646,65,1532,95,28,29,38,43,26,26,150,95,AFC,0,
1974,1974-12-31,Haiti,53,HT,1548,40,1642,71,1385,95,1265,174,88,50,36,83,61,30,326,261,CONCACAF,0,
1974,1974-12-31,South Korea,59,KR,1540,16,1767,36,1651,84,1445,231,50,63,118,134,49,48,452,261,AFC,0,
1974,1974-12-31,Ivory Coast,60,CI,1539,20,1762,36,1658,60,1539,112,40,46,26,51,34,27,193,147,CAF,0,
1974,1974-12-31,Algeria,61,DZ,1531,18,1774,34,1657,63,1527,103,39,35,29,39,39,25,168,132,CAF,0,
1974,1974-12-31,Senegal,64,SN,1518,37,1657,50,1584,65,1518,95,42,40,13,33,41,21,148,153,CAF,0,
1974,1974-12-31,Canada,65,CA,1514,25,1634,40,1607,66,1502,38,11,27,0,12,19,7,53,72,CONCACAF,1,
1974,1974-12-31,Japan,72,JP,1472,30,1653,74,1303,114,1126,150,30,49,71,60,67,23,275,292,AFC,0,
1974,1974-12-31,Colombia,73,CO,1469,54,1495,82,1380,102,1304,99,35,28,36,19,61,19,123,241,CONMEBOL,0,
1974,1974-12-31,Norway,76,NO,1463,14,1794,38,1563,84,1364,366,181,168,17,116,188,62,610,871,UEFA,0,
1974,1974-12-31,Ecuador,80,EC,1441,69,1465,95,1313,121,1183,96,25,21,50,9,66,21,103,295,CONMEBOL,0,
1974,1974-12-31,New Zealand,82,NZ,1439,29,1572,60,1479,83,1334,81,33,40,8,32,38,11,178,207,OFC,0,
1974,1974-12-31,United States,85,US,1437,12,1784,40,1611,88,1419,90,22,53,15,23,59,8,141,286,CONCACAF,1,
1974,1974-12-31,Curaçao,100,CW,1370,26,1618,56,1521,102,1361,259,77,97,85,118,79,62,519,421,CONCACAF,0,
1974,1974-12-31,Saudi Arabia,107,SA,1337,89,1399,108,1326,123,1273,30,9,8,13,12,11,7,48,73,AFC,0,
1974,1974-12-31,Cape Verde,134,CV,1201,123,1201,132,1201,137,1192,2,0,2,0,0,1,1,3,4,CAF,0,
1974,1974-12-31,Panama,137,PA,1184,54,1508,105,1274,143,1155,104,21,32,51,30,58,16,168,250,CONCACAF,0,
1974,1974-12-31,Jordan,143,JO,1135,108,1224,135,1157,150,1099,36,2,10,24,6,26,4,33,100,AFC,0,
1974,1974-12-31,Qatar,164,QA,988,152,1085,159,1020,164,964,19,1,5,13,1,16,2,18,59,AFC,0,
1975,1975-12-31,Germany,1,DE,2096,1,2146,10,1843,25,1637,416,194,184,38,230,112,74,1006,606,UEFA,0,
1975,1975-12-31,Netherlands,2,NL,2042,2,2091,21,1757,55,1552,369,193,156,20,163,136,70,832,684,UEFA,0,
1975,1975-12-31,Brazil,4,BR,2026,1,2195,6,1959,14,1805,373,146,118,109,230,78,65,863,447,CONMEBOL,0,
1975,1975-12-31,England,5,EN,1978,1,2213,3,1995,12,1810,575,238,312,25,355,111,109,1659,687,UEFA,0,
1975,1975-12-31,Spain,8,ES,1914,1,2036,7,1917,18,1805,212,92,96,24,108,51,53,429,256,UEFA,0,
1975,1975-12-31,Czechia,9,CZ,1905,2,2026,10,1862,26,1686,348,145,171,32,160,112,76,721,544,UEFA,0,
1975,1975-12-31,Scotland,11,SQ,1899,1,2104,6,1936,31,1726,409,190,208,11,217,108,84,902,549,UEFA,0,
1975,1975-12-31,Belgium,12,BE,1887,5,1930,26,1699,54,1503,396,202,183,11,150,174,72,753,844,UEFA,0,
1975,1975-12-31,Argentina,13,AR,1874,1,2159,4,1999,17,1816,506,192,207,107,273,118,115,1064,611,CONMEBOL,0,
1975,1975-12-31,Portugal,15,PT,1846,3,2018,24,1715,41,1623,188,89,78,21,66,85,37,276,331,UEFA,0,
1975,1975-12-31,Sweden,17,SE,1828,2,2013,14,1776,32,1579,525,251,234,40,267,162,96,1296,877,UEFA,0,
1975,1975-12-31,Austria,19,AT,1797,1,2070,11,1865,33,1674,410,188,205,17,176,149,85,853,732,UEFA,0,
1975,1975-12-31,France,23,FR,1765,2,1965,22,1674,40,1514,368,190,154,24,132,175,61,663,827,UEFA,0,
1975,1975-12-31,South Africa,24,ZA,1764,7,1847,19,1753,35,1654,45,21,24,0,19,25,1,104,116,CAF,0,
1975,1975-12-31,Mexico,26,MX,1751,8,1905,21,1742,48,1498,235,96,77,62,118,69,48,447,286,CONCACAF,1,
1975,1975-12-31,Morocco,28,MA,1730,21,1744,35,1672,49,1607,150,57,55,38,70,45,35,231,192,CAF,0,
1975,1975-12-31,Egypt,29,EG,1705,12,1872,30,1669,59,1528,198,76,60,62,103,59,36,478,316,CAF,0,
1975,1975-12-31,Uruguay,30,UY,1704,1,2104,8,1907,31,1688,458,159,186,113,201,164,93,803,664,CONMEBOL,0,
1975,1975-12-31,Australia,32,AU,1680,14,1772,36,1629,77,1469,145,78,52,15,72,48,25,332,264,AFC,0,
1975,1975-12-31,Paraguay,33,PY,1674,5,1956,19,1757,43,1618,264,68,108,88,89,122,53,393,490,CONMEBOL,0,
1975,1975-12-31,DR Congo,33,CD,1674,20,1782,41,1625,60,1541,121,41,45,35,68,37,16,264,160,CAF,0,
1975,1975-12-31,Iran,36,IR,1667,27,1742,50,1571,79,1450,95,41,20,34,51,28,16,159,97,AFC,0,
1975,1975-12-31,Ghana,38,GH,1664,10,1877,26,1705,58,1564,191,88,75,28,102,43,46,442,245,CAF,0,
1975,1975-12-31,Turkey,38,TR,1664,19,1738,48,1524,77,1358,181,85,81,15,59,83,39,262,344,UEFA,0,
1975,1975-12-31,Switzerland,40,CH,1660,11,1804,26,1635,56,1485,390,192,177,21,108,213,69,598,900,UEFA,0,
1975,1975-12-31,South Korea,41,KR,1635,16,1767,36,1649,84,1445,253,53,69,131,151,53,49,502,276,AFC,0,
1975,1975-12-31,Colombia,44,CO,1627,39,1664,81,1384,102,1304,108,39,32,37,25,64,19,134,246,CONMEBOL,0,
1975,1975-12-31,Tunisia,46,TN,1595,24,1726,39,1627,79,1464,160,60,58,42,59,59,42,240,254,CAF,0,
1975,1975-12-31,Iraq,51,IQ,1579,24,1680,37,1644,65,1532,111,36,31,44,53,29,29,183,105,AFC,0,
1975,1975-12-31,Algeria,54,DZ,1562,18,1774,35,1655,66,1512,111,44,38,29,42,42,27,177,144,CAF,0,
1975,1975-12-31,Senegal,58,SN,1543,37,1657,51,1580,68,1497,109,48,47,14,38,46,25,161,170,CAF,0,
1975,1975-12-31,Haiti,60,HT,1512,40,1642,71,1388,95,1265,181,91,54,36,86,64,31,334,268,CONCACAF,0,
1975,1975-12-31,Ivory Coast,68,CI,1487,20,1762,38,1651,73,1476,121,43,51,27,52,39,30,198,159,CAF,0,
1975,1975-12-31,Canada,71,CA,1480,25,1634,40,1605,74,1480,43,15,28,0,12,24,7,56,98,CONCACAF,1,
1975,1975-12-31,Japan,72,JP,1477,30,1653,74,1306,114,1126,163,30,53,80,66,73,24,293,307,AFC,0,
1975,1975-12-31,Norway,75,NO,1464,14,1794,38,1562,84,1364,375,185,173,17,118,193,64,623,893,UEFA,0,
1975,1975-12-31,New Zealand,80,NZ,1449,29,1572,60,1478,85,1334,87,36,43,8,34,39,14,188,215,OFC,0,
1975,1975-12-31,United States,90,US,1412,12,1784,41,1608,90,1412,96,23,56,17,23,65,8,142,318,CONCACAF,1,
1975,1975-12-31,Ecuador,90,EC,1412,69,1482,95,1317,121,1183,104,29,25,50,11,71,22,114,308,CONMEBOL,0,
1975,1975-12-31,Curaçao,101,CW,1374,26,1618,57,1518,102,1361,260,78,97,85,119,79,62,523,422,CONCACAF,0,
1975,1975-12-31,Saudi Arabia,112,SA,1322,89,1399,108,1328,123,1273,42,9,11,22,17,17,8,66,88,AFC,0,
1975,1975-12-31,Panama,127,PA,1234,54,1508,105,1273,143,1155,114,28,35,51,32,61,21,181,262,CONCACAF,0,
1975,1975-12-31,Cape Verde,134,CV,1201,123,1201,132,1201,137,1192,2,0,2,0,0,1,1,3,4,CAF,0,
1975,1975-12-31,Jordan,144,JO,1135,108,1224,136,1156,150,1099,36,2,10,24,6,26,4,33,100,AFC,0,
1975,1975-12-31,Qatar,159,QA,1021,152,1085,159,1015,164,964,25,1,7,17,3,19,3,23,67,AFC,0,
1976,1976-12-31,Germany,1,DE,2135,1,2146,10,1847,25,1637,423,197,187,39,235,112,76,1027,611,UEFA,0,
1976,1976-12-31,Brazil,2,BR,2092,1,2195,5,1961,14,1805,383,150,122,111,239,78,66,885,453,CONMEBOL,0,
1976,1976-12-31,Netherlands,3,NL,2030,2,2091,21,1761,55,1552,375,195,159,21,167,137,71,846,692,UEFA,0,
1976,1976-12-31,Czechia,4,CZ,2001,2,2026,10,1863,26,1686,359,149,176,34,164,113,82,740,558,UEFA,0,
1976,1976-12-31,England,7,EN,1962,1,2213,3,1995,12,1810,585,241,317,27,361,114,110,1677,698,UEFA,0,
1976,1976-12-31,Scotland,9,SQ,1935,1,2104,6,1936,31,1726,416,196,209,11,223,109,84,918,553,UEFA,0,
1976,1976-12-31,Argentina,10,AR,1923,1,2159,4,1997,17,1816,519,198,214,107,281,121,117,1086,624,CONMEBOL,0,
1976,1976-12-31,Spain,11,ES,1922,1,2036,7,1917,18,1805,215,94,97,24,109,52,54,431,259,UEFA,0,
1976,1976-12-31,Belgium,12,BE,1875,5,1930,26,1701,54,1503,400,204,185,11,152,176,72,757,851,UEFA,0,
1976,1976-12-31,Portugal,17,PT,1828,3,2018,24,1717,41,1623,193,92,80,21,69,87,37,282,338,UEFA,0,
1976,1976-12-31,Austria,18,AT,1813,1,2070,11,1864,33,1674,418,192,209,17,181,152,85,867,742,UEFA,0,
1976,1976-12-31,Sweden,19,SE,1812,2,2013,15,1777,32,1579,535,255,240,40,272,165,98,1315,886,UEFA,0,
1976,1976-12-31,France,20,FR,1805,2,1965,22,1676,40,1514,374,193,157,24,134,176,64,672,833,UEFA,0,
1976,1976-12-31,South Africa,22,ZA,1764,7,1847,19,1753,35,1654,45,21,24,0,19,25,1,104,116,CAF,0,
1976,1976-12-31,Mexico,29,MX,1710,8,1905,21,1742,48,1498,241,100,79,62,120,71,50,454,291,CONCACAF,1,
1976,1976-12-31,Iran,30,IR,1705,27,1742,50,1574,79,1450,103,46,20,37,56,30,17,178,104,AFC,0,
1976,1976-12-31,Morocco,31,MA,1698,19,1808,34,1676,49,1607,168,59,60,49,80,48,40,260,208,CAF,0,
1976,1976-12-31,Paraguay,32,PY,1697,5,1956,19,1756,43,1618,270,71,111,88,90,124,56,402,501,CONMEBOL,0,
1976,1976-12-31,Australia,34,AU,1684,14,1772,36,1630,77,1469,154,82,57,15,78,49,27,349,269,AFC,0,
1976,1976-12-31,Turkey,35,TR,1680,19,1738,48,1527,77,1358,187,87,85,15,60,84,43,273,352,UEFA,0,
1976,1976-12-31,Uruguay,36,UY,1670,1,2104,8,1903,40,1652,469,163,193,113,202,169,98,812,681,CONMEBOL,0,
1976,1976-12-31,Ghana,39,GH,1644,10,1877,27,1704,58,1564,200,91,81,28,106,47,47,455,256,CAF,0,
1976,1976-12-31,Egypt,40,EG,1643,12,1872,30,1668,59,1528,206,77,62,67,106,62,38,492,329,CAF,0,
1976,1976-12-31,Tunisia,43,TN,1630,24,1726,39,1626,79,1464,166,63,61,42,62,59,45,249,258,CAF,0,
1976,1976-12-31,South Korea,44,KR,1629,16,1767,36,1649,84,1445,279,60,76,143,166,56,57,561,297,AFC,0,
1976,1976-12-31,DR Congo,45,CD,1616,20,1782,41,1625,60,1541,128,41,46,41,71,39,18,277,169,CAF,0,
1976,1976-12-31,Colombia,46,CO,1615,39,1664,80,1390,102,1304,109,40,32,37,25,65,19,135,248,CONMEBOL,0,
1976,1976-12-31,Switzerland,48,CH,1605,11,1804,27,1635,56,1485,398,196,181,21,109,219,70,604,912,UEFA,0,
1976,1976-12-31,Haiti,51,HT,1584,40,1642,71,1391,95,1265,192,98,57,37,92,64,36,356,271,CONCACAF,0,
1976,1976-12-31,Algeria,59,DZ,1528,18,1774,35,1652,66,1512,121,49,43,29,45,48,28,183,159,CAF,0,
1976,1976-12-31,Iraq,62,IQ,1512,24,1680,38,1640,65,1500,127,40,34,53,60,33,34,214,121,AFC,0,
1976,1976-12-31,Canada,62,CA,1512,25,1634,41,1603,74,1471,49,17,31,1,14,26,9,61,104,CONCACAF,1,
1976,1976-12-31,Senegal,66,SN,1503,37,1657,51,1577,68,1497,116,50,50,16,39,49,28,170,181,CAF,0,
1976,1976-12-31,Ivory Coast,67,CI,1500,20,1762,39,1644,73,1476,128,48,53,27,56,41,31,212,168,CAF,0,
1976,1976-12-31,Norway,70,NO,1486,14,1794,39,1560,85,1364,382,189,176,17,120,197,65,627,904,UEFA,0,
1976,1976-12-31,Japan,77,JP,1465,30,1653,74,1309,114,1126,180,37,57,86,70,80,30,322,336,AFC,0,
1976,1976-12-31,New Zealand,78,NZ,1464,29,1572,60,1478,85,1334,93,37,46,10,36,43,14,195,224,OFC,0,
1976,1976-12-31,United States,83,US,1440,12,1784,42,1605,92,1412,106,25,63,18,24,67,15,146,326,CONCACAF,1,
1976,1976-12-31,Ecuador,89,EC,1416,69,1482,95,1319,121,1183,105,30,25,50,11,71,23,116,310,CONMEBOL,0,
1976,1976-12-31,Saudi Arabia,103,SA,1361,89,1399,109,1326,125,1253,61,15,14,32,25,26,10,92,112,AFC,0,
1976,1976-12-31,Curaçao,107,CW,1341,26,1618,58,1515,107,1341,262,79,98,85,119,81,62,524,431,CONCACAF,0,
1976,1976-12-31,Panama,130,PA,1227,54,1508,106,1272,143,1155,121,32,38,51,33,66,22,188,288,CONCACAF,0,
1976,1976-12-31,Cape Verde,135,CV,1201,123,1201,132,1201,137,1192,2,0,2,0,0,1,1,3,4,CAF,0,
1976,1976-12-31,Jordan,136,JO,1181,108,1224,136,1155,150,1099,42,2,11,29,9,29,4,40,109,AFC,0,
1976,1976-12-31,Qatar,147,QA,1120,147,1120,158,1027,164,964,31,7,7,17,7,20,4,34,73,AFC,0,
1977,1977-12-31,Germany,1,DE,2131,1,2146,10,1851,25,1637,434,201,194,39,242,113,79,1050,620,UEFA,0,
1977,1977-12-31,Netherlands,2,NL,2076,2,2091,21,1765,55,1552,381,198,162,21,172,137,72,856,693,UEFA,0,
1977,1977-12-31,Brazil,3,BR,2072,1,2195,5,1963,14,1805,396,159,124,113,246,78,72,911,458,CONMEBOL,0,
1977,1977-12-31,Scotland,4,SQ,1998,1,2104,6,1936,31,1726,426,199,215,12,229,111,86,936,562,UEFA,0,
1977,1977-12-31,Spain,7,ES,1953,1,2036,8,1917,18,1805,221,96,101,24,113,53,55,438,262,UEFA,0,
1977,1977-12-31,England,8,EN,1930,1,2213,3,1995,12,1810,596,247,322,27,365,117,114,1690,705,UEFA,0,
1977,1977-12-31,Argentina,11,AR,1908,1,2159,4,1996,17,1816,530,207,215,108,286,123,121,1103,635,CONMEBOL,0,
1977,1977-12-31,Czechia,13,CZ,1888,2,2026,10,1864,26,1686,369,154,180,35,167,118,84,749,571,UEFA,0,
1977,1977-12-31,Austria,14,AT,1872,1,2070,11,1864,33,1674,426,197,212,17,186,152,88,884,745,UEFA,0,
1977,1977-12-31,Portugal,15,PT,1865,3,2018,24,1719,41,1623,197,94,82,21,72,87,38,292,341,UEFA,0,
1977,1977-12-31,France,16,FR,1852,2,1965,22,1678,40,1514,382,197,161,24,138,177,67,684,837,UEFA,0,
1977,1977-12-31,Iran,19,IR,1803,19,1803,49,1579,79,1450,117,53,26,38,65,31,21,197,110,AFC,0,
1977,1977-12-31,Belgium,21,BE,1794,5,1930,25,1703,54,1503,406,207,188,11,153,181,72,762,860,UEFA,0,
1977,1977-12-31,Mexico,22,MX,1790,8,1905,21,1742,48,1498,253,112,79,62,128,72,53,488,303,CONCACAF,1,
1977,1977-12-31,South Africa,24,ZA,1761,7,1847,19,1753,35,1654,47,22,25,0,20,25,2,112,117,CAF,0,
1977,1977-12-31,Sweden,25,SE,1752,2,2013,15,1777,32,1579,545,259,246,40,276,171,98,1324,900,UEFA,0,
1977,1977-12-31,Paraguay,28,PY,1724,5,1956,19,1755,43,1618,285,77,120,88,96,129,60,422,517,CONMEBOL,0,
1977,1977-12-31,South Korea,29,KR,1722,16,1767,36,1649,84,1445,304,70,86,148,181,57,66,614,313,AFC,0,
1977,1977-12-31,Tunisia,32,TN,1704,24,1726,39,1627,79,1464,183,73,68,42,69,65,49,275,279,CAF,0,
1977,1977-12-31,Egypt,36,EG,1661,12,1872,31,1668,59,1528,220,86,67,67,114,65,41,514,346,CAF,0,
1977,1977-12-31,Morocco,37,MA,1660,19,1808,34,1677,49,1607,176,61,66,49,83,51,42,273,219,CAF,0,
1977,1977-12-31,Australia,38,AU,1658,14,1772,36,1630,77,1469,170,89,64,17,85,54,31,373,283,AFC,0,
1977,1977-12-31,Uruguay,39,UY,1657,1,2104,9,1900,40,1652,479,170,196,113,205,171,103,824,690,CONMEBOL,0,
1977,1977-12-31,Ghana,40,GH,1652,10,1877,27,1702,58,1564,207,93,85,29,110,50,47,467,263,CAF,0,
1977,1977-12-31,Turkey,41,TR,1651,19,1738,47,1529,77,1358,197,91,91,15,63,91,43,282,366,UEFA,0,
1977,1977-12-31,Haiti,45,HT,1617,40,1642,70,1395,95,1265,199,100,58,41,95,66,38,365,281,CONCACAF,0,
1977,1977-12-31,Switzerland,46,CH,1616,11,1804,27,1635,56,1485,407,201,185,21,112,224,71,611,925,UEFA,0,
1977,1977-12-31,DR Congo,48,CD,1588,20,1782,41,1624,60,1541,130,41,48,41,71,41,18,279,174,CAF,0,
1977,1977-12-31,Colombia,49,CO,1577,39,1664,80,1395,102,1304,116,44,35,37,25,70,21,137,262,CONMEBOL,0,
1977,1977-12-31,Ivory Coast,51,CI,1573,20,1762,40,1641,73,1476,139,55,57,27,63,44,32,232,182,CAF,0,
1977,1977-12-31,Iraq,52,IQ,1569,24,1680,38,1637,65,1500,136,41,37,58,63,34,39,227,124,AFC,0,
1977,1977-12-31,Senegal,53,SN,1562,37,1657,52,1576,69,1494,125,55,54,16,45,52,28,184,194,CAF,0,
1977,1977-12-31,Canada,59,CA,1536,25,1634,41,1601,74,1471,55,17,33,5,16,28,11,69,113,CONCACAF,1,
1977,1977-12-31,Algeria,62,DZ,1525,18,1774,36,1649,66,1510,129,54,46,29,48,51,30,194,168,CAF,0,
1977,1977-12-31,New Zealand,67,NZ,1500,29,1572,61,1478,85,1334,99,42,47,10,40,44,15,216,228,OFC,0,
1977,1977-12-31,Norway,69,NO,1480,14,1794,39,1559,85,1364,388,192,179,17,121,201,66,631,912,UEFA,0,
1977,1977-12-31,United States,73,US,1469,12,1784,43,1603,92,1412,115,29,68,18,28,70,17,154,337,CONCACAF,1,
1977,1977-12-31,Japan,79,JP,1449,30,1653,74,1311,114,1126,185,38,61,86,70,84,31,323,343,AFC,0,
1977,1977-12-31,Ecuador,82,EC,1440,69,1482,94,1322,121,1183,115,34,31,50,14,76,25,125,325,CONMEBOL,0,
1977,1977-12-31,Saudi Arabia,104,SA,1343,89,1399,108,1327,125,1253,63,16,15,32,25,28,10,92,117,AFC,0,
1977,1977-12-31,Curaçao,105,CW,1341,26,1618,59,1512,107,1341,262,79,98,85,119,81,62,524,431,CONCACAF,0,
1977,1977-12-31,Panama,134,PA,1207,54,1508,107,1271,143,1155,125,34,39,52,33,70,22,189,296,CONCACAF,0,
1977,1977-12-31,Cape Verde,135,CV,1201,123,1201,133,1201,137,1192,2,0,2,0,0,1,1,3,4,CAF,0,
1977,1977-12-31,Jordan,136,JO,1198,108,1224,136,1157,150,1099,43,2,12,29,10,29,4,41,109,AFC,0,
1977,1977-12-31,Qatar,150,QA,1095,140,1157,157,1036,164,964,36,12,7,17,9,23,4,38,82,AFC,0,
1978,1978-12-31,Brazil,1,BR,2143,1,2195,5,1965,14,1805,408,161,128,119,253,79,76,928,463,CONMEBOL,0,
1978,1978-12-31,Netherlands,2,NL,2069,1,2109,21,1769,55,1552,395,200,168,27,181,140,74,888,708,UEFA,0,
1978,1978-12-31,Argentina,3,AR,2041,1,2159,4,1996,17,1816,543,218,217,108,296,125,122,1131,644,CONMEBOL,0,
1978,1978-12-31,Germany,4,DE,2039,1,2146,10,1854,25,1637,447,206,196,45,247,116,84,1071,634,UEFA,0,
1978,1978-12-31,England,5,EN,2001,1,2213,3,1994,12,1810,605,251,327,27,371,118,116,1707,714,UEFA,0,
1978,1978-12-31,Spain,7,ES,1963,1,2036,7,1918,18,1805,233,101,105,27,120,56,57,455,268,UEFA,0,
1978,1978-12-31,Czechia,11,CZ,1905,2,2026,10,1864,26,1686,379,157,187,35,170,123,86,761,583,UEFA,0,
1978,1978-12-31,France,12,FR,1895,2,1965,22,1681,40,1514,393,203,164,26,145,179,69,704,848,UEFA,0,
1978,1978-12-31,Austria,13,AT,1892,1,2070,11,1864,33,1674,439,200,216,23,192,158,89,899,762,UEFA,0,
1978,1978-12-31,Portugal,14,PT,1891,3,2018,23,1722,41,1623,202,97,84,21,75,88,39,297,345,UEFA,0,
1978,1978-12-31,Scotland,15,SQ,1887,1,2104,6,1936,31,1726,436,204,217,15,232,115,89,950,578,UEFA,0,
1978,1978-12-31,South Korea,16,KR,1832,16,1832,36,1652,84,1445,329,72,91,166,203,57,69,675,325,AFC,0,
1978,1978-12-31,Belgium,21,BE,1791,5,1930,25,1704,54,1503,411,209,191,11,154,182,75,765,863,UEFA,0,
1978,1978-12-31,South Africa,24,ZA,1761,7,1847,19,1753,35,1654,47,22,25,0,20,25,2,112,117,CAF,0,
1978,1978-12-31,Iran,25,IR,1741,19,1803,48,1584,79,1450,126,58,27,41,66,36,24,204,123,AFC,0,
1978,1978-12-31,Sweden,26,SE,1740,2,2013,15,1776,32,1579,555,263,249,43,279,175,101,1335,912,UEFA,0,
1978,1978-12-31,Paraguay,27,PY,1724,5,1956,20,1754,43,1618,285,77,120,88,96,129,60,422,517,CONMEBOL,0,
1978,1978-12-31,Tunisia,29,TN,1716,24,1734,39,1628,79,1464,198,76,72,50,72,71,55,290,299,CAF,0,
1978,1978-12-31,Mexico,33,MX,1701,8,1905,21,1742,48,1498,261,113,82,66,131,77,53,499,319,CONCACAF,1,
1978,1978-12-31,Egypt,35,EG,1681,12,1872,31,1668,59,1528,223,86,68,69,116,65,42,520,348,CAF,0,
1978,1978-12-31,Uruguay,36,UY,1680,1,2104,9,1897,41,1652,482,172,197,113,206,172,104,826,693,CONMEBOL,0,
1978,1978-12-31,Ghana,39,GH,1661,10,1877,27,1701,58,1564,223,101,89,33,119,53,51,496,279,CAF,0,
1978,1978-12-31,Turkey,44,TR,1632,19,1738,47,1531,77,1358,202,93,94,15,63,95,44,285,375,UEFA,0,
1978,1978-12-31,Iraq,45,IQ,1631,24,1680,38,1636,65,1500,156,44,40,72,75,38,43,256,135,AFC,0,
1978,1978-12-31,Australia,46,AU,1628,14,1772,36,1631,77,1469,173,92,64,17,85,56,32,375,287,AFC,0,
1978,1978-12-31,Morocco,47,MA,1613,19,1808,34,1675,49,1607,181,62,67,52,85,53,43,278,226,CAF,0,
1978,1978-12-31,Algeria,48,DZ,1605,18,1774,36,1647,66,1500,144,62,53,29,55,55,34,213,179,CAF,0,
1978,1978-12-31,Switzerland,49,CH,1602,11,1804,27,1635,56,1485,412,204,187,21,113,228,71,615,934,UEFA,0,
1978,1978-12-31,DR Congo,51,CD,1588,20,1782,42,1623,60,1541,130,41,48,41,71,41,18,279,174,CAF,0,
1978,1978-12-31,Colombia,52,CO,1581,39,1664,79,1400,102,1304,118,46,35,37,26,70,22,140,264,CONMEBOL,0,
1978,1978-12-31,Ivory Coast,54,CI,1570,20,1762,40,1638,73,1476,142,56,59,27,63,45,34,237,189,CAF,0,
1978,1978-12-31,Senegal,55,SN,1562,37,1657,52,1575,69,1494,125,55,54,16,45,52,28,184,194,CAF,0,
1978,1978-12-31,Haiti,56,HT,1560,40,1642,70,1398,95,1265,206,102,61,43,98,67,41,374,289,CONCACAF,0,
1978,1978-12-31,Canada,61,CA,1536,25,1634,42,1600,74,1471,55,17,33,5,16,28,11,69,113,CONCACAF,1,
1978,1978-12-31,New Zealand,65,NZ,1507,29,1572,61,1478,85,1334,100,42,48,10,41,44,15,218,228,OFC,0,
1978,1978-12-31,Norway,71,NO,1482,14,1794,40,1558,85,1364,395,195,183,17,121,205,69,636,924,UEFA,0,
1978,1978-12-31,United States,77,US,1463,12,1784,43,1600,92,1412,118,29,71,18,28,72,18,154,340,CONCACAF,1,
1978,1978-12-31,Ecuador,80,EC,1440,69,1482,94,1325,121,1183,115,34,31,50,14,76,25,125,325,CONMEBOL,0,
1978,1978-12-31,Japan,89,JP,1412,30,1653,74,1313,114,1126,199,42,62,95,74,93,32,343,373,AFC,0,
1978,1978-12-31,Saudi Arabia,96,SA,1363,89,1399,108,1329,125,1253,69,18,16,35,27,29,13,105,124,AFC,0,
1978,1978-12-31,Panama,124,PA,1246,54,1508,107,1269,143,1155,129,34,39,56,34,72,23,197,302,CONCACAF,0,
1978,1978-12-31,Curaçao,130,CW,1218,26,1618,60,1508,130,1218,270,81,100,89,120,87,63,528,451,CONCACAF,0,
1978,1978-12-31,Cape Verde,134,CV,1208,123,1217,133,1201,137,1192,6,2,3,1,1,4,1,6,8,CAF,0,
1978,1978-12-31,Jordan,136,JO,1198,108,1224,136,1158,150,1099,43,2,12,29,10,29,4,41,109,AFC,0,
1978,1978-12-31,Qatar,149,QA,1102,140,1157,156,1043,164,964,39,12,7,20,9,25,5,41,89,AFC,0,
1979,1979-12-31,Germany,1,DE,2069,1,2146,10,1857,25,1637,456,209,202,45,254,116,86,1091,639,UEFA,0,
1979,1979-12-31,England,2,EN,2052,1,2213,3,1995,12,1810,615,256,332,27,378,119,118,1730,720,UEFA,0,
1979,1979-12-31,Brazil,3,BR,2051,1,2195,5,1968,14,1805,416,166,131,119,257,81,78,949,473,CONMEBOL,0,
1979,1979-12-31,Netherlands,4,NL,2042,1,2109,20,1773,55,1552,403,203,172,28,185,142,76,900,716,UEFA,0,
1979,1979-12-31,Argentina,7,AR,1976,1,2159,4,1996,17,1816,554,221,224,109,299,129,126,1148,660,CONMEBOL,0,
1979,1979-12-31,Austria,8,AT,1937,1,2070,11,1865,33,1674,447,204,220,23,197,158,92,915,769,UEFA,0,
1979,1979-12-31,France,9,FR,1923,2,1965,22,1684,40,1514,399,206,167,26,150,180,69,721,852,UEFA,0,
1979,1979-12-31,Czechia,10,CZ,1912,2,2026,10,1865,26,1686,388,162,191,35,176,126,86,781,592,UEFA,0,
1979,1979-12-31,Belgium,12,BE,1896,5,1930,25,1706,54,1503,418,212,195,11,158,183,77,775,867,UEFA,0,
1979,1979-12-31,Spain,14,ES,1894,1,2036,8,1918,18,1805,239,104,108,27,121,59,59,462,277,UEFA,0,
1979,1979-12-31,Portugal,16,PT,1851,3,2018,23,1724,41,1623,207,99,87,21,77,90,40,303,351,UEFA,0,
1979,1979-12-31,South Korea,17,KR,1825,16,1832,36,1657,84,1445,335,77,92,166,208,58,69,708,329,AFC,0,
1979,1979-12-31,Scotland,19,SQ,1790,1,2104,6,1935,31,1726,445,209,221,15,234,120,91,960,594,UEFA,0,
1979,1979-12-31,Paraguay,21,PY,1782,5,1956,20,1754,43,1618,299,82,128,89,102,132,65,442,536,CONMEBOL,0,
1979,1979-12-31,South Africa,23,ZA,1761,7,1847,19,1753,35,1654,47,22,25,0,20,25,2,112,117,CAF,0,
1979,1979-12-31,Iran,24,IR,1741,19,1803,48,1588,79,1450,126,58,27,41,66,36,24,204,123,AFC,0,
1979,1979-12-31,Mexico,29,MX,1711,8,1905,21,1742,48,1498,266,116,84,66,134,77,55,505,321,CONCACAF,1,
1979,1979-12-31,Iraq,32,IQ,1692,24,1692,38,1637,65,1500,166,54,40,72,84,38,44,285,138,AFC,0,
1979,1979-12-31,Sweden,35,SE,1678,2,2013,15,1776,36,1579,567,267,257,43,283,180,104,1353,928,UEFA,0,
1979,1979-12-31,Turkey,36,TR,1669,19,1738,47,1533,77,1358,208,97,96,15,66,97,45,290,380,UEFA,0,
1979,1979-12-31,Tunisia,38,TN,1668,24,1734,39,1629,79,1464,204,80,73,51,75,73,56,299,306,CAF,0,
1979,1979-12-31,Algeria,39,DZ,1665,18,1774,37,1646,66,1500,153,66,57,30,60,58,35,227,185,CAF,0,
1979,1979-12-31,Uruguay,41,UY,1654,1,2104,10,1894,42,1636,490,175,202,113,208,176,106,834,707,CONMEBOL,0,
1979,1979-12-31,Ghana,42,GH,1646,10,1877,28,1700,58,1564,227,103,91,33,121,54,52,502,283,CAF,0,
1979,1979-12-31,Haiti,44,HT,1639,36,1674,70,1402,95,1265,220,108,67,45,109,68,43,400,295,CONCACAF,0,
1979,1979-12-31,Australia,46,AU,1620,14,1772,36,1630,77,1469,175,92,66,17,86,57,32,377,288,AFC,0,
1979,1979-12-31,Egypt,48,EG,1617,12,1872,31,1668,59,1528,228,88,70,70,117,66,45,526,353,CAF,0,
1979,1979-12-31,Switzerland,51,CH,1591,11,1804,27,1634,56,1485,419,207,191,21,115,233,71,621,949,UEFA,0,
1979,1979-12-31,Colombia,52,CO,1585,39,1664,78,1404,102,1304,124,49,38,37,29,72,23,147,268,CONMEBOL,0,
1979,1979-12-31,DR Congo,55,CD,1574,20,1782,42,1622,60,1541,140,45,54,41,76,45,19,301,193,CAF,0,
1979,1979-12-31,Senegal,57,SN,1563,37,1657,52,1576,69,1494,139,58,60,21,51,58,30,197,207,CAF,0,
1979,1979-12-31,New Zealand,59,NZ,1555,29,1572,61,1479,85,1334,106,43,53,10,47,44,15,234,229,OFC,0,
1979,1979-12-31,Canada,63,CA,1536,25,1634,42,1599,74,1471,55,17,33,5,16,28,11,69,113,CONCACAF,1,
1979,1979-12-31,Morocco,64,MA,1527,19,1808,35,1671,64,1527,190,66,71,53,88,57,45,294,240,CAF,0,
1979,1979-12-31,Ivory Coast,66,CI,1523,20,1762,41,1634,73,1476,152,61,62,29,67,51,34,253,200,CAF,0,
1979,1979-12-31,United States,70,US,1495,12,1784,44,1598,92,1412,123,30,75,18,30,75,18,161,353,CONCACAF,1,
1979,1979-12-31,Norway,73,NO,1476,14,1794,40,1557,85,1364,402,199,186,17,122,211,69,640,940,UEFA,0,
1979,1979-12-31,Ecuador,76,EC,1473,69,1492,94,1328,121,1183,123,38,35,50,17,80,26,134,336,CONMEBOL,0,
1979,1979-12-31,Japan,79,JP,1469,30,1653,75,1315,114,1126,208,44,65,99,79,94,35,357,381,AFC,0,
1979,1979-12-31,Saudi Arabia,96,SA,1388,89,1399,107,1331,125,1253,75,18,17,40,30,30,15,119,128,AFC,0,
1979,1979-12-31,Panama,122,PA,1246,54,1508,108,1269,143,1155,134,37,41,56,35,75,24,201,312,CONCACAF,0,
1979,1979-12-31,Jordan,135,JO,1198,108,1224,136,1160,150,1099,43,2,12,29,10,29,4,41,109,AFC,0,
1979,1979-12-31,Cape Verde,137,CV,1187,123,1217,133,1200,138,1187,8,2,4,2,1,6,1,6,12,CAF,0,
1979,1979-12-31,Curaçao,141,CW,1166,26,1618,61,1502,141,1166,275,83,102,90,120,91,64,534,468,CONCACAF,0,
1979,1979-12-31,Qatar,144,QA,1147,138,1170,155,1053,164,964,49,12,10,27,14,28,7,55,104,AFC,0,
1980,1980-12-31,Germany,1,DE,2123,1,2146,10,1860,25,1637,467,213,205,49,263,116,88,1120,648,UEFA,0,
1980,1980-12-31,Brazil,2,BR,2045,1,2195,5,1969,14,1805,424,173,132,119,263,82,79,966,478,CONMEBOL,0,
1980,1980-12-31,Argentina,4,AR,2001,1,2159,4,1996,17,1816,563,227,227,109,305,130,128,1168,668,CONMEBOL,0,
1980,1980-12-31,England,5,EN,1999,1,2213,3,1995,12,1810,628,261,338,29,386,122,120,1753,733,UEFA,0,
1980,1980-12-31,Belgium,7,BE,1953,5,1954,25,1709,54,1503,429,217,198,14,165,184,80,794,874,UEFA,0,
1980,1980-12-31,Austria,10,AT,1931,1,2070,11,1865,33,1674,454,207,224,23,201,160,93,928,777,UEFA,0,
1980,1980-12-31,France,11,FR,1929,2,1965,22,1687,40,1514,405,209,170,26,153,182,70,736,858,UEFA,0,
1980,1980-12-31,Netherlands,12,NL,1919,1,2109,20,1776,55,1552,412,204,177,31,186,147,79,906,727,UEFA,0,
1980,1980-12-31,Czechia,13,CZ,1903,2,2026,10,1866,26,1686,404,166,200,38,182,131,91,805,607,UEFA,0,
1980,1980-12-31,Spain,16,ES,1846,1,2036,8,1918,18,1805,250,109,112,29,122,64,64,472,292,UEFA,0,
1980,1980-12-31,Portugal,17,PT,1841,3,2018,23,1726,41,1623,213,102,90,21,79,92,42,310,359,UEFA,0,
1980,1980-12-31,Scotland,20,SQ,1795,1,2104,6,1934,31,1726,453,213,225,15,237,124,92,967,602,UEFA,0,
1980,1980-12-31,Paraguay,21,PY,1786,5,1956,20,1755,43,1618,304,84,131,89,104,134,66,449,547,CONMEBOL,0,
1980,1980-12-31,South Africa,23,ZA,1761,7,1847,19,1754,35,1654,47,22,25,0,20,25,2,112,117,CAF,0,
1980,1980-12-31,Iran,24,IR,1752,19,1803,47,1592,79,1450,140,58,32,50,75,37,28,247,131,AFC,0,
1980,1980-12-31,Uruguay,26,UY,1733,1,2104,10,1891,44,1636,504,181,210,113,214,181,109,858,717,CONMEBOL,0,
1980,1980-12-31,South Korea,28,KR,1728,16,1835,35,1660,84,1445,362,82,99,181,225,62,75,764,347,AFC,0,
1980,1980-12-31,Iraq,29,IQ,1718,24,1718,38,1639,65,1500,175,61,41,73,89,40,46,300,145,AFC,0,
1980,1980-12-31,Mexico,35,MX,1674,8,1905,22,1741,48,1498,281,120,94,67,140,81,60,531,340,CONCACAF,1,
1980,1980-12-31,Algeria,36,DZ,1672,18,1774,37,1647,66,1500,164,68,61,35,65,60,39,245,201,CAF,0,
1980,1980-12-31,Tunisia,37,TN,1661,24,1734,39,1630,79,1464,212,82,79,51,77,76,59,306,315,CAF,0,
1980,1980-12-31,Ghana,39,GH,1651,10,1877,28,1699,58,1564,234,105,93,36,125,55,54,515,289,CAF,0,
1980,1980-12-31,Australia,40,AU,1650,14,1772,36,1631,77,1469,192,101,71,20,91,63,38,415,318,AFC,0,
1980,1980-12-31,Morocco,41,MA,1644,19,1808,36,1668,65,1527,212,71,78,63,100,61,51,325,258,CAF,0,
1980,1980-12-31,Sweden,42,SE,1643,2,2013,15,1774,45,1579,577,272,262,43,285,185,107,1361,944,UEFA,0,
1980,1980-12-31,Egypt,45,EG,1609,12,1872,31,1667,59,1528,235,89,72,74,120,68,47,537,362,CAF,0,
1980,1980-12-31,Turkey,46,TR,1594,19,1738,47,1535,77,1358,214,101,98,15,68,101,45,300,391,UEFA,0,
1980,1980-12-31,Canada,49,CA,1583,25,1634,42,1598,74,1471,63,21,37,5,20,29,14,81,118,CONCACAF,1,
1980,1980-12-31,Colombia,50,CO,1578,39,1664,78,1408,102,1304,125,50,38,37,29,73,23,148,272,CONMEBOL,0,
1980,1980-12-31,DR Congo,51,CD,1577,20,1782,42,1620,60,1541,148,50,57,41,80,47,21,318,205,CAF,0,
1980,1980-12-31,Switzerland,54,CH,1575,11,1804,28,1634,56,1485,429,212,196,21,117,240,72,630,970,UEFA,0,
1980,1980-12-31,Norway,58,NO,1549,14,1794,40,1556,85,1364,409,203,189,17,126,213,70,654,951,UEFA,0,
1980,1980-12-31,Haiti,58,HT,1549,36,1674,69,1405,95,1265,230,111,73,46,113,73,44,409,307,CONCACAF,0,
1980,1980-12-31,Senegal,60,SN,1541,37,1657,52,1575,69,1494,155,63,67,25,59,64,32,216,222,CAF,0,
1980,1980-12-31,Ivory Coast,62,CI,1532,20,1762,42,1630,73,1476,161,64,66,31,69,53,39,267,212,CAF,0,
1980,1980-12-31,United States,67,US,1512,12,1784,44,1597,92,1412,129,32,79,18,32,77,20,168,362,CONCACAF,1,
1980,1980-12-31,Japan,71,JP,1493,30,1653,75,1318,114,1126,220,44,67,109,86,98,36,382,390,AFC,0,
1980,1980-12-31,Ecuador,78,EC,1473,69,1492,93,1332,121,1183,123,38,35,50,17,80,26,134,336,CONMEBOL,0,
1980,1980-12-31,New Zealand,79,NZ,1469,29,1572,61,1479,85,1334,121,44,58,19,52,50,19,257,254,OFC,0,
1980,1980-12-31,Saudi Arabia,92,SA,1393,88,1418,107,1333,125,1253,82,20,19,43,32,34,16,124,139,AFC,0,
1980,1980-12-31,Curaçao,134,CW,1212,26,1618,62,1496,141,1166,280,86,104,90,121,92,67,540,470,CONCACAF,0,
1980,1980-12-31,Cape Verde,137,CV,1196,123,1217,133,1200,140,1172,10,4,4,2,2,7,1,8,14,CAF,0,
1980,1980-12-31,Panama,139,PA,1189,54,1508,108,1268,143,1155,145,42,47,56,35,83,27,204,338,CONCACAF,0,
1980,1980-12-31,Qatar,140,QA,1179,138,1182,154,1063,164,964,55,14,11,30,16,31,8,61,113,AFC,0,
1980,1980-12-31,Jordan,143,JO,1149,108,1224,136,1160,150,1099,52,2,18,32,12,35,5,47,126,AFC,0,
1981,1981-12-31,Germany,1,DE,2111,1,2146,10,1863,25,1637,478,218,209,51,271,119,88,1155,658,UEFA,0,
1981,1981-12-31,Brazil,2,BR,2091,1,2195,5,1970,14,1805,440,178,141,121,275,83,82,1002,488,CONMEBOL,0,
1981,1981-12-31,Argentina,3,AR,2008,1,2159,4,1997,17,1816,567,229,227,111,306,131,130,1173,673,CONMEBOL,0,
1981,1981-12-31,Belgium,6,BE,1918,4,1961,25,1712,54,1503,435,220,201,14,168,187,80,802,884,UEFA,0,
1981,1981-12-31,Netherlands,9,NL,1912,1,2109,20,1778,55,1552,420,208,180,32,190,149,81,918,734,UEFA,0,
1981,1981-12-31,England,11,EN,1898,1,2213,3,1995,14,1810,637,267,341,29,388,127,122,1760,742,UEFA,0,
1981,1981-12-31,France,12,FR,1897,2,1965,22,1690,40,1514,413,213,174,26,156,187,70,748,870,UEFA,0,
1981,1981-12-31,Austria,12,AT,1897,1,2070,11,1866,33,1674,460,211,226,23,203,162,95,936,783,UEFA,0,
1981,1981-12-31,Czechia,14,CZ,1890,2,2026,10,1866,26,1686,416,170,208,38,187,135,94,829,622,UEFA,0,
1981,1981-12-31,Spain,15,ES,1880,1,2036,8,1917,18,1805,263,113,121,29,129,67,67,490,304,UEFA,0,
1981,1981-12-31,Scotland,17,SQ,1848,1,2104,6,1933,31,1726,462,217,230,15,242,126,94,978,608,UEFA,0,
1981,1981-12-31,Uruguay,19,UY,1789,1,2104,10,1890,44,1636,512,186,213,113,218,182,112,869,724,CONMEBOL,0,
1981,1981-12-31,South Africa,24,ZA,1761,7,1847,19,1754,35,1654,47,22,25,0,20,25,2,112,117,CAF,0,
1981,1981-12-31,Iran,27,IR,1747,19,1803,47,1596,79,1450,142,58,34,50,76,38,28,248,132,AFC,0,
1981,1981-12-31,Portugal,28,PT,1746,3,2018,23,1727,41,1623,222,107,94,21,82,97,43,321,376,UEFA,0,
1981,1981-12-31,Iraq,30,IQ,1724,24,1725,38,1641,65,1500,188,63,45,80,98,41,49,330,152,AFC,0,
1981,1981-12-31,Sweden,31,SE,1721,2,2013,16,1773,45,1579,588,277,267,44,292,189,107,1378,956,UEFA,0,
1981,1981-12-31,Paraguay,32,PY,1689,5,1956,20,1754,43,1618,309,87,133,89,105,138,66,452,555,CONMEBOL,0,
1981,1981-12-31,South Korea,32,KR,1689,16,1835,35,1661,84,1445,374,84,104,186,232,65,77,781,359,AFC,0,
1981,1981-12-31,Ghana,35,GH,1669,10,1877,28,1698,58,1564,240,107,97,36,128,55,57,523,294,CAF,0,
1981,1981-12-31,Algeria,35,DZ,1669,18,1774,37,1647,66,1500,174,74,65,35,72,62,40,269,208,CAF,0,
1981,1981-12-31,Mexico,39,MX,1663,8,1905,22,1740,48,1498,289,123,95,71,142,83,64,543,347,CONCACAF,1,
1981,1981-12-31,Switzerland,40,CH,1662,11,1804,28,1634,56,1485,437,216,200,21,121,241,75,640,979,UEFA,0,
1981,1981-12-31,Tunisia,41,TN,1654,24,1734,39,1631,79,1464,222,86,84,52,83,77,62,327,322,CAF,0,
1981,1981-12-31,Egypt,43,EG,1623,12,1872,31,1666,59,1528,239,91,74,74,122,69,48,544,366,CAF,0,
1981,1981-12-31,Canada,47,CA,1590,25,1634,42,1597,74,1471,71,21,41,9,23,31,17,93,128,CONCACAF,1,
1981,1981-12-31,DR Congo,48,CD,1588,20,1782,43,1619,60,1541,162,53,65,44,85,50,27,341,230,CAF,0,
1981,1981-12-31,Colombia,49,CO,1587,39,1664,77,1412,102,1304,134,55,42,37,30,77,27,157,284,CONMEBOL,0,
1981,1981-12-31,New Zealand,49,NZ,1587,29,1587,61,1480,85,1334,140,51,66,23,62,52,26,301,264,OFC,0,
1981,1981-12-31,Morocco,51,MA,1586,19,1808,36,1668,65,1527,224,78,83,63,105,65,54,343,271,CAF,0,
1981,1981-12-31,Australia,54,AU,1568,14,1772,36,1631,77,1469,200,105,75,20,95,65,40,437,327,AFC,0,
1981,1981-12-31,Senegal,61,SN,1542,37,1657,53,1573,69,1494,164,65,69,30,63,68,33,225,228,CAF,0,
1981,1981-12-31,Ivory Coast,62,CI,1532,20,1762,43,1626,73,1476,161,64,66,31,69,53,39,267,212,CAF,0,
1981,1981-12-31,Turkey,63,TR,1522,19,1738,47,1536,77,1358,219,104,100,15,68,106,45,300,404,UEFA,0,
1981,1981-12-31,Norway,65,NO,1519,14,1794,41,1555,85,1364,419,207,194,18,127,220,72,665,972,UEFA,0,
1981,1981-12-31,United States,67,US,1512,12,1784,44,1595,92,1412,129,32,79,18,32,77,20,168,362,CONCACAF,1,
1981,1981-12-31,Japan,71,JP,1495,30,1653,75,1321,114,1126,240,50,75,115,93,108,39,405,417,AFC,0,
1981,1981-12-31,Ecuador,76,EC,1482,69,1497,93,1335,121,1183,129,42,37,50,18,84,27,137,350,CONMEBOL,0,
1981,1981-12-31,Haiti,79,HT,1467,36,1674,69,1407,95,1265,238,113,75,50,113,77,48,411,320,CONCACAF,0,
1981,1981-12-31,Saudi Arabia,91,SA,1385,76,1470,106,1337,125,1253,98,31,22,45,39,41,18,142,161,AFC,0,
1981,1981-12-31,Curaçao,125,CW,1241,26,1618,63,1491,141,1166,283,88,105,90,123,93,67,544,472,CONCACAF,0,
1981,1981-12-31,Qatar,129,QA,1235,125,1241,152,1076,164,964,59,14,12,33,18,33,8,66,116,AFC,0,
1981,1981-12-31,Cape Verde,132,CV,1220,123,1237,133,1201,140,1172,14,4,5,5,3,10,1,12,22,CAF,0,
1981,1981-12-31,Panama,138,PA,1189,54,1508,109,1266,143,1155,145,42,47,56,35,83,27,204,338,CONCACAF,0,
1981,1981-12-31,Jordan,145,JO,1135,108,1224,136,1159,150,1099,60,4,24,32,14,41,5,51,136,AFC,0,
1982,1982-12-31,Brazil,1,BR,2115,1,2195,5,1972,14,1805,451,184,141,126,283,84,84,1033,498,CONMEBOL,0,
1982,1982-12-31,England,2,EN,2020,1,2213,3,1994,14,1810,652,271,348,33,398,128,126,1794,749,UEFA,0,
1982,1982-12-31,Germany,4,DE,2012,1,2146,10,1866,25,1637,493,221,215,57,278,123,92,1179,676,UEFA,0,
1982,1982-12-31,Argentina,7,AR,1942,1,2159,4,1996,17,1816,577,234,227,116,310,134,133,1186,683,CONMEBOL,0,
1982,1982-12-31,France,8,FR,1922,2,1965,21,1692,40,1514,428,220,175,33,163,192,73,773,889,UEFA,0,
1982,1982-12-31,Austria,9,AT,1910,1,2070,11,1867,33,1674,471,216,227,28,211,164,96,958,790,UEFA,0,
1982,1982-12-31,Belgium,10,BE,1903,4,1961,25,1714,54,1503,446,224,203,19,174,190,82,817,894,UEFA,0,
1982,1982-12-31,Netherlands,12,NL,1882,1,2109,20,1779,55,1552,427,211,183,33,193,152,82,930,742,UEFA,0,
1982,1982-12-31,Czechia,13,CZ,1864,2,2026,10,1866,26,1686,427,172,214,41,189,138,100,843,637,UEFA,0,
1982,1982-12-31,Spain,16,ES,1837,1,2036,8,1916,18,1805,273,122,122,29,133,69,71,504,313,UEFA,0,
1982,1982-12-31,Scotland,17,SQ,1831,1,2104,7,1932,31,1726,473,221,234,18,246,131,96,994,627,UEFA,0,
1982,1982-12-31,Uruguay,20,UY,1795,1,2104,10,1889,44,1636,516,186,214,116,220,182,114,876,727,CONMEBOL,0,
1982,1982-12-31,Portugal,21,PT,1788,3,2018,23,1728,41,1623,228,108,99,21,85,100,43,330,386,UEFA,0,
1982,1982-12-31,South Africa,23,ZA,1761,7,1847,19,1754,35,1654,47,22,25,0,20,25,2,112,117,CAF,0,
1982,1982-12-31,Switzerland,24,CH,1751,11,1804,28,1634,56,1485,447,220,206,21,127,243,77,654,990,UEFA,0,
1982,1982-12-31,Iraq,26,IQ,1740,24,1740,38,1643,65,1500,206,69,47,90,110,43,53,367,161,AFC,0,
1982,1982-12-31,Ghana,29,GH,1726,10,1877,28,1698,58,1564,259,107,102,50,138,55,66,557,311,CAF,0,
1982,1982-12-31,Algeria,30,DZ,1722,18,1774,37,1647,66,1500,186,76,67,43,79,65,42,284,220,CAF,0,
1982,1982-12-31,Iran,31,IR,1717,19,1803,46,1600,79,1450,151,59,35,57,83,40,28,271,134,AFC,0,
1982,1982-12-31,Sweden,34,SE,1701,2,2013,16,1772,45,1579,597,279,274,44,293,192,112,1388,969,UEFA,0,
1982,1982-12-31,Paraguay,36,PY,1689,5,1956,20,1753,43,1618,309,87,133,89,105,138,66,452,555,CONMEBOL,0,
1982,1982-12-31,Mexico,39,MX,1663,8,1905,22,1739,48,1498,289,123,95,71,142,83,64,543,347,CONCACAF,1,
1982,1982-12-31,Australia,42,AU,1616,14,1772,36,1630,77,1469,204,105,75,24,99,65,40,451,329,AFC,0,
1982,1982-12-31,Egypt,44,EG,1602,12,1872,31,1665,59,1528,241,93,74,74,122,70,49,547,371,CAF,0,
1982,1982-12-31,Norway,45,NO,1600,14,1794,41,1555,85,1364,427,212,197,18,130,223,74,676,983,UEFA,0,
1982,1982-12-31,South Korea,48,KR,1593,16,1835,35,1661,84,1445,399,87,111,201,244,72,83,823,384,AFC,0,
1982,1982-12-31,Canada,49,CA,1590,25,1634,43,1597,74,1471,71,21,41,9,23,31,17,93,128,CONCACAF,1,
1982,1982-12-31,DR Congo,50,CD,1588,20,1782,43,1618,60,1541,162,53,65,44,85,50,27,341,230,CAF,0,
1982,1982-12-31,Colombia,51,CO,1587,39,1664,77,1416,102,1304,134,55,42,37,30,77,27,157,284,CONMEBOL,0,
1982,1982-12-31,Morocco,52,MA,1579,19,1808,36,1665,65,1527,229,79,86,64,106,66,57,352,280,CAF,0,
1982,1982-12-31,Tunisia,55,TN,1575,24,1734,39,1630,79,1464,230,91,85,54,85,82,63,333,331,CAF,0,
1982,1982-12-31,New Zealand,57,NZ,1562,29,1610,61,1482,85,1334,146,53,66,27,63,57,26,307,281,OFC,0,
1982,1982-12-31,Japan,60,JP,1543,30,1653,74,1323,114,1126,248,51,78,119,97,112,39,414,430,AFC,0,
1982,1982-12-31,Senegal,63,SN,1531,37,1657,53,1571,69,1494,185,68,75,42,71,73,41,247,246,CAF,0,
1982,1982-12-31,United States,65,US,1524,12,1784,45,1594,92,1412,130,32,80,18,33,77,20,170,363,CONCACAF,1,
1982,1982-12-31,Turkey,66,TR,1516,19,1738,48,1536,77,1358,223,106,102,15,69,109,45,301,414,UEFA,0,
1982,1982-12-31,Ivory Coast,70,CI,1505,20,1762,43,1622,73,1476,166,64,67,35,69,53,44,278,223,CAF,0,
1982,1982-12-31,Ecuador,77,EC,1482,69,1497,92,1338,121,1183,129,42,37,50,18,84,27,137,350,CONMEBOL,0,
1982,1982-12-31,Haiti,80,HT,1467,36,1674,69,1408,95,1265,238,113,75,50,113,77,48,411,320,CONCACAF,0,
1982,1982-12-31,Saudi Arabia,87,SA,1425,76,1470,105,1339,125,1253,112,34,24,54,44,44,24,156,171,AFC,0,
1982,1982-12-31,Curaçao,124,CW,1256,26,1618,65,1487,141,1166,285,89,105,91,125,93,67,549,472,CONCACAF,0,
1982,1982-12-31,Qatar,131,QA,1226,125,1241,150,1088,164,964,66,14,14,38,20,38,8,73,124,AFC,0,
1982,1982-12-31,Cape Verde,134,CV,1218,116,1280,133,1201,140,1172,20,10,5,5,5,14,1,17,28,CAF,0,
1982,1982-12-31,Panama,139,PA,1189,54,1508,109,1264,143,1155,145,42,47,56,35,83,27,204,338,CONCACAF,0,
1982,1982-12-31,Jordan,145,JO,1133,108,1224,137,1158,150,1099,62,4,26,32,14,43,5,53,146,AFC,0,
1983,1983-12-31,England,2,EN,2000,1,2213,3,1994,14,1810,663,276,354,33,404,129,130,1809,752,UEFA,0,
1983,1983-12-31,Germany,3,DE,1996,1,2146,9,1868,25,1637,503,225,220,58,284,125,94,1199,684,UEFA,0,
1983,1983-12-31,Brazil,4,BR,1963,1,2195,5,1974,14,1805,465,189,150,126,288,86,91,1054,510,CONMEBOL,0,
1983,1983-12-31,France,5,FR,1927,2,1965,21,1695,40,1514,435,223,178,34,165,193,77,784,895,UEFA,0,
1983,1983-12-31,Argentina,6,AR,1917,1,2159,4,1996,17,1816,585,238,231,116,312,135,138,1194,690,CONMEBOL,0,
1983,1983-12-31,Belgium,8,BE,1900,4,1961,24,1717,54,1503,452,226,206,20,176,191,85,825,902,UEFA,0,
1983,1983-12-31,Netherlands,9,NL,1883,1,2109,20,1780,55,1552,434,215,186,33,197,154,83,944,750,UEFA,0,
1983,1983-12-31,Spain,10,ES,1871,1,2036,8,1915,18,1805,280,125,126,29,138,70,72,525,319,UEFA,0,
1983,1983-12-31,Uruguay,13,UY,1859,1,2104,10,1888,44,1636,531,193,222,116,226,184,121,895,739,CONMEBOL,0,
1983,1983-12-31,Czechia,15,CZ,1854,2,2026,10,1866,26,1686,435,176,218,41,192,140,103,855,642,UEFA,0,
1983,1983-12-31,Sweden,16,SE,1846,2,2013,16,1772,45,1579,609,284,281,44,302,194,113,1421,975,UEFA,0,
1983,1983-12-31,Portugal,17,PT,1835,3,2018,23,1729,41,1623,236,114,101,21,89,103,44,338,398,UEFA,0,
1983,1983-12-31,Scotland,18,SQ,1834,1,2104,7,1932,31,1726,484,225,241,18,251,134,99,1009,636,UEFA,0,
1983,1983-12-31,Austria,23,AT,1818,1,2070,11,1867,33,1674,477,218,231,28,212,167,98,964,802,UEFA,0,
1983,1983-12-31,Paraguay,24,PY,1781,5,1956,20,1752,43,1618,322,92,141,89,110,141,71,467,566,CONMEBOL,0,
1983,1983-12-31,Switzerland,25,CH,1764,11,1804,28,1636,56,1485,460,226,213,21,130,248,82,667,1005,UEFA,0,
1983,1983-12-31,South Africa,28,ZA,1761,7,1847,19,1754,35,1654,47,22,25,0,20,25,2,112,117,CAF,0,
1983,1983-12-31,Iran,31,IR,1717,19,1803,46,1602,79,1450,151,59,35,57,83,40,28,271,134,AFC,0,
1983,1983-12-31,Mexico,32,MX,1715,8,1905,22,1738,48,1498,296,126,97,73,148,83,65,563,351,CONCACAF,1,
1983,1983-12-31,Ghana,33,GH,1707,10,1877,28,1699,58,1564,273,109,106,58,147,58,68,575,320,CAF,0,
1983,1983-12-31,Iraq,36,IQ,1675,24,1740,38,1645,65,1500,211,72,49,90,111,44,56,371,165,AFC,0,
1983,1983-12-31,Algeria,37,DZ,1644,18,1774,37,1648,66,1500,198,82,71,45,84,70,44,309,238,CAF,0,
1983,1983-12-31,Egypt,38,EG,1642,12,1872,32,1665,59,1528,261,100,86,75,132,75,54,570,385,CAF,0,
1983,1983-12-31,South Korea,39,KR,1635,16,1835,35,1660,84,1445,413,91,116,206,251,74,88,848,394,AFC,0,
1983,1983-12-31,New Zealand,40,NZ,1627,29,1642,61,1484,85,1334,156,56,71,29,70,58,28,322,287,OFC,0,
1983,1983-12-31,Morocco,41,MA,1623,19,1808,37,1662,65,1527,242,85,93,64,111,69,62,365,286,CAF,0,
1983,1983-12-31,Tunisia,44,TN,1609,24,1734,39,1629,79,1464,241,97,89,55,92,84,65,350,338,CAF,0,
1983,1983-12-31,Norway,47,NO,1589,14,1794,41,1556,85,1364,431,215,198,18,130,225,76,678,987,UEFA,0,
1983,1983-12-31,Colombia,48,CO,1588,39,1664,76,1420,102,1304,141,59,45,37,31,78,32,164,291,CONMEBOL,0,
1983,1983-12-31,DR Congo,48,CD,1588,20,1782,43,1617,60,1541,162,53,65,44,85,50,27,341,230,CAF,0,
1983,1983-12-31,Turkey,51,TR,1583,19,1738,48,1535,77,1358,231,110,106,15,71,113,47,310,430,UEFA,0,
1983,1983-12-31,Australia,52,AU,1581,14,1772,37,1629,77,1469,211,109,77,25,100,69,42,458,339,AFC,0,
1983,1983-12-31,Canada,61,CA,1545,25,1634,43,1597,74,1471,78,24,45,9,24,37,17,96,144,CONCACAF,1,
1983,1983-12-31,Ivory Coast,63,CI,1542,20,1762,44,1619,73,1476,178,74,69,35,76,56,46,293,235,CAF,0,
1983,1983-12-31,United States,65,US,1541,12,1784,45,1593,92,1412,131,32,81,18,34,77,20,172,363,CONCACAF,1,
1983,1983-12-31,Ecuador,66,EC,1523,64,1523,92,1342,121,1183,135,45,40,50,18,86,31,141,360,CONMEBOL,0,
1983,1983-12-31,Senegal,70,SN,1506,37,1657,53,1570,75,1487,205,77,81,47,80,79,46,268,261,CAF,0,
1983,1983-12-31,Saudi Arabia,71,SA,1505,70,1505,105,1343,125,1253,124,42,28,54,53,45,26,184,177,AFC,0,
1983,1983-12-31,Japan,72,JP,1492,30,1653,74,1326,114,1126,259,58,82,119,101,115,43,440,441,AFC,0,
1983,1983-12-31,Haiti,84,HT,1450,36,1674,69,1409,95,1265,239,114,75,50,113,78,48,411,322,CONCACAF,0,
1983,1983-12-31,Qatar,101,QA,1328,101,1328,148,1101,164,964,75,20,17,38,25,38,12,85,129,AFC,0,
1983,1983-12-31,Curaçao,127,CW,1242,26,1618,66,1483,141,1166,288,91,106,91,125,95,68,549,474,CONCACAF,0,
1983,1983-12-31,Panama,135,PA,1213,54,1508,110,1263,143,1155,147,44,47,56,36,83,28,205,338,CONCACAF,0,
1983,1983-12-31,Cape Verde,138,CV,1202,116,1280,133,1202,141,1172,23,10,6,7,6,16,1,18,31,CAF,0,
1983,1983-12-31,Jordan,152,JO,1095,108,1224,137,1157,153,1095,71,9,30,32,14,51,6,59,165,AFC,0,
1984,1984-12-31,France,1,FR,2050,1,2050,21,1699,40,1514,447,234,179,34,177,193,77,811,899,UEFA,0,
1984,1984-12-31,Germany,3,DE,1973,1,2146,9,1869,25,1637,514,228,224,62,291,128,95,1214,695,UEFA,0,
1984,1984-12-31,England,4,EN,1970,1,2213,3,1994,14,1810,674,280,361,33,409,133,132,1827,760,UEFA,0,
1984,1984-12-31,Brazil,5,BR,1945,1,2195,5,1974,14,1805,468,192,150,126,289,87,92,1055,512,CONMEBOL,0,
1984,1984-12-31,Argentina,6,AR,1909,1,2159,4,1994,17,1816,597,240,239,118,316,138,143,1205,697,CONMEBOL,0,
1984,1984-12-31,Uruguay,7,UY,1894,1,2104,10,1888,44,1636,538,197,225,116,230,185,123,904,742,CONMEBOL,0,
1984,1984-12-31,Scotland,9,SQ,1884,1,2104,7,1931,31,1726,490,230,242,18,255,135,100,1024,642,UEFA,0,
1984,1984-12-31,Spain,12,ES,1873,1,2036,8,1914,18,1805,293,129,131,33,143,74,76,541,331,UEFA,0,
1984,1984-12-31,Czechia,14,CZ,1852,2,2026,10,1866,26,1686,441,178,222,41,195,142,104,864,647,UEFA,0,
1984,1984-12-31,Netherlands,15,NL,1848,1,2109,20,1781,55,1552,438,217,188,33,199,156,83,952,753,UEFA,0,
1984,1984-12-31,Portugal,15,PT,1848,3,2018,23,1731,41,1623,246,118,104,24,94,106,46,351,410,UEFA,0,
1984,1984-12-31,Sweden,17,SE,1835,2,2013,16,1772,45,1579,617,288,285,44,304,198,115,1429,982,UEFA,0,
1984,1984-12-31,Belgium,21,BE,1801,4,1961,24,1719,54,1503,462,230,210,22,179,196,87,835,918,UEFA,0,
1984,1984-12-31,Austria,22,AT,1798,1,2070,11,1866,33,1674,484,220,236,28,215,170,99,975,810,UEFA,0,
1984,1984-12-31,Mexico,23,MX,1786,8,1905,22,1738,48,1498,312,128,108,76,155,86,71,582,368,CONCACAF,1,
1984,1984-12-31,Paraguay,24,PY,1781,5,1956,20,1753,43,1618,322,92,141,89,110,141,71,467,566,CONMEBOL,0,
1984,1984-12-31,Switzerland,28,CH,1764,11,1804,28,1637,56,1485,468,232,215,21,132,251,85,671,1016,UEFA,0,
1984,1984-12-31,South Africa,29,ZA,1761,7,1847,20,1754,35,1654,47,22,25,0,20,25,2,112,117,CAF,0,
1984,1984-12-31,Algeria,32,DZ,1707,18,1774,37,1649,66,1500,211,85,74,52,89,74,48,328,254,CAF,0,
1984,1984-12-31,Iran,34,IR,1694,19,1803,45,1605,79,1450,164,59,38,67,91,41,32,301,140,AFC,0,
1984,1984-12-31,Morocco,35,MA,1671,19,1808,37,1661,65,1527,251,90,96,65,116,69,66,380,293,CAF,0,
1984,1984-12-31,Norway,36,NO,1667,14,1794,41,1557,85,1364,442,220,204,18,136,227,79,687,991,UEFA,0,
1984,1984-12-31,Egypt,37,EG,1654,12,1872,32,1664,59,1528,279,109,90,80,139,80,60,589,401,CAF,0,
1984,1984-12-31,Ghana,38,GH,1644,10,1877,28,1698,58,1564,289,110,112,67,156,62,71,597,335,CAF,0,
1984,1984-12-31,Saudi Arabia,40,SA,1631,40,1631,103,1351,125,1253,150,51,29,70,69,50,31,242,205,AFC,0,
1984,1984-12-31,Tunisia,45,TN,1605,24,1734,39,1629,79,1464,247,100,91,56,96,86,65,365,344,CAF,0,
1984,1984-12-31,Iraq,47,IQ,1596,24,1740,38,1644,65,1500,228,72,53,103,120,48,60,395,180,AFC,0,
1984,1984-12-31,Canada,48,CA,1592,25,1634,43,1597,74,1471,86,25,50,11,26,41,19,103,154,CONCACAF,1,
1984,1984-12-31,Colombia,49,CO,1587,39,1664,75,1424,102,1304,146,61,47,38,32,80,34,166,294,CONMEBOL,0,
1984,1984-12-31,Ivory Coast,50,CI,1584,20,1762,45,1616,73,1476,201,89,74,38,91,60,50,346,262,CAF,0,
1984,1984-12-31,DR Congo,51,CD,1583,20,1782,43,1616,60,1541,165,55,66,44,86,50,29,346,233,CAF,0,
1984,1984-12-31,United States,53,US,1578,12,1784,45,1593,92,1412,142,40,84,18,38,79,25,187,373,CONCACAF,1,
1984,1984-12-31,Australia,57,AU,1571,14,1772,37,1628,77,1469,212,109,78,25,100,70,42,460,342,AFC,0,
1984,1984-12-31,South Korea,60,KR,1534,16,1835,36,1659,84,1445,429,94,117,218,257,79,93,875,405,AFC,0,
1984,1984-12-31,Turkey,62,TR,1531,19,1738,48,1536,77,1358,241,116,110,15,74,119,48,317,452,UEFA,0,
1984,1984-12-31,Ecuador,64,EC,1527,61,1532,91,1346,121,1183,141,45,45,51,18,88,35,145,366,CONMEBOL,0,
1984,1984-12-31,Qatar,66,QA,1514,60,1539,143,1126,164,964,99,24,20,55,39,41,19,123,144,AFC,0,
1984,1984-12-31,New Zealand,70,NZ,1500,29,1642,61,1484,85,1334,165,59,73,33,73,62,30,334,298,OFC,0,
1984,1984-12-31,Senegal,76,SN,1488,37,1657,54,1567,78,1474,220,79,87,54,86,84,50,289,275,CAF,0,
1984,1984-12-31,Japan,84,JP,1439,30,1653,74,1328,114,1126,266,59,84,123,104,119,43,455,454,AFC,0,
1984,1984-12-31,Haiti,87,HT,1420,36,1674,70,1409,95,1265,243,117,76,50,115,80,48,417,325,CONCACAF,0,
1984,1984-12-31,Curaçao,121,CW,1266,26,1618,67,1480,141,1166,293,94,108,91,128,96,69,558,480,CONCACAF,0,
1984,1984-12-31,Panama,133,PA,1215,54,1508,111,1262,143,1155,155,49,50,56,37,87,31,209,349,CONCACAF,0,
1984,1984-12-31,Cape Verde,141,CV,1182,116,1280,134,1201,142,1172,26,10,7,9,6,18,2,19,36,CAF,0,
1984,1984-12-31,Jordan,146,JO,1146,108,1224,137,1156,153,1095,76,10,31,35,16,53,7,69,177,AFC,0,
1985,1985-12-31,France,2,FR,1990,1,2050,21,1703,40,1514,453,237,182,34,180,195,78,821,903,UEFA,0,
1985,1985-12-31,England,3,EN,1935,1,2213,3,1994,14,1810,686,284,367,35,414,136,136,1846,767,UEFA,0,
1985,1985-12-31,Brazil,5,BR,1922,1,2195,5,1973,14,1805,479,199,154,126,295,90,94,1071,521,CONMEBOL,0,
1985,1985-12-31,Germany,6,DE,1907,1,2146,9,1871,25,1637,525,233,229,63,295,133,97,1235,710,UEFA,0,
1985,1985-12-31,Argentina,9,AR,1880,1,2159,4,1993,17,1816,609,245,245,119,321,141,147,1223,709,CONMEBOL,0,
1985,1985-12-31,Netherlands,10,NL,1873,1,2109,20,1782,55,1552,444,221,190,33,203,157,84,964,757,UEFA,0,
1985,1985-12-31,Sweden,11,SE,1870,2,2013,16,1774,45,1579,625,292,289,44,309,199,117,1442,988,UEFA,0,
1985,1985-12-31,Spain,13,ES,1864,1,2036,8,1913,18,1805,302,135,134,33,148,75,79,551,337,UEFA,0,
1985,1985-12-31,Scotland,14,SQ,1863,1,2104,7,1930,31,1726,498,234,246,18,258,137,103,1029,645,UEFA,0,
1985,1985-12-31,Uruguay,14,UY,1863,1,2104,10,1888,44,1636,555,204,235,116,240,191,124,931,760,CONMEBOL,0,
1985,1985-12-31,Belgium,16,BE,1843,4,1961,24,1720,54,1503,467,233,212,22,182,197,88,841,920,UEFA,0,
1985,1985-12-31,Czechia,18,CZ,1832,2,2026,10,1865,26,1686,449,182,226,41,198,145,106,873,660,UEFA,0,
1985,1985-12-31,Mexico,18,MX,1832,8,1905,22,1739,48,1498,333,138,114,81,165,89,79,612,384,CONCACAF,1,
1985,1985-12-31,Portugal,20,PT,1830,3,2018,23,1732,41,1623,253,121,108,24,97,110,46,361,421,UEFA,0,
1985,1985-12-31,Paraguay,27,PY,1779,5,1956,20,1753,43,1618,341,100,152,89,115,148,78,487,586,CONMEBOL,0,
1985,1985-12-31,South Africa,28,ZA,1761,7,1847,20,1754,35,1654,47,22,25,0,20,25,2,112,117,CAF,0,
1985,1985-12-31,Austria,29,AT,1751,1,2070,11,1865,33,1674,490,223,239,28,216,173,101,980,819,UEFA,0,
1985,1985-12-31,Switzerland,30,CH,1735,11,1804,28,1639,56,1485,480,237,221,22,134,254,92,681,1031,UEFA,0,
1985,1985-12-31,Morocco,32,MA,1691,19,1808,37,1662,65,1527,267,99,102,66,124,72,71,398,298,CAF,0,
1985,1985-12-31,Norway,34,NO,1682,14,1794,41,1558,85,1364,453,224,211,18,139,232,82,699,1005,UEFA,0,
1985,1985-12-31,Canada,35,CA,1672,25,1672,43,1597,74,1471,104,30,61,13,35,43,26,125,170,CONCACAF,1,
1985,1985-12-31,Iraq,36,IQ,1670,24,1740,38,1644,65,1500,251,73,62,116,136,53,62,445,204,AFC,0,
1985,1985-12-31,Iran,37,IR,1669,19,1803,45,1607,79,1450,167,60,38,69,92,43,32,303,145,AFC,0,
1985,1985-12-31,Colombia,38,CO,1663,34,1682,75,1428,102,1304,165,72,55,38,40,86,39,189,317,CONMEBOL,0,
1985,1985-12-31,Algeria,39,DZ,1648,18,1774,36,1650,66,1500,231,91,83,57,97,81,53,356,274,CAF,0,
1985,1985-12-31,Australia,41,AU,1643,14,1772,37,1628,77,1469,221,115,81,25,105,71,45,483,346,AFC,0,
1985,1985-12-31,South Korea,42,KR,1625,16,1835,36,1656,84,1445,444,101,122,221,268,83,93,904,415,AFC,0,
1985,1985-12-31,Egypt,43,EG,1619,12,1872,32,1664,59,1528,294,114,98,82,145,86,63,600,414,CAF,0,
1985,1985-12-31,Saudi Arabia,45,SA,1609,39,1631,101,1360,125,1253,167,61,32,74,78,55,34,267,219,AFC,0,
1985,1985-12-31,Ivory Coast,49,CI,1599,20,1762,45,1616,73,1476,222,98,83,41,99,66,57,368,279,CAF,0,
1985,1985-12-31,Tunisia,50,TN,1592,24,1734,39,1629,79,1464,262,107,96,59,105,91,66,384,358,CAF,0,
1985,1985-12-31,DR Congo,53,CD,1587,20,1782,43,1616,60,1541,176,60,71,45,91,54,31,360,244,CAF,0,
1985,1985-12-31,Senegal,54,SN,1583,37,1657,55,1566,78,1474,232,83,91,58,94,85,53,307,280,CAF,0,
1985,1985-12-31,Ghana,56,GH,1574,10,1877,29,1696,58,1564,299,114,116,69,158,66,75,605,345,CAF,0,
1985,1985-12-31,United States,61,US,1550,12,1784,45,1592,92,1412,150,46,86,18,40,82,28,193,385,CONCACAF,1,
1985,1985-12-31,Ecuador,63,EC,1533,57,1563,91,1350,121,1183,150,51,48,51,21,93,36,160,384,CONMEBOL,0,
1985,1985-12-31,New Zealand,64,NZ,1526,29,1642,61,1485,85,1334,174,66,75,33,79,64,31,357,305,OFC,0,
1985,1985-12-31,Qatar,66,QA,1522,58,1550,138,1151,164,964,111,30,23,58,45,44,22,150,149,AFC,0,
1985,1985-12-31,Turkey,72,TR,1503,19,1738,48,1536,77,1358,250,119,116,15,74,124,52,319,467,UEFA,0,
1985,1985-12-31,Japan,74,JP,1491,30,1653,74,1330,114,1126,275,64,88,123,109,122,44,471,463,AFC,0,
1985,1985-12-31,Haiti,100,HT,1347,36,1674,70,1409,101,1265,247,119,78,50,115,84,48,417,334,CONCACAF,0,
1985,1985-12-31,Curaçao,117,CW,1275,26,1618,67,1476,141,1166,294,94,109,91,129,96,69,559,480,CONCACAF,0,
1985,1985-12-31,Cape Verde,124,CV,1262,116,1280,133,1203,142,1172,34,13,8,13,9,20,5,27,42,CAF,0,
1985,1985-12-31,Panama,130,PA,1228,54,1508,111,1261,143,1155,159,52,51,56,37,88,34,211,352,CONCACAF,0,
1985,1985-12-31,Jordan,144,JO,1150,108,1224,138,1156,153,1095,86,13,36,37,17,61,8,75,200,AFC,0,
1986,1986-12-31,Argentina,1,AR,2039,1,2159,4,1993,17,1816,619,245,248,126,328,143,148,1244,719,CONMEBOL,0,
1986,1986-12-31,Brazil,2,BR,2017,1,2195,5,1973,14,1805,491,204,156,131,303,92,96,1096,530,CONMEBOL,0,
1986,1986-12-31,Spain,3,ES,1994,1,2036,8,1914,18,1805,314,140,136,38,157,76,81,578,345,UEFA,0,
1986,1986-12-31,England,5,EN,1978,1,2213,3,1994,14,1810,701,287,372,42,425,139,137,1875,774,UEFA,0,
1986,1986-12-31,Germany,6,DE,1957,1,2146,9,1871,25,1637,540,237,234,69,303,136,101,1257,726,UEFA,0,
1986,1986-12-31,France,7,FR,1941,1,2061,21,1706,40,1514,467,240,185,42,186,198,83,843,914,UEFA,0,
1986,1986-12-31,Sweden,9,SE,1887,2,2013,16,1775,45,1579,633,296,293,44,313,200,120,1454,991,UEFA,0,
1986,1986-12-31,Netherlands,10,NL,1882,1,2109,20,1784,55,1552,451,223,195,33,206,159,86,969,761,UEFA,0,
1986,1986-12-31,Mexico,12,MX,1875,8,1905,22,1741,48,1498,343,145,114,84,171,91,81,624,391,CONCACAF,1,
1986,1986-12-31,Czechia,13,CZ,1862,2,2026,11,1865,26,1686,458,186,230,42,204,146,108,886,663,UEFA,0,
1986,1986-12-31,Scotland,17,SQ,1815,1,2104,7,1929,31,1726,509,237,250,22,261,140,108,1044,656,UEFA,0,
1986,1986-12-31,Belgium,18,BE,1801,4,1961,24,1721,54,1503,480,237,215,28,186,202,92,865,944,UEFA,0,
1986,1986-12-31,Paraguay,19,PY,1800,5,1956,20,1753,43,1618,354,100,159,95,122,149,83,509,599,CONMEBOL,0,
1986,1986-12-31,Uruguay,24,UY,1778,1,2104,10,1887,44,1636,566,205,238,123,241,195,130,941,778,CONMEBOL,0,
1986,1986-12-31,Austria,26,AT,1764,1,2070,11,1864,33,1674,496,227,241,28,219,175,102,990,827,UEFA,0,
1986,1986-12-31,South Africa,27,ZA,1761,7,1847,20,1754,35,1654,47,22,25,0,20,25,2,112,117,CAF,0,
1986,1986-12-31,Portugal,28,PT,1760,3,2018,23,1733,41,1623,261,125,109,27,99,113,49,369,431,UEFA,0,
1986,1986-12-31,Switzerland,31,CH,1727,11,1804,28,1640,56,1485,489,242,225,22,137,258,94,690,1040,UEFA,0,
1986,1986-12-31,Morocco,32,MA,1721,19,1808,37,1663,65,1527,278,100,104,74,126,76,76,406,307,CAF,0,
1986,1986-12-31,Norway,33,NO,1714,14,1794,41,1560,85,1364,464,229,217,18,145,234,85,715,1016,UEFA,0,
1986,1986-12-31,Iran,35,IR,1672,19,1803,45,1608,79,1450,176,62,40,74,98,45,33,325,149,AFC,0,
1986,1986-12-31,Colombia,36,CO,1663,34,1682,74,1433,102,1304,165,72,55,38,40,86,39,189,317,CONMEBOL,0,
1986,1986-12-31,Australia,37,AU,1661,14,1772,37,1628,77,1469,227,119,83,25,107,73,47,489,353,AFC,0,
1986,1986-12-31,South Korea,41,KR,1639,16,1835,36,1655,84,1445,456,107,122,227,273,87,96,927,433,AFC,0,
1986,1986-12-31,Ivory Coast,42,CI,1633,20,1762,45,1616,73,1476,233,99,88,46,106,70,57,385,290,CAF,0,
1986,1986-12-31,Egypt,42,EG,1633,12,1872,32,1664,59,1528,302,122,98,82,148,89,65,607,422,CAF,0,
1986,1986-12-31,Senegal,42,SN,1633,37,1660,54,1568,78,1474,241,88,93,60,102,86,53,319,283,CAF,0,
1986,1986-12-31,Algeria,46,DZ,1625,18,1774,37,1649,66,1500,245,94,88,63,101,85,59,371,290,CAF,0,
1986,1986-12-31,DR Congo,49,CD,1603,20,1782,43,1615,60,1541,178,60,73,45,92,54,32,363,246,CAF,0,
1986,1986-12-31,Ghana,50,GH,1592,10,1877,29,1694,59,1560,306,120,117,69,163,67,76,617,349,CAF,0,
1986,1986-12-31,Canada,55,CA,1574,25,1672,43,1598,74,1471,120,34,66,20,38,53,29,130,189,CONCACAF,1,
1986,1986-12-31,Tunisia,56,TN,1573,24,1734,39,1628,79,1464,266,109,98,59,105,92,69,389,364,CAF,0,
1986,1986-12-31,Saudi Arabia,57,SA,1568,39,1631,99,1367,125,1253,186,67,35,84,86,61,39,292,238,AFC,0,
1986,1986-12-31,United States,61,US,1559,12,1784,46,1592,92,1412,152,48,86,18,40,82,30,194,386,CONCACAF,1,
1986,1986-12-31,Iraq,63,IQ,1548,24,1740,38,1643,65,1500,268,76,64,128,141,59,68,472,223,AFC,0,
1986,1986-12-31,Ecuador,64,EC,1533,57,1563,90,1353,121,1183,150,51,48,51,21,93,36,160,384,CONMEBOL,0,
1986,1986-12-31,New Zealand,65,NZ,1532,29,1642,61,1486,85,1334,178,67,78,33,81,65,32,365,311,OFC,0,
1986,1986-12-31,Turkey,68,TR,1519,19,1738,49,1535,77,1358,253,121,117,15,75,125,53,320,471,UEFA,0,
1986,1986-12-31,Japan,77,JP,1460,30,1653,74,1333,114,1126,281,64,89,128,112,125,44,483,470,AFC,0,
1986,1986-12-31,Qatar,78,QA,1453,58,1550,134,1171,164,964,126,36,24,66,48,50,28,163,170,AFC,0,
1986,1986-12-31,Haiti,98,HT,1347,36,1674,71,1408,101,1265,247,119,78,50,115,84,48,417,334,CONCACAF,0,
1986,1986-12-31,Curaçao,113,CW,1285,26,1618,68,1473,141,1166,298,95,110,93,131,97,70,563,483,CONCACAF,0,
1986,1986-12-31,Cape Verde,121,CV,1262,116,1280,133,1205,142,1172,34,13,8,13,9,20,5,27,42,CAF,0,
1986,1986-12-31,Panama,125,PA,1238,54,1508,111,1261,143,1155,162,53,51,58,38,89,35,214,355,CONCACAF,0,
1986,1986-12-31,Jordan,146,JO,1150,108,1224,138,1156,153,1095,86,13,36,37,17,61,8,75,200,AFC,0,
1987,1987-12-31,England,1,EN,2015,1,2213,3,1994,14,1810,709,289,378,42,429,140,140,1895,781,UEFA,0,
1987,1987-12-31,Germany,3,DE,1968,1,2146,9,1873,25,1637,549,242,238,69,307,137,105,1267,731,UEFA,0,
1987,1987-12-31,Spain,4,ES,1961,1,2036,8,1915,18,1805,321,145,138,38,161,78,82,594,355,UEFA,0,
1987,1987-12-31,Brazil,4,BR,1961,1,2195,5,1973,14,1805,502,208,161,133,310,94,98,1119,541,CONMEBOL,0,
1987,1987-12-31,Netherlands,6,NL,1937,1,2109,19,1785,55,1552,459,228,198,33,211,159,89,990,763,UEFA,0,
1987,1987-12-31,Argentina,9,AR,1906,1,2159,4,1992,17,1816,626,251,248,127,330,147,149,1251,727,CONMEBOL,0,
1987,1987-12-31,Sweden,10,SE,1883,2,2013,16,1776,45,1579,642,300,298,44,317,202,123,1463,997,UEFA,0,
1987,1987-12-31,Mexico,11,MX,1864,8,1905,22,1742,48,1498,352,149,116,87,179,92,81,667,396,CONCACAF,1,
1987,1987-12-31,France,12,FR,1863,1,2061,20,1709,40,1514,473,243,188,42,187,201,85,848,921,UEFA,0,
1987,1987-12-31,Uruguay,16,UY,1854,1,2104,11,1886,44,1636,570,207,239,124,245,195,130,947,780,CONMEBOL,0,
1987,1987-12-31,Czechia,17,CZ,1843,2,2026,11,1865,26,1686,465,188,235,42,207,148,110,895,672,UEFA,0,
1987,1987-12-31,Scotland,20,SQ,1797,1,2104,7,1928,31,1726,517,242,253,22,264,143,110,1050,663,UEFA,0,
1987,1987-12-31,Belgium,23,BE,1776,4,1961,24,1722,54,1503,487,239,220,28,188,205,94,872,950,UEFA,0,
1987,1987-12-31,South Africa,25,ZA,1761,7,1847,20,1754,35,1654,47,22,25,0,20,25,2,112,117,CAF,0,
1987,1987-12-31,Colombia,26,CO,1759,25,1759,73,1439,102,1304,171,73,57,41,44,88,39,198,323,CONMEBOL,0,
1987,1987-12-31,Austria,27,AT,1752,1,2070,11,1863,33,1674,503,229,246,28,221,178,104,998,839,UEFA,0,
1987,1987-12-31,Portugal,28,PT,1748,3,2018,23,1733,41,1623,269,130,112,27,102,115,52,375,438,UEFA,0,
1987,1987-12-31,Paraguay,30,PY,1743,5,1956,20,1754,43,1618,359,100,162,97,124,151,84,512,603,CONMEBOL,0,
1987,1987-12-31,Switzerland,31,CH,1742,11,1804,28,1641,56,1485,498,248,228,22,140,259,99,702,1047,UEFA,0,
1987,1987-12-31,Morocco,33,MA,1695,19,1808,37,1664,65,1527,282,101,106,75,127,78,77,409,311,CAF,0,
1987,1987-12-31,Norway,34,NO,1680,14,1794,41,1562,85,1364,473,234,221,18,146,239,88,721,1028,UEFA,0,
1987,1987-12-31,Iran,35,IR,1667,19,1803,45,1609,79,1450,178,62,40,76,99,46,33,327,151,AFC,0,
1987,1987-12-31,Egypt,36,EG,1666,12,1872,32,1664,59,1528,318,125,104,89,157,91,70,636,433,CAF,0,
1987,1987-12-31,Australia,37,AU,1663,14,1772,37,1628,77,1469,233,120,86,27,109,74,50,495,356,AFC,0,
1987,1987-12-31,South Korea,41,KR,1649,16,1835,36,1655,84,1445,461,111,123,227,276,87,98,934,436,AFC,0,
1987,1987-12-31,Ivory Coast,42,CI,1642,20,1762,45,1617,73,1476,258,107,97,54,120,78,60,412,310,CAF,0,
1987,1987-12-31,Algeria,42,DZ,1642,18,1774,37,1649,66,1500,253,98,92,63,105,86,62,382,295,CAF,0,
1987,1987-12-31,Ghana,45,GH,1622,10,1877,30,1693,59,1560,325,125,125,75,172,71,82,645,361,CAF,0,
1987,1987-12-31,United States,46,US,1619,12,1784,46,1592,92,1412,162,52,90,20,46,85,31,211,396,CONCACAF,1,
1987,1987-12-31,Iraq,48,IQ,1614,24,1740,38,1642,65,1500,278,76,72,130,147,61,70,489,232,AFC,0,
1987,1987-12-31,DR Congo,53,CD,1580,20,1782,44,1615,60,1541,187,62,78,47,95,57,35,375,252,CAF,0,
1987,1987-12-31,Canada,54,CA,1571,25,1672,43,1597,74,1471,127,36,71,20,41,56,30,136,199,CONCACAF,1,
1987,1987-12-31,New Zealand,59,NZ,1558,29,1642,61,1486,85,1334,182,69,80,33,84,65,33,386,312,OFC,0,
1987,1987-12-31,Saudi Arabia,64,SA,1540,39,1631,98,1373,125,1253,194,74,36,84,90,63,41,302,243,AFC,0,
1987,1987-12-31,Ecuador,65,EC,1531,57,1563,90,1357,121,1183,160,54,54,52,22,99,39,167,398,CONMEBOL,0,
1987,1987-12-31,Turkey,66,TR,1529,19,1738,49,1535,77,1358,259,125,119,15,76,129,54,326,487,UEFA,0,
1987,1987-12-31,Senegal,71,SN,1497,37,1660,54,1567,78,1474,258,91,98,69,106,94,58,329,295,CAF,0,
1987,1987-12-31,Japan,74,JP,1491,30,1653,74,1335,114,1126,292,71,93,128,120,126,46,508,475,AFC,0,
1987,1987-12-31,Tunisia,76,TN,1490,24,1734,40,1625,80,1438,285,116,106,63,110,103,72,403,390,CAF,0,
1987,1987-12-31,Qatar,83,QA,1428,58,1550,131,1186,164,964,133,42,25,66,50,52,31,170,177,AFC,0,
1987,1987-12-31,Haiti,100,HT,1347,36,1674,71,1407,101,1265,247,119,78,50,115,84,48,417,334,CONCACAF,0,
1987,1987-12-31,Curaçao,106,CW,1295,26,1618,69,1470,141,1166,299,96,110,93,132,97,70,564,483,CONCACAF,0,
1987,1987-12-31,Panama,120,PA,1266,54,1508,111,1261,143,1155,171,57,56,58,42,91,38,225,364,CONCACAF,0,
1987,1987-12-31,Cape Verde,127,CV,1237,116,1280,133,1206,142,1172,37,13,8,16,9,22,6,27,46,CAF,0,
1987,1987-12-31,Jordan,142,JO,1178,108,1224,138,1156,153,1095,94,16,40,38,19,64,11,81,210,AFC,0,
1988,1988-12-31,Netherlands,1,NL,2047,1,2109,19,1787,55,1552,470,231,202,37,217,162,91,1004,771,UEFA,0,
1988,1988-12-31,Brazil,2,BR,1996,1,2195,5,1973,14,1805,510,208,167,135,315,94,101,1132,545,CONMEBOL,0,
1988,1988-12-31,Germany,4,DE,1982,1,2146,9,1874,25,1637,560,252,239,69,313,138,109,1282,736,UEFA,0,
1988,1988-12-31,Sweden,6,SE,1951,2,2013,16,1778,45,1579,653,304,302,47,323,203,127,1482,1005,UEFA,0,
1988,1988-12-31,Spain,7,ES,1898,1,2036,8,1914,18,1805,334,153,141,40,164,84,86,609,371,UEFA,0,
1988,1988-12-31,England,10,EN,1884,1,2213,3,1993,14,1810,721,294,382,45,432,143,146,1904,792,UEFA,0,
1988,1988-12-31,Mexico,11,MX,1876,8,1905,22,1744,48,1498,359,152,120,87,184,93,82,686,400,CONCACAF,1,
1988,1988-12-31,Uruguay,12,UY,1853,1,2104,11,1886,44,1636,578,210,243,125,249,198,131,960,789,CONMEBOL,0,
1988,1988-12-31,France,13,FR,1850,1,2061,20,1711,40,1514,482,247,192,43,191,202,89,860,930,UEFA,0,
1988,1988-12-31,Czechia,14,CZ,1848,2,2026,11,1864,26,1686,476,192,240,44,213,150,113,910,683,UEFA,0,
1988,1988-12-31,Argentina,14,AR,1848,1,2159,4,1991,17,1816,633,251,251,131,331,150,152,1259,739,CONMEBOL,0,
1988,1988-12-31,Colombia,18,CO,1817,18,1817,72,1446,102,1304,177,75,61,41,48,88,41,209,326,CONMEBOL,0,
1988,1988-12-31,Paraguay,19,PY,1810,5,1956,21,1754,43,1618,367,102,168,97,130,152,85,526,607,CONMEBOL,0,
1988,1988-12-31,Belgium,20,BE,1802,4,1961,24,1723,54,1503,493,242,223,28,191,207,95,881,957,UEFA,0,
1988,1988-12-31,Scotland,23,SQ,1795,1,2104,7,1927,31,1726,525,244,259,22,265,145,115,1056,671,UEFA,0,
1988,1988-12-31,South Africa,27,ZA,1761,7,1847,20,1754,35,1654,47,22,25,0,20,25,2,112,117,CAF,0,
1988,1988-12-31,Portugal,28,PT,1756,3,2018,23,1733,41,1623,271,131,113,27,103,115,53,376,438,UEFA,0,
1988,1988-12-31,Switzerland,30,CH,1737,11,1804,28,1642,56,1485,507,251,233,23,143,264,100,713,1058,UEFA,0,
1988,1988-12-31,Austria,31,AT,1731,1,2070,12,1861,33,1674,513,233,250,30,224,183,106,1012,856,UEFA,0,
1988,1988-12-31,South Korea,32,KR,1725,16,1835,36,1655,84,1445,475,114,126,235,285,88,102,958,444,AFC,0,
1988,1988-12-31,Australia,33,AU,1715,14,1772,37,1629,77,1469,249,130,89,30,120,77,52,527,367,AFC,0,
1988,1988-12-31,Iraq,34,IQ,1707,24,1740,38,1643,65,1500,297,76,76,145,157,62,78,518,241,AFC,0,
1988,1988-12-31,Norway,38,NO,1668,14,1794,41,1563,85,1364,481,238,225,18,147,243,91,730,1038,UEFA,0,
1988,1988-12-31,Egypt,39,EG,1657,12,1872,32,1664,59,1528,337,127,112,98,164,94,79,656,445,CAF,0,
1988,1988-12-31,Morocco,40,MA,1647,19,1808,37,1664,65,1527,295,111,107,77,132,81,82,426,323,CAF,0,
1988,1988-12-31,Ivory Coast,41,CI,1643,20,1762,45,1617,73,1476,263,109,98,56,121,78,64,416,313,CAF,0,
1988,1988-12-31,Iran,46,IR,1602,19,1803,45,1610,79,1450,188,62,42,84,103,48,37,336,156,AFC,0,
1988,1988-12-31,Turkey,49,TR,1578,19,1738,49,1535,77,1358,264,128,121,15,78,131,55,335,494,UEFA,0,
1988,1988-12-31,Algeria,50,DZ,1577,18,1774,37,1649,66,1500,269,101,99,69,109,91,69,399,309,CAF,0,
1988,1988-12-31,Saudi Arabia,51,SA,1576,39,1631,97,1377,125,1253,226,86,38,102,99,72,55,333,273,AFC,0,
1988,1988-12-31,United States,52,US,1574,12,1784,46,1592,92,1412,177,63,94,20,50,92,35,224,413,CONCACAF,1,
1988,1988-12-31,DR Congo,53,CD,1571,20,1782,44,1614,60,1541,192,64,79,49,96,58,38,378,255,CAF,0,
1988,1988-12-31,Ecuador,53,EC,1571,49,1587,89,1361,121,1183,169,55,60,54,25,102,42,175,409,CONMEBOL,0,
1988,1988-12-31,Canada,59,CA,1561,25,1672,43,1597,74,1471,142,45,77,20,46,62,34,149,214,CONCACAF,1,
1988,1988-12-31,Senegal,63,SN,1537,37,1660,55,1565,78,1474,265,91,100,74,110,94,61,342,301,CAF,0,
1988,1988-12-31,New Zealand,67,NZ,1491,29,1642,61,1487,85,1334,197,75,85,37,90,72,35,406,330,OFC,0,
1988,1988-12-31,Tunisia,73,TN,1477,24,1734,41,1623,80,1438,307,121,117,69,114,113,80,423,417,CAF,0,
1988,1988-12-31,Ghana,76,GH,1468,10,1877,30,1690,77,1468,336,127,131,78,175,76,85,651,375,CAF,0,
1988,1988-12-31,Qatar,82,QA,1448,58,1550,129,1199,164,964,151,48,31,72,58,59,34,192,199,AFC,0,
1988,1988-12-31,Japan,97,JP,1374,30,1653,75,1336,114,1126,305,73,98,134,122,133,50,516,492,AFC,0,
1988,1988-12-31,Haiti,101,HT,1347,36,1674,72,1406,101,1265,247,119,78,50,115,84,48,417,334,CONCACAF,0,
1988,1988-12-31,Curaçao,105,CW,1310,26,1618,69,1468,141,1166,308,102,113,93,136,99,73,575,494,CONCACAF,0,
1988,1988-12-31,Jordan,109,JO,1290,104,1323,138,1159,153,1095,115,24,48,43,25,72,18,98,229,AFC,0,
1988,1988-12-31,Panama,118,PA,1265,54,1508,112,1261,143,1155,173,58,57,58,42,92,39,226,367,CONCACAF,0,
1988,1988-12-31,Cape Verde,131,CV,1222,116,1280,132,1207,142,1172,42,15,8,19,10,25,7,34,56,CAF,0,
1989,1989-12-31,Netherlands,1,NL,2048,1,2109,19,1791,55,1552,478,236,205,37,222,163,93,1017,776,UEFA,0,
1989,1989-12-31,Brazil,2,BR,2008,1,2195,5,1973,14,1805,533,223,174,136,330,97,106,1171,556,CONMEBOL,0,
1989,1989-12-31,Germany,3,DE,2000,1,2146,9,1875,25,1637,566,254,243,69,316,138,112,1294,741,UEFA,0,
1989,1989-12-31,Sweden,5,SE,1959,2,2013,16,1781,45,1579,662,309,305,48,329,205,128,1497,1018,UEFA,0,
1989,1989-12-31,England,7,EN,1944,1,2213,3,1993,14,1810,732,299,388,45,438,143,151,1921,795,UEFA,0,
1989,1989-12-31,Spain,8,ES,1924,1,2036,8,1914,18,1805,342,157,145,40,170,85,87,626,375,UEFA,0,
1989,1989-12-31,Mexico,11,MX,1904,8,1905,22,1747,48,1498,363,153,120,90,188,93,82,697,404,CONCACAF,1,
1989,1989-12-31,Czechia,12,CZ,1891,2,2026,11,1864,26,1686,484,196,244,44,219,151,114,925,687,UEFA,0,
1989,1989-12-31,Uruguay,15,UY,1878,1,2104,11,1885,44,1636,596,216,249,131,258,202,136,986,799,CONMEBOL,0,
1989,1989-12-31,France,16,FR,1864,1,2061,20,1712,40,1514,489,250,196,43,194,203,92,870,935,UEFA,0,
1989,1989-12-31,Belgium,17,BE,1852,4,1961,24,1724,54,1503,502,247,226,29,197,207,98,901,962,UEFA,0,
1989,1989-12-31,Colombia,18,CO,1825,14,1855,71,1453,102,1304,193,81,67,45,57,90,46,228,333,CONMEBOL,0,
1989,1989-12-31,Argentina,19,AR,1802,1,2159,4,1989,21,1795,644,251,256,137,333,153,158,1264,747,CONMEBOL,0,
1989,1989-12-31,Portugal,22,PT,1777,3,2018,23,1734,41,1623,282,136,118,28,108,118,56,394,451,UEFA,0,
1989,1989-12-31,Scotland,23,SQ,1767,1,2104,7,1926,31,1726,533,249,262,22,269,148,116,1067,683,UEFA,0,
1989,1989-12-31,South Africa,24,ZA,1761,7,1847,20,1754,35,1654,47,22,25,0,20,25,2,112,117,CAF,0,
1989,1989-12-31,Paraguay,25,PY,1743,5,1956,21,1754,43,1618,391,106,181,104,142,159,90,562,636,CONMEBOL,0,
1989,1989-12-31,South Korea,25,KR,1743,16,1835,36,1656,84,1445,490,119,128,243,296,90,104,993,451,AFC,0,
1989,1989-12-31,Austria,30,AT,1721,1,2070,12,1859,33,1674,523,238,255,30,227,187,109,1022,869,UEFA,0,
1989,1989-12-31,Egypt,33,EG,1691,12,1872,32,1663,59,1528,360,140,122,98,176,97,87,687,459,CAF,0,
1989,1989-12-31,Switzerland,34,CH,1674,11,1804,28,1643,56,1485,516,256,237,23,145,270,101,721,1075,UEFA,0,
1989,1989-12-31,Australia,35,AU,1673,14,1772,37,1630,77,1469,253,132,91,30,121,78,54,533,372,AFC,0,
1989,1989-12-31,Ivory Coast,36,CI,1665,20,1762,44,1619,73,1476,274,116,102,56,126,79,69,434,319,CAF,0,
1989,1989-12-31,Norway,37,NO,1660,14,1794,41,1564,85,1364,491,244,229,18,149,247,95,744,1054,UEFA,0,
1989,1989-12-31,Iraq,39,IQ,1647,24,1740,38,1643,65,1500,309,80,80,149,163,64,82,539,251,AFC,0,
1989,1989-12-31,Turkey,40,TR,1646,19,1738,49,1537,77,1358,270,130,125,15,81,134,55,342,499,UEFA,0,
1989,1989-12-31,Algeria,42,DZ,1641,18,1774,37,1648,66,1500,286,107,108,71,115,95,76,412,317,CAF,0,
1989,1989-12-31,Ecuador,43,EC,1634,41,1634,88,1366,121,1183,183,60,64,59,28,108,47,187,425,CONMEBOL,0,
1989,1989-12-31,United States,46,US,1608,12,1784,46,1592,92,1412,189,71,97,21,56,95,38,236,420,CONCACAF,1,
1989,1989-12-31,Iran,49,IR,1585,19,1803,45,1610,79,1450,200,66,46,88,109,50,41,355,167,AFC,0,
1989,1989-12-31,Morocco,49,MA,1585,19,1808,37,1662,65,1527,306,116,113,77,134,84,88,434,332,CAF,0,
1989,1989-12-31,Saudi Arabia,51,SA,1574,39,1631,96,1383,125,1253,235,88,40,107,103,74,58,344,282,AFC,0,
1989,1989-12-31,Canada,52,CA,1570,25,1672,44,1596,74,1471,148,46,80,22,49,65,34,155,221,CONCACAF,1,
1989,1989-12-31,DR Congo,55,CD,1563,20,1782,44,1612,62,1535,205,68,88,49,99,62,44,389,268,CAF,0,
1989,1989-12-31,Senegal,59,SN,1551,37,1660,55,1565,78,1474,278,98,104,76,116,95,67,358,308,CAF,0,
1989,1989-12-31,New Zealand,66,NZ,1516,29,1642,61,1487,85,1334,201,77,87,37,91,74,36,411,337,OFC,0,
1989,1989-12-31,Qatar,69,QA,1487,58,1550,126,1213,164,964,167,52,38,77,63,62,42,210,216,AFC,0,
1989,1989-12-31,Ghana,72,GH,1472,10,1877,31,1686,79,1457,341,129,133,79,177,77,87,655,378,CAF,0,
1989,1989-12-31,Tunisia,73,TN,1464,24,1734,41,1620,80,1438,326,130,127,69,119,123,84,435,440,CAF,0,
1989,1989-12-31,Japan,92,JP,1409,30,1653,75,1337,114,1126,316,78,104,134,125,136,55,529,501,AFC,0,
1989,1989-12-31,Curaçao,103,CW,1345,26,1618,70,1466,141,1166,316,106,115,95,140,100,76,590,502,CONCACAF,0,
1989,1989-12-31,Haiti,103,HT,1345,36,1674,72,1405,103,1265,248,119,78,51,115,85,48,417,338,CONCACAF,0,
1989,1989-12-31,Jordan,109,JO,1308,104,1323,137,1163,153,1095,121,27,51,43,27,75,19,103,236,AFC,0,
1989,1989-12-31,Cape Verde,116,CV,1272,114,1280,132,1209,142,1172,47,15,9,23,12,27,8,40,62,CAF,0,
1989,1989-12-31,Panama,120,PA,1262,54,1508,112,1261,143,1155,174,58,58,58,42,93,39,226,369,CONCACAF,0,
1990,1990-12-31,Germany,1,DE,2081,1,2146,9,1877,25,1637,581,258,247,76,326,139,116,1326,755,UEFA,0,
1990,1990-12-31,England,3,EN,1989,1,2213,3,1992,14,1810,747,305,391,51,446,145,156,1941,807,UEFA,0,
1990,1990-12-31,Brazil,5,BR,1957,1,2195,5,1974,14,1805,544,226,177,141,334,100,110,1180,566,CONMEBOL,0,
1990,1990-12-31,Netherlands,6,NL,1948,1,2109,19,1793,55,1552,490,238,211,41,225,168,97,1035,787,UEFA,0,
1990,1990-12-31,Spain,7,ES,1936,1,2036,8,1915,18,1805,353,162,147,44,177,88,88,652,386,UEFA,0,
1990,1990-12-31,France,8,FR,1927,1,2061,20,1715,40,1514,497,253,200,44,201,203,93,884,939,UEFA,0,
1990,1990-12-31,Croatia,9,HR,1887,7,1917,9,1882,13,1855,22,11,11,0,12,6,4,51,34,UEFA,0,
1990,1990-12-31,Czechia,11,CZ,1886,2,2026,11,1865,26,1686,497,199,250,48,224,158,115,943,704,UEFA,0,
1990,1990-12-31,Mexico,11,MX,1886,8,1941,22,1749,48,1498,370,153,122,95,192,95,83,705,410,CONCACAF,1,
1990,1990-12-31,Argentina,14,AR,1874,1,2159,4,1987,26,1751,656,251,261,144,336,157,163,1273,757,CONMEBOL,0,
1990,1990-12-31,Uruguay,16,UY,1847,1,2104,11,1885,44,1636,606,216,253,137,262,206,138,998,811,CONMEBOL,0,
1990,1990-12-31,Sweden,17,SE,1825,2,2013,15,1782,45,1579,675,314,310,51,334,211,130,1519,1034,UEFA,0,
1990,1990-12-31,Belgium,18,BE,1816,4,1961,24,1726,54,1503,513,252,228,33,200,212,101,914,976,UEFA,0,
1990,1990-12-31,Portugal,20,PT,1806,3,2018,23,1735,41,1623,286,139,119,28,110,118,58,397,452,UEFA,0,
1990,1990-12-31,Scotland,23,SQ,1775,1,2104,7,1924,33,1697,544,255,264,25,274,152,118,1079,695,UEFA,0,
1990,1990-12-31,Algeria,24,DZ,1768,18,1774,37,1650,66,1500,295,115,108,72,122,95,78,432,320,CAF,0,
1990,1990-12-31,Colombia,25,CO,1764,14,1855,70,1459,102,1304,205,81,71,53,60,95,50,238,347,CONMEBOL,0,
1990,1990-12-31,South Africa,27,ZA,1761,7,1847,20,1754,35,1654,47,22,25,0,20,25,2,112,117,CAF,0,
1990,1990-12-31,Paraguay,30,PY,1743,5,1956,21,1754,43,1618,391,106,181,104,142,159,90,562,636,CONMEBOL,0,
1990,1990-12-31,South Korea,31,KR,1719,16,1835,36,1658,84,1445,512,122,135,255,309,96,107,1028,465,AFC,0,
1990,1990-12-31,Switzerland,32,CH,1718,11,1804,28,1643,56,1485,525,261,241,23,150,273,102,736,1086,UEFA,0,
1990,1990-12-31,Norway,34,NO,1682,14,1794,41,1566,85,1364,502,248,234,20,154,251,97,765,1070,UEFA,0,
1990,1990-12-31,Austria,35,AT,1676,1,2070,12,1858,35,1674,535,243,259,33,231,192,112,1036,885,UEFA,0,
1990,1990-12-31,Australia,36,AU,1667,14,1772,37,1631,77,1469,256,132,94,30,122,80,54,536,374,AFC,0,
1990,1990-12-31,Iraq,41,IQ,1647,24,1740,38,1643,65,1500,315,83,81,151,165,64,86,547,255,AFC,0,
1990,1990-12-31,Egypt,42,EG,1642,12,1872,32,1663,59,1528,380,146,131,103,180,106,94,700,483,CAF,0,
1990,1990-12-31,Ivory Coast,43,CI,1635,20,1762,44,1619,73,1476,282,117,106,59,130,83,69,442,328,CAF,0,
1990,1990-12-31,Ecuador,44,EC,1634,40,1634,87,1371,121,1183,183,60,64,59,28,108,47,187,425,CONMEBOL,0,
1990,1990-12-31,Canada,45,CA,1630,25,1672,44,1596,74,1471,150,48,80,22,51,65,34,158,222,CONCACAF,1,
1990,1990-12-31,Iran,46,IR,1624,19,1803,45,1610,79,1450,207,68,46,93,113,52,42,362,171,AFC,0,
1990,1990-12-31,Turkey,49,TR,1611,19,1738,49,1538,77,1358,275,132,128,15,81,138,56,343,510,UEFA,0,
1990,1990-12-31,Morocco,50,MA,1603,19,1808,37,1660,65,1527,313,121,115,77,138,85,90,445,335,CAF,0,
1990,1990-12-31,Saudi Arabia,51,SA,1588,39,1631,94,1389,125,1253,238,88,40,110,105,74,59,350,282,AFC,0,
1990,1990-12-31,United States,52,US,1584,12,1784,46,1591,92,1412,213,80,108,25,64,108,41,265,453,CONCACAF,1,
1990,1990-12-31,DR Congo,59,CD,1551,20,1782,45,1611,62,1535,213,69,95,49,102,65,46,396,273,CAF,0,
1990,1990-12-31,Senegal,60,SN,1546,37,1660,55,1564,78,1474,288,98,109,81,118,99,71,362,313,CAF,0,
1990,1990-12-31,New Zealand,62,NZ,1532,29,1642,61,1488,85,1334,203,79,87,37,93,74,36,414,338,OFC,0,
1990,1990-12-31,Ghana,64,GH,1519,10,1877,32,1682,79,1457,346,131,135,80,181,78,87,660,379,CAF,0,
1990,1990-12-31,Tunisia,67,TN,1495,24,1734,42,1618,80,1438,332,135,128,69,121,125,86,442,447,CAF,0,
1990,1990-12-31,Qatar,74,QA,1467,58,1550,123,1225,164,964,171,52,39,80,64,63,44,214,220,AFC,0,
1990,1990-12-31,Japan,98,JP,1370,30,1653,75,1338,114,1126,322,78,105,139,126,141,55,532,508,AFC,0,
1990,1990-12-31,Curaçao,102,CW,1353,26,1618,70,1464,141,1166,320,107,118,95,141,100,79,596,506,CONCACAF,0,
1990,1990-12-31,Haiti,103,HT,1345,36,1674,72,1404,106,1265,248,119,78,51,115,85,48,417,338,CONCACAF,0,
1990,1990-12-31,Jordan,111,JO,1308,104,1323,136,1167,153,1095,121,27,51,43,27,75,19,103,236,AFC,0,
1990,1990-12-31,Cape Verde,115,CV,1295,113,1295,131,1211,142,1172,48,16,9,23,13,27,8,41,62,CAF,0,
1990,1990-12-31,Panama,124,PA,1262,54,1508,112,1261,143,1155,174,58,58,58,42,93,39,226,369,CONCACAF,0,
1991,1991-12-31,Germany,1,DE,2088,1,2146,9,1880,25,1637,588,262,250,76,332,140,116,1339,758,UEFA,0,
1991,1991-12-31,France,2,FR,2008,1,2061,20,1717,40,1514,503,256,203,44,207,203,93,904,944,UEFA,0,
1991,1991-12-31,England,3,EN,1987,1,2213,3,1992,14,1810,759,311,397,51,454,146,159,1960,815,UEFA,0,
1991,1991-12-31,Argentina,4,AR,1985,1,2159,4,1987,26,1751,670,254,266,150,344,157,169,1299,770,CONMEBOL,0,
1991,1991-12-31,Netherlands,6,NL,1962,1,2109,19,1795,55,1552,496,242,213,41,229,168,99,1043,789,UEFA,0,
1991,1991-12-31,Brazil,7,BR,1957,1,2195,5,1973,14,1805,558,231,180,147,341,103,114,1205,582,CONMEBOL,0,
1991,1991-12-31,Croatia,11,HR,1892,7,1917,10,1883,13,1855,23,11,12,0,13,6,4,52,34,UEFA,0,
1991,1991-12-31,Czechia,13,CZ,1878,2,2026,11,1865,26,1686,509,203,257,49,231,161,117,962,714,UEFA,0,
1991,1991-12-31,Uruguay,14,UY,1842,1,2104,11,1885,44,1636,619,218,259,142,266,210,143,1010,822,CONMEBOL,0,
1991,1991-12-31,Mexico,15,MX,1831,8,1941,21,1750,48,1498,385,157,126,102,198,97,90,726,421,CONCACAF,1,
1991,1991-12-31,Sweden,16,SE,1828,2,2013,15,1782,45,1579,684,319,314,51,338,214,132,1542,1050,UEFA,0,
1991,1991-12-31,Spain,17,ES,1827,1,2036,8,1914,19,1805,361,168,149,44,179,93,89,661,402,UEFA,0,
1991,1991-12-31,Belgium,18,BE,1819,4,1961,24,1727,54,1503,520,255,232,33,203,214,103,922,979,UEFA,0,
1991,1991-12-31,Portugal,21,PT,1794,3,2018,23,1735,41,1623,295,143,124,28,114,120,61,410,459,UEFA,0,
1991,1991-12-31,Switzerland,23,CH,1776,11,1804,28,1645,56,1485,535,265,246,24,156,274,105,762,1095,UEFA,0,
1991,1991-12-31,Colombia,25,CO,1767,14,1855,69,1465,102,1304,216,81,75,60,63,99,54,248,358,CONMEBOL,0,
1991,1991-12-31,South Africa,26,ZA,1761,7,1847,20,1755,35,1654,47,22,25,0,20,25,2,112,117,CAF,0,
1991,1991-12-31,Scotland,27,SQ,1754,1,2104,7,1923,33,1697,550,258,267,25,276,154,120,1088,700,UEFA,0,
1991,1991-12-31,Algeria,28,DZ,1741,18,1774,37,1652,66,1500,304,119,112,73,125,96,83,444,329,CAF,0,
1991,1991-12-31,Norway,30,NO,1723,14,1794,41,1567,85,1364,511,254,237,20,157,254,100,775,1078,UEFA,0,
1991,1991-12-31,Paraguay,32,PY,1716,5,1956,21,1754,43,1618,398,107,184,107,145,161,92,571,645,CONMEBOL,0,
1991,1991-12-31,South Korea,33,KR,1713,16,1835,36,1659,84,1445,518,127,136,255,312,96,110,1035,466,AFC,0,
1991,1991-12-31,United States,34,US,1697,12,1784,46,1592,92,1412,230,94,111,25,72,112,46,287,466,CONCACAF,1,
1991,1991-12-31,Ivory Coast,35,CI,1683,20,1762,44,1620,73,1476,297,126,111,60,139,85,73,468,339,CAF,0,
1991,1991-12-31,Egypt,36,EG,1679,12,1872,33,1663,59,1528,391,152,134,105,185,107,99,728,494,CAF,0,
1991,1991-12-31,Australia,38,AU,1672,14,1772,37,1631,77,1469,262,136,96,30,124,83,55,539,379,AFC,0,
1991,1991-12-31,Ecuador,39,EC,1665,36,1682,87,1376,121,1183,191,62,66,63,31,111,49,199,436,CONMEBOL,0,
1991,1991-12-31,Iraq,43,IQ,1647,24,1740,38,1643,65,1500,315,83,81,151,165,64,86,547,255,AFC,0,
1991,1991-12-31,Iran,45,IR,1637,19,1803,45,1610,79,1450,209,69,47,93,114,53,42,364,173,AFC,0,
1991,1991-12-31,Austria,47,AT,1615,1,2070,12,1856,47,1615,543,247,263,33,232,197,114,1042,901,UEFA,0,
1991,1991-12-31,Morocco,54,MA,1594,19,1808,38,1659,65,1527,321,125,119,77,141,87,93,456,342,CAF,0,
1991,1991-12-31,Saudi Arabia,57,SA,1588,39,1631,93,1395,125,1253,238,88,40,110,105,74,59,350,282,AFC,0,
1991,1991-12-31,Turkey,58,TR,1566,19,1738,49,1539,77,1358,285,136,134,15,81,143,61,348,526,UEFA,0,
1991,1991-12-31,Senegal,61,SN,1546,37,1660,55,1564,78,1474,299,105,112,82,122,102,75,375,323,CAF,0,
1991,1991-12-31,DR Congo,62,CD,1542,20,1782,45,1610,64,1529,218,71,98,49,104,66,48,399,275,CAF,0,
1991,1991-12-31,Canada,62,CA,1542,25,1672,44,1596,74,1471,155,48,81,26,52,69,34,164,236,CONCACAF,1,
1991,1991-12-31,Ghana,66,GH,1532,10,1877,32,1679,79,1457,359,133,141,85,187,80,92,677,388,CAF,0,
1991,1991-12-31,Tunisia,68,TN,1529,24,1734,42,1616,80,1438,340,140,131,69,122,126,92,454,458,CAF,0,
1991,1991-12-31,New Zealand,69,NZ,1507,29,1642,61,1488,85,1334,207,82,88,37,93,78,36,415,344,OFC,0,
1991,1991-12-31,Qatar,80,QA,1467,58,1550,121,1236,164,964,171,52,39,80,64,63,44,214,220,AFC,0,
1991,1991-12-31,Japan,102,JP,1375,30,1653,75,1338,114,1126,324,80,105,139,127,142,55,533,509,AFC,0,
1991,1991-12-31,Curaçao,109,CW,1353,26,1618,71,1462,141,1166,320,107,118,95,141,100,79,596,506,CONCACAF,0,
1991,1991-12-31,Cape Verde,116,CV,1331,112,1337,131,1214,142,1172,52,16,11,25,14,28,10,43,64,CAF,0,
1991,1991-12-31,Haiti,119,HT,1318,36,1674,73,1403,119,1265,253,119,82,52,116,87,50,423,346,CONCACAF,0,
1991,1991-12-31,Jordan,120,JO,1308,104,1323,135,1170,153,1095,121,27,51,43,27,75,19,103,236,AFC,0,
1991,1991-12-31,Panama,123,PA,1298,54,1508,112,1261,143,1155,176,59,59,58,43,94,39,228,372,CONCACAF,0,
1992,1992-12-31,Argentina,1,AR,2029,1,2159,4,1987,26,1751,677,256,269,152,350,157,170,1312,771,CONMEBOL,0,
1992,1992-12-31,Brazil,2,BR,1996,1,2195,5,1973,14,1805,568,236,184,148,348,105,115,1228,590,CONMEBOL,0,
1992,1992-12-31,Germany,3,DE,1993,1,2146,9,1881,25,1637,602,266,256,80,337,144,121,1357,775,UEFA,0,
1992,1992-12-31,Netherlands,5,NL,1966,1,2109,19,1797,55,1552,509,247,217,45,235,171,103,1067,805,UEFA,0,
1992,1992-12-31,England,6,EN,1945,1,2213,3,1992,14,1810,771,315,403,53,458,148,165,1976,825,UEFA,0,
1992,1992-12-31,Sweden,9,SE,1901,2,2013,15,1783,45,1579,698,326,321,51,346,217,135,1564,1061,UEFA,0,
1992,1992-12-31,France,10,FR,1896,1,2061,20,1720,40,1514,514,261,207,46,209,208,97,915,960,UEFA,0,
1992,1992-12-31,Belgium,13,BE,1874,4,1961,24,1728,54,1503,527,258,236,33,208,215,104,935,985,UEFA,0,
1992,1992-12-31,Croatia,14,HR,1870,7,1917,10,1882,15,1855,27,12,15,0,14,8,5,56,38,UEFA,0,
1992,1992-12-31,Uruguay,15,UY,1850,1,2104,11,1884,44,1636,627,225,260,142,271,212,144,1021,830,CONMEBOL,0,
1992,1992-12-31,Spain,16,ES,1831,1,2036,8,1913,19,1805,370,174,152,44,183,93,94,673,403,UEFA,0,
1992,1992-12-31,Czechia,18,CZ,1826,2,2026,11,1865,26,1686,517,208,260,49,232,164,121,973,725,UEFA,0,
1992,1992-12-31,Switzerland,19,CH,1818,11,1818,28,1646,56,1485,543,269,250,24,161,276,106,781,1103,UEFA,0,
1992,1992-12-31,Portugal,22,PT,1795,3,2018,23,1736,41,1623,303,145,127,31,116,122,65,415,464,UEFA,0,
1992,1992-12-31,Scotland,23,SQ,1789,1,2104,8,1922,33,1697,561,262,271,28,280,157,124,1098,708,UEFA,0,
1992,1992-12-31,Mexico,24,MX,1786,8,1941,21,1751,48,1498,400,160,135,105,204,102,94,754,439,CONCACAF,1,
1992,1992-12-31,Colombia,25,CO,1775,14,1855,68,1470,102,1304,219,81,77,61,64,100,55,249,359,CONMEBOL,0,
1992,1992-12-31,Norway,28,NO,1757,14,1794,40,1569,85,1364,522,259,243,20,162,256,104,798,1086,UEFA,0,
1992,1992-12-31,Australia,29,AU,1744,14,1772,37,1632,77,1469,277,144,102,31,134,86,57,562,387,AFC,0,
1992,1992-12-31,Paraguay,30,PY,1716,5,1956,21,1753,43,1618,398,107,184,107,145,161,92,571,645,CONMEBOL,0,
1992,1992-12-31,United States,33,US,1686,12,1784,46,1593,92,1412,251,106,119,26,78,123,50,308,493,CONCACAF,1,
1992,1992-12-31,South Korea,37,KR,1659,16,1835,36,1660,84,1445,526,129,138,259,314,97,115,1048,472,AFC,0,
1992,1992-12-31,Iraq,38,IQ,1654,24,1740,39,1643,65,1500,319,83,82,154,168,65,86,564,257,AFC,0,
1992,1992-12-31,Ecuador,41,EC,1645,36,1682,86,1381,121,1183,196,63,70,63,31,113,52,204,444,CONMEBOL,0,
1992,1992-12-31,Uzbekistan,42,UZ,1644,33,1696,37,1670,43,1644,8,3,5,0,3,2,3,15,9,AFC,0,
1992,1992-12-31,Austria,43,AT,1643,1,2070,13,1853,54,1602,553,252,268,33,234,201,118,1060,918,UEFA,0,
1992,1992-12-31,Ivory Coast,44,CI,1641,20,1762,44,1622,73,1476,309,129,113,67,143,88,78,484,352,CAF,0,
1992,1992-12-31,South Africa,45,ZA,1637,7,1847,20,1754,49,1630,54,27,27,0,22,29,3,118,130,CAF,0,
1992,1992-12-31,Egypt,45,EG,1637,12,1872,33,1663,59,1528,410,157,143,110,193,112,105,748,509,CAF,0,
1992,1992-12-31,Ghana,47,GH,1630,10,1877,33,1678,79,1457,370,135,145,90,194,82,94,691,394,CAF,0,
1992,1992-12-31,Iran,49,IR,1621,19,1803,45,1611,79,1450,217,71,50,96,117,54,46,378,176,AFC,0,
1992,1992-12-31,Algeria,51,DZ,1613,18,1774,37,1652,66,1500,314,121,117,76,127,99,88,452,339,CAF,0,
1992,1992-12-31,Saudi Arabia,52,SA,1606,39,1654,92,1400,125,1253,255,91,43,121,114,79,62,377,298,AFC,0,
1992,1992-12-31,Bosnia and Herzegovina,55,BA,1600,50,1600,53,1600,55,1600,2,1,1,0,1,1,0,6,3,UEFA,0,
1992,1992-12-31,Morocco,56,MA,1589,19,1808,38,1656,65,1527,329,128,122,79,144,89,96,468,348,CAF,0,
1992,1992-12-31,Turkey,59,TR,1574,19,1738,49,1540,77,1358,294,141,138,15,85,147,62,362,542,UEFA,0,
1992,1992-12-31,DR Congo,63,CD,1560,20,1782,45,1608,66,1529,226,74,100,52,108,68,50,412,282,CAF,0,
1992,1992-12-31,New Zealand,66,NZ,1538,29,1642,61,1489,85,1334,211,84,90,37,96,78,37,430,345,OFC,0,
1992,1992-12-31,Tunisia,67,TN,1537,24,1734,43,1614,80,1438,348,147,132,69,124,127,97,465,465,CAF,0,
1992,1992-12-31,Canada,70,CA,1528,25,1672,44,1595,74,1471,166,55,85,26,56,72,38,182,251,CONCACAF,1,
1992,1992-12-31,Japan,70,JP,1528,30,1653,76,1339,114,1126,335,87,106,142,132,144,59,547,517,AFC,0,
1992,1992-12-31,Senegal,75,SN,1506,37,1660,56,1563,78,1474,309,110,116,83,126,106,77,390,334,CAF,0,
1992,1992-12-31,Qatar,81,QA,1495,58,1550,119,1247,164,964,187,64,40,83,71,67,49,240,234,AFC,0,
1992,1992-12-31,Jordan,105,JO,1385,101,1413,135,1175,153,1095,129,32,52,45,32,77,20,115,243,AFC,0,
1992,1992-12-31,Panama,123,PA,1316,54,1508,112,1262,143,1155,180,60,62,58,44,97,39,230,385,CONCACAF,0,
1992,1992-12-31,Haiti,125,HT,1313,36,1674,74,1402,125,1265,256,120,83,53,117,89,50,426,352,CONCACAF,0,
1992,1992-12-31,Curaçao,126,CW,1312,26,1618,72,1460,141,1166,325,108,120,97,142,102,81,600,513,CONCACAF,0,
1992,1992-12-31,Cape Verde,128,CV,1307,112,1337,131,1217,142,1172,55,17,13,25,15,30,10,45,68,CAF,0,
1993,1993-12-31,Germany,1,DE,2014,1,2146,9,1883,25,1637,613,269,261,83,344,145,124,1385,787,UEFA,0,
1993,1993-12-31,Netherlands,3,NL,1993,1,2109,18,1799,55,1552,516,251,219,46,240,171,105,1090,809,UEFA,0,
1993,1993-12-31,Brazil,4,BR,1950,1,2195,5,1973,14,1805,589,243,192,154,357,108,124,1268,608,CONMEBOL,0,
1993,1993-12-31,Colombia,5,CO,1933,5,1933,67,1477,102,1304,237,87,84,66,73,100,64,277,369,CONMEBOL,0,
1993,1993-12-31,Argentina,8,AR,1928,1,2159,4,1987,26,1751,694,262,273,159,357,159,178,1331,788,CONMEBOL,0,
1993,1993-12-31,Spain,9,ES,1913,1,2036,8,1912,19,1805,379,179,156,44,190,94,95,695,408,UEFA,0,
1993,1993-12-31,Mexico,10,MX,1892,8,1941,21,1753,48,1498,430,172,144,114,222,107,101,828,461,CONCACAF,1,
1993,1993-12-31,France,11,FR,1885,1,2061,20,1722,40,1514,522,265,211,46,214,210,98,931,968,UEFA,0,
1993,1993-12-31,Sweden,12,SE,1883,2,2013,15,1784,45,1579,707,331,325,51,350,219,138,1580,1070,UEFA,0,
1993,1993-12-31,England,13,EN,1876,1,2213,3,1991,14,1810,782,318,408,56,462,152,168,1999,838,UEFA,0,
1993,1993-12-31,Croatia,14,HR,1874,7,1917,10,1881,15,1855,28,13,15,0,15,8,5,59,39,UEFA,0,
1993,1993-12-31,Norway,15,NO,1853,13,1884,40,1572,85,1364,532,263,249,20,169,257,106,823,1091,UEFA,0,
1993,1993-12-31,Switzerland,16,CH,1846,11,1862,28,1649,56,1485,551,272,255,24,166,277,108,793,1107,UEFA,0,
1993,1993-12-31,Czechia,17,CZ,1843,2,2026,11,1864,26,1686,524,211,264,49,235,164,125,988,731,UEFA,0,
1993,1993-12-31,Portugal,21,PT,1828,3,2018,23,1737,41,1623,313,151,131,31,122,124,67,434,470,UEFA,0,
1993,1993-12-31,Belgium,22,BE,1826,4,1961,24,1729,54,1503,533,261,239,33,211,217,105,944,990,UEFA,0,
1993,1993-12-31,Uruguay,23,UY,1796,1,2104,11,1884,44,1636,642,230,267,145,278,216,148,1041,848,CONMEBOL,0,
1993,1993-12-31,Scotland,26,SQ,1764,1,2104,8,1921,33,1697,569,266,275,28,284,160,125,1111,719,UEFA,0,
1993,1993-12-31,Australia,29,AU,1720,14,1772,37,1634,77,1469,287,147,107,33,138,90,59,573,397,AFC,0,
1993,1993-12-31,Paraguay,32,PY,1696,5,1956,21,1753,43,1618,412,111,191,110,148,167,97,582,666,CONMEBOL,0,
1993,1993-12-31,Saudi Arabia,34,SA,1676,34,1676,91,1407,125,1253,276,101,45,130,127,81,68,427,314,AFC,0,
1993,1993-12-31,South Korea,36,KR,1667,16,1835,36,1659,84,1445,550,139,142,269,327,102,121,1095,490,AFC,0,
1993,1993-12-31,Morocco,38,MA,1663,19,1808,39,1655,65,1527,343,136,127,80,153,91,99,488,353,CAF,0,
1993,1993-12-31,Iraq,39,IQ,1655,24,1740,38,1644,65,1500,334,83,86,165,175,67,92,604,273,AFC,0,
1993,1993-12-31,Egypt,40,EG,1652,12,1872,33,1663,59,1528,424,162,150,112,201,114,109,768,518,CAF,0,
1993,1993-12-31,Japan,41,JP,1647,30,1653,75,1343,114,1126,351,94,107,150,143,146,62,586,525,AFC,0,
1993,1993-12-31,Austria,42,AT,1645,1,2070,13,1851,54,1602,562,257,272,33,237,205,120,1072,931,UEFA,0,
1993,1993-12-31,Uzbekistan,44,UZ,1644,33,1696,40,1653,44,1644,8,3,5,0,3,2,3,15,9,AFC,0,
1993,1993-12-31,Tunisia,47,TN,1636,24,1734,43,1614,80,1438,358,154,135,69,130,128,100,487,469,CAF,0,
1993,1993-12-31,Ecuador,49,EC,1634,29,1746,85,1386,121,1183,214,77,74,63,38,120,56,230,459,CONMEBOL,0,
1993,1993-12-31,Ivory Coast,50,CI,1625,20,1762,44,1622,73,1476,318,133,118,67,148,90,80,494,361,CAF,0,
1993,1993-12-31,United States,52,US,1621,12,1784,46,1594,92,1412,284,128,127,29,87,136,61,346,537,CONCACAF,1,
1993,1993-12-31,Algeria,53,DZ,1620,18,1774,37,1652,66,1500,327,127,123,77,132,101,94,472,350,CAF,0,
1993,1993-12-31,Bosnia and Herzegovina,53,BA,1620,50,1620,54,1603,57,1600,3,1,2,0,2,1,0,9,4,UEFA,0,
1993,1993-12-31,Ghana,55,GH,1614,10,1877,33,1677,79,1457,385,140,150,95,202,86,97,713,414,CAF,0,
1993,1993-12-31,South Africa,58,ZA,1602,7,1847,21,1753,59,1597,62,30,31,1,25,31,6,125,139,CAF,0,
1993,1993-12-31,Canada,59,CA,1599,25,1672,44,1595,74,1471,181,61,92,28,62,77,42,203,279,CONCACAF,1,
1993,1993-12-31,Turkey,60,TR,1592,19,1738,49,1540,77,1358,300,144,141,15,87,150,63,368,552,UEFA,0,
1993,1993-12-31,Iran,62,IR,1569,19,1803,45,1611,79,1450,233,79,51,103,126,58,49,412,194,AFC,0,
1993,1993-12-31,New Zealand,74,NZ,1510,29,1642,61,1489,85,1334,217,87,91,39,98,82,37,438,353,OFC,0,
1993,1993-12-31,DR Congo,75,CD,1508,20,1782,46,1607,78,1500,232,77,103,52,109,70,53,421,286,CAF,0,
1993,1993-12-31,Qatar,89,QA,1472,58,1550,118,1257,164,964,200,73,41,86,78,71,51,270,251,AFC,0,
1993,1993-12-31,Senegal,92,SN,1442,37,1660,56,1560,94,1441,327,115,124,88,132,114,81,412,356,CAF,0,
1993,1993-12-31,Jordan,113,JO,1366,99,1413,134,1179,153,1095,146,39,59,48,38,82,26,142,269,AFC,0,
1993,1993-12-31,Haiti,124,HT,1313,36,1674,75,1400,125,1265,256,120,83,53,117,89,50,426,352,CONCACAF,0,
1993,1993-12-31,Curaçao,125,CW,1312,26,1618,72,1458,141,1166,325,108,120,97,142,102,81,600,513,CONCACAF,0,
1993,1993-12-31,Cape Verde,127,CV,1307,112,1337,131,1220,142,1172,55,17,13,25,15,30,10,45,68,CAF,0,
1993,1993-12-31,Panama,129,PA,1305,54,1508,113,1263,143,1155,187,60,65,62,44,102,41,235,401,CONCACAF,0,
1994,1994-12-31,Brazil,1,BR,2068,1,2195,5,1974,14,1805,602,246,194,162,367,108,127,1299,614,CONMEBOL,0,
1994,1994-12-31,Germany,2,DE,1999,1,2146,9,1884,25,1637,628,272,268,88,355,147,126,1413,800,UEFA,0,
1994,1994-12-31,Spain,3,ES,1996,1,2036,8,1912,19,1805,394,184,161,49,199,96,99,725,422,UEFA,0,
1994,1994-12-31,Netherlands,5,NL,1957,1,2109,18,1801,55,1552,531,256,224,51,249,174,108,1124,821,UEFA,0,
1994,1994-12-31,Sweden,6,SE,1950,2,2013,15,1786,45,1579,726,335,330,61,360,223,143,1616,1090,UEFA,0,
1994,1994-12-31,Croatia,8,HR,1909,7,1917,11,1881,17,1855,36,15,21,0,20,9,7,74,46,UEFA,0,
1994,1994-12-31,France,9,FR,1907,1,2061,20,1724,40,1514,531,268,215,48,219,210,102,944,972,UEFA,0,
1994,1994-12-31,Colombia,12,CO,1897,5,1944,66,1485,102,1304,253,89,89,75,82,103,68,298,379,CONMEBOL,0,
1994,1994-12-31,England,13,EN,1893,1,2213,3,1991,14,1810,788,324,408,56,466,152,170,2009,839,UEFA,0,
1994,1994-12-31,Argentina,14,AR,1884,1,2159,4,1986,26,1751,706,264,279,163,363,163,180,1352,801,CONMEBOL,0,
1994,1994-12-31,Norway,15,NO,1873,13,1884,40,1575,85,1364,546,267,255,24,175,260,111,837,1099,UEFA,0,
1994,1994-12-31,Mexico,17,MX,1871,8,1941,21,1754,48,1498,442,174,145,123,226,111,105,845,478,CONCACAF,1,
1994,1994-12-31,Switzerland,17,CH,1871,9,1918,28,1651,56,1485,566,277,260,29,175,280,111,819,1121,UEFA,0,
1994,1994-12-31,Czechia,19,CZ,1865,2,2026,11,1864,26,1686,532,213,270,49,239,165,128,1008,742,UEFA,0,
1994,1994-12-31,Portugal,19,PT,1865,3,2018,23,1739,41,1623,319,153,135,31,126,124,69,450,474,UEFA,0,
1994,1994-12-31,Uruguay,23,UY,1806,1,2104,11,1883,44,1636,643,230,268,145,279,216,148,1042,848,CONMEBOL,0,
1994,1994-12-31,Uzbekistan,25,UZ,1766,25,1766,39,1664,45,1644,19,7,5,7,13,2,4,47,17,AFC,0,
1994,1994-12-31,Belgium,26,BE,1765,4,1961,24,1730,54,1503,544,266,241,37,216,222,106,965,1004,UEFA,0,
1994,1994-12-31,Scotland,27,SQ,1759,1,2104,8,1919,33,1697,576,269,279,28,287,163,126,1122,727,UEFA,0,
1994,1994-12-31,Australia,29,AU,1719,14,1772,37,1635,77,1469,293,149,109,35,140,91,62,576,399,AFC,0,
1994,1994-12-31,Paraguay,31,PY,1696,5,1956,21,1752,43,1618,412,111,191,110,148,167,97,582,666,CONMEBOL,0,
1994,1994-12-31,Iraq,34,IQ,1655,24,1740,39,1644,65,1500,334,83,86,165,175,67,92,604,273,AFC,0,
1994,1994-12-31,Ivory Coast,36,CI,1647,20,1762,44,1623,73,1476,334,135,124,75,156,95,83,521,381,CAF,0,
1994,1994-12-31,Ghana,39,GH,1645,10,1877,33,1676,79,1457,402,142,159,101,210,92,100,736,433,CAF,0,
1994,1994-12-31,South Africa,41,ZA,1642,7,1847,21,1751,59,1597,72,36,35,1,30,33,9,134,145,CAF,0,
1994,1994-12-31,Ecuador,42,EC,1638,29,1746,84,1391,121,1183,218,79,75,64,40,121,57,233,462,CONMEBOL,0,
1994,1994-12-31,Saudi Arabia,42,SA,1638,30,1708,89,1414,125,1253,309,113,49,147,142,94,73,468,360,AFC,0,
1994,1994-12-31,South Korea,44,KR,1637,16,1835,36,1659,84,1445,570,145,145,280,334,109,127,1131,513,AFC,0,
1994,1994-12-31,United States,47,US,1624,12,1784,46,1594,92,1412,311,150,131,30,95,145,71,377,565,CONCACAF,1,
1994,1994-12-31,Bosnia and Herzegovina,49,BA,1620,47,1620,53,1609,57,1600,3,1,2,0,2,1,0,9,4,UEFA,0,
1994,1994-12-31,Egypt,50,EG,1619,12,1872,33,1662,59,1528,439,169,153,117,208,118,113,790,529,CAF,0,
1994,1994-12-31,Turkey,51,TR,1616,19,1738,49,1541,77,1358,307,148,144,15,89,154,64,380,564,UEFA,0,
1994,1994-12-31,Austria,55,AT,1604,1,2070,13,1848,55,1602,570,262,275,33,239,210,121,1084,948,UEFA,0,
1994,1994-12-31,Japan,55,JP,1604,30,1653,75,1346,114,1126,360,103,107,150,146,148,66,602,538,AFC,0,
1994,1994-12-31,Morocco,57,MA,1599,19,1808,39,1655,65,1527,356,139,132,85,156,96,104,501,369,CAF,0,
1994,1994-12-31,Canada,60,CA,1586,25,1672,45,1595,74,1471,186,66,92,28,62,80,44,205,288,CONCACAF,1,
1994,1994-12-31,Algeria,61,DZ,1583,18,1774,37,1651,66,1500,331,128,126,77,132,102,97,474,353,CAF,0,
1994,1994-12-31,Tunisia,63,TN,1574,24,1734,43,1613,80,1438,370,162,137,71,135,130,105,506,483,CAF,0,
1994,1994-12-31,Iran,67,IR,1548,19,1803,45,1610,79,1450,237,79,51,107,127,59,51,417,196,AFC,0,
1994,1994-12-31,New Zealand,77,NZ,1510,29,1642,62,1489,85,1334,217,87,91,39,98,82,37,438,353,OFC,0,
1994,1994-12-31,DR Congo,87,CD,1460,20,1782,47,1604,87,1460,243,80,109,54,111,76,56,430,300,CAF,0,
1994,1994-12-31,Qatar,98,QA,1422,58,1550,117,1265,164,964,214,79,43,92,82,76,56,287,268,AFC,0,
1994,1994-12-31,Senegal,99,SN,1418,37,1660,57,1557,107,1387,341,118,132,91,136,120,85,425,369,CAF,0,
1994,1994-12-31,Jordan,113,JO,1366,99,1413,134,1184,153,1095,146,39,59,48,38,82,26,142,269,AFC,0,
1994,1994-12-31,Curaçao,126,CW,1312,26,1618,73,1456,141,1166,325,108,120,97,142,102,81,600,513,CONCACAF,0,
1994,1994-12-31,Haiti,127,HT,1310,36,1674,75,1399,127,1265,260,120,84,56,119,90,51,431,358,CONCACAF,0,
1994,1994-12-31,Cape Verde,128,CV,1307,112,1337,131,1222,142,1172,55,17,13,25,15,30,10,45,68,CAF,0,
1994,1994-12-31,Panama,130,PA,1305,54,1508,113,1264,143,1155,187,60,65,62,44,102,41,235,401,CONCACAF,0,
1995,1995-12-31,Brazil,1,BR,2113,1,2195,5,1975,14,1805,621,252,200,169,382,108,131,1340,625,CONMEBOL,0,
1995,1995-12-31,Germany,2,DE,2031,1,2146,9,1886,25,1637,640,276,275,89,363,148,129,1439,810,UEFA,0,
1995,1995-12-31,Spain,4,ES,1987,1,2036,8,1913,19,1805,403,191,163,49,204,96,103,743,427,UEFA,0,
1995,1995-12-31,France,6,FR,1956,1,2061,19,1726,40,1514,539,272,219,48,224,210,105,965,974,UEFA,0,
1995,1995-12-31,Netherlands,8,NL,1916,1,2109,18,1802,55,1552,540,261,227,52,254,178,108,1139,827,UEFA,0,
1995,1995-12-31,Czechia,10,CZ,1896,2,2026,11,1864,26,1686,542,218,275,49,246,166,130,1030,750,UEFA,0,
1995,1995-12-31,Croatia,12,HR,1884,7,1917,11,1881,17,1855,43,19,24,0,24,10,9,90,50,UEFA,0,
1995,1995-12-31,England,13,EN,1868,1,2213,3,1990,17,1810,797,331,410,56,468,154,175,2019,849,UEFA,0,
1995,1995-12-31,Portugal,14,PT,1864,3,2018,23,1740,41,1623,328,156,141,31,130,125,73,468,481,UEFA,0,
1995,1995-12-31,Colombia,15,CO,1856,5,1944,66,1492,102,1304,270,90,97,83,87,107,76,313,395,CONMEBOL,0,
1995,1995-12-31,Sweden,16,SE,1848,2,2013,15,1787,45,1579,737,340,334,63,362,226,149,1631,1105,UEFA,0,
1995,1995-12-31,Argentina,17,AR,1846,1,2159,5,1984,26,1751,722,271,281,170,371,167,184,1382,816,CONMEBOL,0,
1995,1995-12-31,Uruguay,18,UY,1840,1,2104,11,1882,44,1636,660,239,275,146,285,221,154,1069,867,CONMEBOL,0,
1995,1995-12-31,Switzerland,20,CH,1830,9,1918,28,1653,56,1485,575,281,265,29,177,284,114,830,1132,UEFA,0,
1995,1995-12-31,Norway,22,NO,1804,10,1884,40,1579,85,1364,559,273,261,25,181,263,115,862,1111,UEFA,0,
1995,1995-12-31,Mexico,23,MX,1785,8,1941,21,1756,48,1498,459,176,149,134,231,117,111,865,502,CONCACAF,1,
1995,1995-12-31,Scotland,24,SQ,1782,1,2104,8,1918,33,1697,585,272,284,29,293,164,128,1135,730,UEFA,0,
1995,1995-12-31,Belgium,25,BE,1777,4,1961,24,1731,54,1503,552,270,245,37,220,224,108,979,1011,UEFA,0,
1995,1995-12-31,Paraguay,26,PY,1773,5,1956,21,1752,43,1618,424,113,196,115,154,169,101,597,677,CONMEBOL,0,
1995,1995-12-31,Turkey,27,TR,1758,19,1758,49,1543,77,1358,322,153,151,18,98,154,70,402,573,UEFA,0,
1995,1995-12-31,Uzbekistan,29,UZ,1721,25,1766,36,1690,45,1644,21,8,6,7,13,4,4,49,21,AFC,0,
1995,1995-12-31,United States,31,US,1714,12,1784,46,1595,92,1412,325,156,133,36,100,151,74,397,583,CONCACAF,1,
1995,1995-12-31,Australia,32,AU,1709,14,1772,37,1636,77,1469,302,156,111,35,144,94,64,584,405,AFC,0,
1995,1995-12-31,South Africa,35,ZA,1677,7,1847,21,1750,59,1597,79,42,36,1,34,33,12,147,151,CAF,0,
1995,1995-12-31,Ecuador,36,EC,1672,29,1746,83,1395,121,1183,228,79,78,71,44,126,58,245,475,CONMEBOL,0,
1995,1995-12-31,Ghana,38,GH,1660,10,1877,33,1676,79,1457,413,145,167,101,216,97,100,750,444,CAF,0,
1995,1995-12-31,Iraq,39,IQ,1654,24,1740,38,1644,65,1500,337,83,88,166,177,67,93,610,276,AFC,0,
1995,1995-12-31,Austria,41,AT,1653,1,2070,14,1846,55,1602,577,266,278,33,243,212,122,1108,959,UEFA,0,
1995,1995-12-31,Ivory Coast,42,CI,1652,20,1762,44,1623,73,1476,348,143,127,78,162,96,90,541,390,CAF,0,
1995,1995-12-31,Japan,45,JP,1630,30,1653,75,1350,114,1126,377,110,110,157,151,155,71,625,569,AFC,0,
1995,1995-12-31,Egypt,46,EG,1628,12,1872,33,1662,60,1528,457,174,164,119,215,122,120,816,546,CAF,0,
1995,1995-12-31,South Korea,48,KR,1616,16,1835,36,1659,84,1445,577,149,145,283,335,111,131,1138,521,AFC,0,
1995,1995-12-31,Bosnia and Herzegovina,53,BA,1601,46,1620,52,1612,57,1600,4,1,3,0,2,2,0,9,6,UEFA,0,
1995,1995-12-31,Canada,57,CA,1587,25,1672,45,1595,74,1471,194,73,93,28,65,84,45,216,301,CONCACAF,1,
1995,1995-12-31,Saudi Arabia,58,SA,1585,30,1708,89,1418,125,1253,317,116,53,148,143,100,74,478,375,AFC,0,
1995,1995-12-31,Morocco,60,MA,1577,19,1808,39,1653,65,1527,362,144,133,85,159,97,106,508,371,CAF,0,
1995,1995-12-31,Algeria,62,DZ,1575,18,1774,37,1650,71,1500,346,133,132,81,139,106,101,495,365,CAF,0,
1995,1995-12-31,Tunisia,65,TN,1565,24,1734,43,1613,80,1438,385,169,145,71,142,134,109,524,492,CAF,0,
1995,1995-12-31,Iran,67,IR,1548,19,1803,46,1609,79,1450,237,79,51,107,127,59,51,417,196,AFC,0,
1995,1995-12-31,DR Congo,72,CD,1536,20,1782,47,1602,88,1460,248,84,110,54,115,76,57,443,303,CAF,0,
1995,1995-12-31,New Zealand,83,NZ,1484,29,1642,62,1490,85,1334,225,88,96,41,98,88,39,445,375,OFC,0,
1995,1995-12-31,Senegal,90,SN,1458,37,1660,58,1554,107,1387,351,121,136,94,140,123,88,440,380,CAF,0,
1995,1995-12-31,Qatar,100,QA,1422,58,1550,116,1271,164,964,214,79,43,92,82,76,56,287,268,AFC,0,
1995,1995-12-31,Jordan,117,JO,1343,99,1413,134,1188,153,1095,148,40,60,48,38,84,26,143,274,AFC,0,
1995,1995-12-31,Haiti,124,HT,1310,36,1674,76,1398,129,1265,260,120,84,56,119,90,51,431,358,CONCACAF,0,
1995,1995-12-31,Curaçao,126,CW,1305,26,1618,74,1454,141,1166,330,109,122,99,145,103,82,611,524,CONCACAF,0,
1995,1995-12-31,Cape Verde,127,CV,1302,112,1340,130,1225,142,1172,61,17,15,29,18,32,11,49,74,CAF,0,
1995,1995-12-31,Panama,129,PA,1299,54,1508,113,1264,143,1155,191,61,66,64,46,104,41,242,404,CONCACAF,0,
1996,1996-12-31,Germany,1,DE,2081,1,2146,8,1888,25,1637,656,280,282,94,373,149,134,1472,819,UEFA,0,
1996,1996-12-31,Brazil,2,BR,2067,1,2195,5,1976,14,1805,634,258,204,172,391,109,134,1375,639,CONMEBOL,0,
1996,1996-12-31,Spain,3,ES,2025,1,2036,8,1914,19,1805,414,194,168,52,210,96,108,763,433,UEFA,0,
1996,1996-12-31,France,4,FR,2014,1,2061,19,1729,40,1514,553,278,222,53,234,211,108,989,980,UEFA,0,
1996,1996-12-31,Netherlands,7,NL,1960,1,2109,18,1803,55,1552,551,266,230,55,260,180,111,1162,837,UEFA,0,
1996,1996-12-31,England,8,EN,1956,1,2213,4,1989,17,1810,809,340,413,56,476,154,179,2041,853,UEFA,0,
1996,1996-12-31,Czechia,10,CZ,1924,2,2026,11,1865,26,1686,558,223,278,57,254,170,134,1055,764,UEFA,0,
1996,1996-12-31,Colombia,11,CO,1913,5,1944,65,1498,102,1304,282,95,101,86,97,107,78,339,403,CONMEBOL,0,
1996,1996-12-31,Croatia,12,HR,1889,6,1968,11,1883,17,1855,58,24,28,6,31,12,15,117,65,UEFA,0,
1996,1996-12-31,Portugal,13,PT,1887,3,2018,23,1742,41,1623,341,160,146,35,136,129,76,483,490,UEFA,0,
1996,1996-12-31,Norway,16,NO,1853,10,1884,39,1581,85,1364,566,277,264,25,186,264,116,874,1112,UEFA,0,
1996,1996-12-31,Sweden,18,SE,1819,2,2013,15,1788,45,1579,748,344,340,64,368,229,151,1647,1113,UEFA,0,
1996,1996-12-31,Paraguay,19,PY,1817,5,1956,21,1752,43,1618,434,117,202,115,159,172,103,609,686,CONMEBOL,0,
1996,1996-12-31,Scotland,20,SQ,1814,1,2104,8,1917,33,1697,595,274,289,32,297,168,130,1141,737,UEFA,0,
1996,1996-12-31,Mexico,21,MX,1797,8,1941,21,1757,48,1498,479,179,156,144,242,123,114,904,523,CONCACAF,1,
1996,1996-12-31,Argentina,22,AR,1796,1,2159,5,1983,26,1751,729,275,284,170,373,169,187,1394,826,CONMEBOL,0,
1996,1996-12-31,Uruguay,23,UY,1772,1,2104,11,1881,44,1636,668,242,280,146,288,225,155,1079,879,CONMEBOL,0,
1996,1996-12-31,Belgium,25,BE,1756,4,1961,24,1731,54,1503,558,274,247,37,222,226,110,986,1019,UEFA,0,
1996,1996-12-31,South Africa,26,ZA,1755,7,1847,21,1750,59,1597,92,54,37,1,44,35,13,168,156,CAF,0,
1996,1996-12-31,Australia,27,AU,1751,14,1772,37,1637,77,1469,314,161,116,37,149,99,66,605,417,AFC,0,
1996,1996-12-31,Japan,28,JP,1747,22,1806,74,1354,114,1126,390,115,112,163,161,157,72,653,582,AFC,0,
1996,1996-12-31,Austria,31,AT,1730,1,2070,14,1844,55,1602,583,270,280,33,248,212,123,1115,960,UEFA,0,
1996,1996-12-31,Switzerland,32,CH,1721,9,1918,28,1654,56,1485,585,284,270,31,179,290,116,838,1144,UEFA,0,
1996,1996-12-31,United States,33,US,1709,12,1784,45,1597,92,1412,341,168,136,37,110,155,76,425,602,CONCACAF,1,
1996,1996-12-31,Turkey,34,TR,1697,19,1762,49,1545,77,1358,336,157,158,21,104,160,72,421,592,UEFA,0,
1996,1996-12-31,Ecuador,35,EC,1691,29,1746,83,1400,121,1183,244,86,84,74,54,130,60,269,487,CONMEBOL,0,
1996,1996-12-31,Canada,37,CA,1675,25,1675,45,1595,74,1471,203,78,95,30,71,86,46,230,308,CONCACAF,1,
1996,1996-12-31,Iran,38,IR,1667,19,1803,46,1608,79,1450,256,84,57,115,139,62,55,463,206,AFC,0,
1996,1996-12-31,Morocco,41,MA,1664,19,1808,40,1652,65,1527,373,150,135,88,166,98,109,539,378,CAF,0,
1996,1996-12-31,Iraq,44,IQ,1649,24,1740,39,1644,65,1500,344,83,90,171,182,69,93,624,280,AFC,0,
1996,1996-12-31,Saudi Arabia,45,SA,1632,30,1708,88,1423,125,1253,341,129,55,157,157,104,80,523,397,AFC,0,
1996,1996-12-31,Tunisia,46,TN,1629,24,1734,44,1613,80,1438,399,172,150,77,149,139,111,546,508,CAF,0,
1996,1996-12-31,Bosnia and Herzegovina,53,BA,1605,46,1620,52,1608,63,1564,10,3,6,1,4,5,1,14,16,UEFA,0,
1996,1996-12-31,Algeria,54,DZ,1604,18,1774,38,1649,71,1500,356,135,137,84,145,109,102,508,373,CAF,0,
1996,1996-12-31,Egypt,54,EG,1604,12,1872,33,1661,60,1528,469,178,167,124,220,125,124,834,558,CAF,0,
1996,1996-12-31,Uzbekistan,58,UZ,1594,25,1766,36,1688,60,1594,29,9,10,10,15,10,4,59,38,AFC,0,
1996,1996-12-31,Ghana,59,GH,1580,10,1877,34,1675,79,1457,436,148,178,110,223,105,108,770,473,CAF,0,
1996,1996-12-31,South Korea,65,KR,1557,16,1835,37,1658,84,1445,592,151,151,290,342,116,134,1178,550,AFC,0,
1996,1996-12-31,Ivory Coast,72,CI,1511,20,1762,45,1621,76,1476,356,145,130,81,164,100,92,547,403,CAF,0,
1996,1996-12-31,Qatar,72,QA,1511,58,1550,115,1278,164,964,234,91,47,96,93,83,58,326,291,AFC,0,
1996,1996-12-31,DR Congo,78,CD,1496,20,1782,48,1600,88,1460,258,87,114,57,119,81,58,456,318,CAF,0,
1996,1996-12-31,New Zealand,85,NZ,1474,29,1642,62,1489,86,1334,231,88,102,41,100,91,40,451,385,OFC,0,
1996,1996-12-31,Senegal,92,SN,1448,37,1660,59,1551,107,1387,358,123,141,94,143,125,90,447,387,CAF,0,
1996,1996-12-31,Panama,114,PA,1375,54,1508,113,1265,143,1155,208,71,73,64,53,110,45,263,424,CONCACAF,0,
1996,1996-12-31,Haiti,123,HT,1338,36,1674,77,1397,129,1265,270,124,86,60,122,93,55,449,372,CONCACAF,0,
1996,1996-12-31,Jordan,124,JO,1337,99,1413,133,1191,153,1095,150,42,60,48,39,85,26,147,275,AFC,0,
1996,1996-12-31,Cape Verde,128,CV,1302,112,1340,130,1227,142,1172,61,17,15,29,18,32,11,49,74,CAF,0,
1996,1996-12-31,Curaçao,142,CW,1241,26,1618,75,1451,144,1166,333,111,123,99,145,105,83,612,527,CONCACAF,0,
1997,1997-12-31,Brazil,1,BR,2179,1,2195,5,1978,14,1805,658,263,211,184,411,110,137,1446,658,CONMEBOL,0,
1997,1997-12-31,Germany,2,DE,2069,1,2146,8,1890,25,1637,665,285,285,95,380,149,136,1493,826,UEFA,0,
1997,1997-12-31,Spain,3,ES,2040,1,2046,8,1916,19,1805,420,198,170,52,214,96,110,775,437,UEFA,0,
1997,1997-12-31,France,4,FR,2012,1,2061,19,1732,40,1514,561,285,223,53,239,212,110,1001,987,UEFA,0,
1997,1997-12-31,England,5,EN,2003,1,2213,4,1989,17,1810,820,346,416,58,484,156,180,2058,856,UEFA,0,
1997,1997-12-31,Netherlands,8,NL,1937,1,2109,18,1805,55,1552,558,269,234,55,264,182,112,1178,841,UEFA,0,
1997,1997-12-31,Portugal,11,PT,1885,3,2018,23,1744,41,1623,348,164,149,35,139,130,79,490,494,UEFA,0,
1997,1997-12-31,Croatia,13,HR,1869,6,1968,11,1882,17,1849,68,28,33,7,35,14,19,136,81,UEFA,0,
1997,1997-12-31,Czechia,14,CZ,1867,2,2026,11,1865,26,1686,571,227,282,62,261,175,135,1077,777,UEFA,0,
1997,1997-12-31,Norway,15,NO,1857,10,1884,39,1584,85,1364,579,281,271,27,193,266,120,898,1119,UEFA,0,
1997,1997-12-31,Australia,16,AU,1844,12,1875,36,1639,77,1469,333,170,122,41,163,101,69,654,432,AFC,0,
1997,1997-12-31,Argentina,17,AR,1834,1,2159,5,1981,26,1751,743,280,289,174,380,171,192,1411,835,CONMEBOL,0,
1997,1997-12-31,Sweden,19,SE,1821,2,2013,15,1788,45,1579,758,349,345,64,375,231,152,1660,1121,UEFA,0,
1997,1997-12-31,Belgium,20,BE,1798,4,1961,24,1732,54,1503,566,277,252,37,227,228,111,1004,1031,UEFA,0,
1997,1997-12-31,Scotland,21,SQ,1792,1,2104,8,1916,33,1697,605,279,293,33,303,171,131,1157,745,UEFA,0,
1997,1997-12-31,Mexico,22,MX,1790,8,1941,21,1758,48,1498,504,185,165,154,251,129,124,949,553,CONCACAF,1,
1997,1997-12-31,Colombia,23,CO,1787,5,1944,64,1504,102,1304,299,101,109,89,102,116,81,356,423,CONMEBOL,0,
1997,1997-12-31,Ecuador,24,EC,1758,21,1788,82,1406,121,1183,263,90,95,78,61,136,66,294,510,CONMEBOL,0,
1997,1997-12-31,Uruguay,25,UY,1754,1,2104,11,1880,44,1636,686,247,286,153,295,233,158,1101,902,CONMEBOL,0,
1997,1997-12-31,Japan,25,JP,1754,22,1806,74,1359,114,1126,411,126,119,166,172,160,79,712,605,AFC,0,
1997,1997-12-31,Paraguay,28,PY,1750,5,1956,21,1753,43,1618,450,124,207,119,167,178,105,628,702,CONMEBOL,0,
1997,1997-12-31,Austria,29,AT,1746,1,2070,14,1843,55,1602,591,274,284,33,254,214,123,1129,965,UEFA,0,
1997,1997-12-31,South Korea,30,KR,1742,16,1835,37,1658,84,1445,615,163,160,292,357,119,139,1226,567,AFC,0,
1997,1997-12-31,Morocco,31,MA,1738,19,1808,40,1653,65,1527,385,156,141,88,175,99,111,561,382,CAF,0,
1997,1997-12-31,United States,35,US,1720,12,1784,45,1598,92,1412,358,178,143,37,115,160,83,446,619,CONCACAF,1,
1997,1997-12-31,Turkey,37,TR,1714,19,1762,49,1547,77,1358,344,161,161,22,107,162,75,436,602,UEFA,0,
1997,1997-12-31,Iran,41,IR,1676,19,1803,46,1609,79,1450,278,93,67,118,150,66,62,527,226,AFC,0,
1997,1997-12-31,Switzerland,42,CH,1675,9,1918,28,1655,56,1485,593,288,273,32,182,294,117,848,1155,UEFA,0,
1997,1997-12-31,South Africa,44,ZA,1670,7,1847,21,1750,59,1597,105,58,42,5,47,43,15,182,177,CAF,0,
1997,1997-12-31,Tunisia,45,TN,1665,24,1734,44,1613,80,1438,413,183,153,77,158,142,113,564,516,CAF,0,
1997,1997-12-31,Saudi Arabia,49,SA,1636,30,1708,87,1428,125,1253,364,143,60,161,170,108,86,564,415,AFC,0,
1997,1997-12-31,Bosnia and Herzegovina,50,BA,1629,46,1636,53,1607,65,1564,21,6,10,5,9,10,2,30,29,UEFA,0,
1997,1997-12-31,Iraq,54,IQ,1595,24,1740,39,1644,65,1500,354,88,95,171,189,71,94,649,290,AFC,0,
1997,1997-12-31,Egypt,56,EG,1591,12,1872,34,1660,70,1528,489,188,174,127,229,132,128,872,578,CAF,0,
1997,1997-12-31,Uzbekistan,60,UZ,1561,25,1766,40,1669,72,1525,43,16,17,10,21,14,8,92,59,AFC,0,
1997,1997-12-31,Algeria,61,DZ,1556,18,1774,38,1647,71,1500,371,137,147,87,151,114,106,521,384,CAF,0,
1997,1997-12-31,Qatar,66,QA,1544,58,1565,114,1286,164,964,242,95,51,96,96,87,59,333,301,AFC,0,
1997,1997-12-31,Ivory Coast,70,CI,1529,20,1762,45,1620,76,1476,365,151,133,81,170,101,94,562,411,CAF,0,
1997,1997-12-31,Canada,72,CA,1525,25,1675,45,1595,74,1471,214,84,100,30,72,93,49,235,329,CONCACAF,1,
1997,1997-12-31,Ghana,81,GH,1474,10,1877,34,1672,82,1457,449,152,185,112,225,113,111,781,496,CAF,0,
1997,1997-12-31,Jordan,86,JO,1467,83,1470,133,1196,153,1095,170,44,70,56,44,90,36,162,288,AFC,0,
1997,1997-12-31,DR Congo,91,CD,1448,20,1782,48,1598,92,1448,269,91,119,59,121,85,63,466,331,CAF,0,
1997,1997-12-31,New Zealand,99,NZ,1430,29,1642,63,1489,102,1334,241,91,107,43,103,98,40,465,403,OFC,0,
1997,1997-12-31,Senegal,100,SN,1429,37,1660,60,1548,107,1387,374,129,147,98,146,131,97,459,404,CAF,0,
1997,1997-12-31,Haiti,117,HT,1365,36,1674,77,1396,129,1265,273,127,86,60,123,94,56,454,375,CONCACAF,0,
1997,1997-12-31,Panama,125,PA,1332,54,1508,113,1267,143,1155,212,72,74,66,54,112,46,265,432,CONCACAF,0,
1997,1997-12-31,Cape Verde,137,CV,1256,112,1340,130,1229,142,1172,64,17,16,31,18,34,12,52,81,CAF,0,
1997,1997-12-31,Curaçao,148,CW,1211,26,1618,76,1448,152,1166,334,111,124,99,145,106,83,613,529,CONCACAF,0,
1998,1998-12-31,France,1,FR,2076,1,2089,19,1736,40,1514,579,295,230,54,250,213,116,1032,1000,UEFA,0,
1998,1998-12-31,Brazil,2,BR,2051,1,2195,5,1979,14,1805,676,266,214,196,421,114,141,1482,675,CONMEBOL,0,
1998,1998-12-31,Netherlands,4,NL,1993,1,2109,18,1806,55,1552,573,274,236,63,272,183,118,1209,853,UEFA,0,
1998,1998-12-31,Spain,5,ES,1978,1,2046,8,1917,19,1805,430,201,174,55,219,99,112,798,449,UEFA,0,
1998,1998-12-31,Germany,6,DE,1976,1,2146,8,1891,25,1637,682,290,291,101,390,152,140,1525,840,UEFA,0,
1998,1998-12-31,Croatia,7,HR,1966,5,2008,11,1885,17,1849,82,33,36,13,45,18,19,168,94,UEFA,0,
1998,1998-12-31,England,8,EN,1946,1,2213,4,1989,17,1810,834,351,420,63,490,159,185,2076,865,UEFA,0,
1998,1998-12-31,Argentina,10,AR,1932,1,2159,5,1980,26,1751,756,285,292,179,390,173,193,1438,842,CONMEBOL,0,
1998,1998-12-31,Portugal,12,PT,1905,3,2018,23,1746,41,1623,354,167,152,35,143,132,79,500,500,UEFA,0,
1998,1998-12-31,Czechia,13,CZ,1899,2,2026,11,1866,26,1686,581,230,288,63,268,176,137,1094,785,UEFA,0,
1998,1998-12-31,Sweden,14,SE,1883,2,2013,15,1789,45,1579,767,354,349,64,380,233,154,1668,1127,UEFA,0,
1998,1998-12-31,Mexico,15,MX,1862,8,1941,21,1759,48,1498,522,186,168,168,260,132,130,983,574,CONCACAF,1,
1998,1998-12-31,Norway,16,NO,1829,9,1926,39,1587,85,1364,593,286,276,31,198,268,127,927,1138,UEFA,0,
1998,1998-12-31,Belgium,18,BE,1815,4,1961,24,1733,54,1503,577,282,253,42,230,229,118,1015,1038,UEFA,0,
1998,1998-12-31,Paraguay,19,PY,1805,5,1956,21,1753,43,1618,464,125,215,124,169,184,111,644,722,CONMEBOL,0,
1998,1998-12-31,Morocco,21,MA,1776,19,1808,39,1656,65,1527,403,163,142,98,184,104,115,592,400,CAF,0,
1998,1998-12-31,Uruguay,24,UY,1758,1,2104,12,1878,44,1636,687,247,287,153,295,233,159,1103,904,CONMEBOL,0,
1998,1998-12-31,Ecuador,25,EC,1752,21,1788,81,1412,121,1183,264,90,95,79,61,137,66,295,515,CONMEBOL,0,
1998,1998-12-31,Colombia,26,CO,1751,5,1944,63,1508,102,1304,308,102,112,94,103,120,85,363,436,CONMEBOL,0,
1998,1998-12-31,Australia,27,AU,1746,12,1875,36,1641,77,1469,342,177,124,41,167,105,70,678,446,AFC,0,
1998,1998-12-31,Iran,29,IR,1738,19,1803,46,1610,79,1450,296,96,69,131,159,73,64,556,246,AFC,0,
1998,1998-12-31,Austria,30,AT,1728,1,2070,14,1842,55,1602,602,280,286,36,258,217,127,1152,980,UEFA,0,
1998,1998-12-31,Saudi Arabia,31,SA,1724,29,1736,86,1434,125,1253,387,147,65,175,182,112,93,601,442,AFC,0,
1998,1998-12-31,South Korea,33,KR,1720,16,1835,37,1659,84,1445,641,168,170,303,368,126,147,1262,597,AFC,0,
1998,1998-12-31,Scotland,36,SQ,1713,1,2104,8,1915,36,1697,615,283,295,37,305,174,136,1167,758,UEFA,0,
1998,1998-12-31,United States,39,US,1694,12,1793,45,1599,92,1412,374,189,145,40,121,166,87,461,632,CONCACAF,1,
1998,1998-12-31,Switzerland,45,CH,1670,9,1918,28,1655,56,1485,600,291,277,32,182,297,121,852,1164,UEFA,0,
1998,1998-12-31,South Africa,47,ZA,1664,7,1847,22,1748,59,1597,120,61,45,14,52,47,21,201,197,CAF,0,
1998,1998-12-31,Turkey,48,TR,1663,19,1762,49,1549,77,1358,350,165,163,22,109,166,75,442,614,UEFA,0,
1998,1998-12-31,Japan,50,JP,1646,21,1806,73,1363,114,1126,428,131,121,176,178,169,81,730,622,AFC,0,
1998,1998-12-31,Egypt,51,EG,1639,12,1872,34,1660,70,1528,507,190,181,136,234,137,136,894,597,CAF,0,
1998,1998-12-31,Tunisia,52,TN,1627,24,1734,44,1613,80,1438,430,190,156,84,165,148,117,590,537,CAF,0,
1998,1998-12-31,Ivory Coast,54,CI,1609,20,1762,45,1619,76,1476,375,153,137,85,175,102,98,579,420,CAF,0,
1998,1998-12-31,Iraq,56,IQ,1605,24,1740,39,1643,65,1500,355,88,96,171,190,71,94,651,290,AFC,0,
1998,1998-12-31,Bosnia and Herzegovina,63,BA,1562,46,1636,53,1607,65,1562,27,9,13,5,10,13,4,36,43,UEFA,0,
1998,1998-12-31,Ghana,65,GH,1549,10,1877,35,1669,87,1457,459,154,189,116,231,115,113,794,501,CAF,0,
1998,1998-12-31,Uzbekistan,66,UZ,1540,25,1766,44,1650,72,1517,54,16,22,16,25,18,11,124,76,AFC,0,
1998,1998-12-31,New Zealand,69,NZ,1535,29,1642,63,1488,102,1334,247,93,108,46,107,99,41,476,405,OFC,0,
1998,1998-12-31,Canada,70,CA,1533,25,1675,45,1595,74,1471,215,85,100,30,73,93,49,236,329,CONCACAF,1,
1998,1998-12-31,Qatar,74,QA,1508,58,1568,112,1295,164,964,262,102,54,106,103,92,67,356,325,AFC,0,
1998,1998-12-31,DR Congo,75,CD,1507,20,1782,49,1596,92,1448,276,91,121,64,124,87,65,477,341,CAF,0,
1998,1998-12-31,Algeria,78,DZ,1481,18,1774,39,1645,84,1472,381,138,152,91,153,120,108,530,397,CAF,0,
1998,1998-12-31,Jordan,88,JO,1461,82,1478,132,1202,153,1095,175,44,72,59,46,92,37,167,295,AFC,0,
1998,1998-12-31,Senegal,100,SN,1426,37,1660,61,1545,107,1387,380,131,151,98,148,134,98,466,412,CAF,0,
1998,1998-12-31,Haiti,107,HT,1397,36,1674,78,1396,129,1265,280,129,88,63,128,96,56,473,383,CONCACAF,0,
1998,1998-12-31,Panama,121,PA,1332,54,1508,114,1268,143,1155,212,72,74,66,54,112,46,265,432,CONCACAF,0,
1998,1998-12-31,Cape Verde,139,CV,1248,112,1340,131,1229,142,1172,67,18,18,31,18,36,13,52,85,CAF,0,
1998,1998-12-31,Curaçao,159,CW,1179,26,1618,77,1445,161,1166,340,111,126,103,147,109,84,621,542,CONCACAF,0,
1999,1999-12-31,Brazil,1,BR,2095,1,2195,5,1980,14,1805,696,270,220,206,435,117,144,1533,693,CONMEBOL,0,
1999,1999-12-31,France,2,FR,2041,1,2092,19,1739,40,1514,590,301,234,55,258,214,118,1050,1007,UEFA,0,
1999,1999-12-31,Spain,3,ES,2006,1,2046,8,1918,19,1805,440,208,177,55,227,100,113,841,454,UEFA,0,
1999,1999-12-31,Netherlands,4,NL,1956,1,2109,18,1808,55,1552,582,279,239,64,272,185,125,1222,869,UEFA,0,
1999,1999-12-31,Czechia,5,CZ,1943,2,2026,11,1866,26,1686,592,235,294,63,277,177,138,1118,791,UEFA,0,
1999,1999-12-31,Argentina,6,AR,1938,1,2159,5,1980,26,1751,770,288,297,185,397,177,196,1458,857,CONMEBOL,0,
1999,1999-12-31,Croatia,9,HR,1916,5,2008,11,1888,17,1849,95,38,42,15,48,22,25,182,112,UEFA,0,
1999,1999-12-31,Portugal,10,PT,1911,3,2018,22,1748,41,1623,363,172,155,36,149,132,82,530,502,UEFA,0,
1999,1999-12-31,England,11,EN,1908,1,2213,4,1988,17,1810,844,357,424,63,494,161,189,2091,872,UEFA,0,
1999,1999-12-31,Mexico,13,MX,1904,6,1941,21,1761,48,1498,546,192,171,183,271,138,137,1020,600,CONCACAF,1,
1999,1999-12-31,Norway,13,NO,1904,9,1926,39,1591,85,1364,606,292,282,32,208,269,129,954,1145,UEFA,0,
1999,1999-12-31,Sweden,16,SE,1891,2,2013,15,1790,45,1579,778,359,355,64,387,235,156,1678,1131,UEFA,0,
1999,1999-12-31,Germany,17,DE,1885,1,2146,8,1892,25,1637,695,295,295,105,397,156,142,1548,855,UEFA,0,
1999,1999-12-31,Paraguay,19,PY,1812,5,1956,21,1754,43,1618,481,133,220,128,178,188,115,667,738,CONMEBOL,0,
1999,1999-12-31,United States,20,US,1804,12,1817,45,1601,92,1412,387,194,149,44,128,170,89,480,643,CONCACAF,1,
1999,1999-12-31,Colombia,21,CO,1800,5,1944,63,1512,102,1304,323,104,117,102,108,125,90,387,457,CONMEBOL,0,
1999,1999-12-31,Belgium,22,BE,1791,4,1961,24,1733,54,1503,591,287,260,44,234,236,121,1035,1057,UEFA,0,
1999,1999-12-31,Iran,24,IR,1760,19,1803,45,1613,79,1450,302,96,73,133,161,73,68,563,251,AFC,0,
1999,1999-12-31,Morocco,25,MA,1757,19,1808,39,1658,65,1527,412,167,147,98,188,106,118,602,411,CAF,0,
1999,1999-12-31,Australia,27,AU,1746,12,1875,36,1642,77,1469,342,177,124,41,167,105,70,678,446,AFC,0,
1999,1999-12-31,Turkey,31,TR,1738,19,1762,49,1551,77,1358,357,167,168,22,112,166,79,453,618,UEFA,0,
1999,1999-12-31,Switzerland,32,CH,1735,9,1918,28,1656,56,1485,611,295,283,33,188,300,123,867,1175,UEFA,0,
1999,1999-12-31,Uruguay,33,UY,1734,1,2104,12,1877,44,1636,698,251,289,158,299,237,162,1117,920,CONMEBOL,0,
1999,1999-12-31,Scotland,34,SQ,1728,1,2104,9,1913,41,1693,625,287,301,37,310,177,138,1179,767,UEFA,0,
1999,1999-12-31,South Korea,35,KR,1724,16,1835,37,1660,84,1445,646,173,170,303,369,127,150,1266,601,AFC,0,
1999,1999-12-31,Austria,37,AT,1706,1,2070,15,1841,55,1602,609,283,290,36,261,220,128,1167,1000,UEFA,0,
1999,1999-12-31,Ecuador,40,EC,1689,21,1788,80,1417,121,1183,280,92,103,85,64,143,73,309,533,CONMEBOL,0,
1999,1999-12-31,South Africa,44,ZA,1648,7,1847,22,1747,59,1596,134,66,54,14,57,50,27,217,209,CAF,0,
1999,1999-12-31,Tunisia,46,TN,1644,24,1734,44,1614,80,1438,440,197,159,84,172,150,118,606,541,CAF,0,
1999,1999-12-31,Iraq,48,IQ,1636,24,1740,39,1642,65,1500,370,88,102,180,199,73,98,685,305,AFC,0,
1999,1999-12-31,Saudi Arabia,49,SA,1631,29,1736,85,1440,125,1253,405,151,67,187,188,120,97,624,468,AFC,0,
1999,1999-12-31,Egypt,51,EG,1628,12,1872,34,1660,70,1528,521,192,185,144,238,141,142,910,618,CAF,0,
1999,1999-12-31,Japan,55,JP,1608,21,1806,73,1366,114,1126,435,135,122,178,178,172,85,734,633,AFC,0,
1999,1999-12-31,Ghana,57,GH,1590,10,1877,35,1668,87,1457,466,157,193,116,235,116,115,805,506,CAF,0,
1999,1999-12-31,Uzbekistan,61,UZ,1572,25,1766,47,1636,73,1517,61,18,24,19,31,19,11,148,80,AFC,0,
1999,1999-12-31,Canada,63,CA,1567,25,1675,45,1594,74,1471,225,90,101,34,78,96,51,246,337,CONCACAF,1,
1999,1999-12-31,Ivory Coast,64,CI,1563,20,1762,46,1619,76,1476,384,159,140,85,179,105,100,591,428,CAF,0,
1999,1999-12-31,Bosnia and Herzegovina,69,BA,1545,46,1636,55,1600,73,1519,36,11,20,5,12,17,7,47,55,UEFA,0,
1999,1999-12-31,Senegal,70,SN,1523,37,1660,62,1543,107,1387,395,140,157,98,156,136,103,492,423,CAF,0,
1999,1999-12-31,DR Congo,71,CD,1520,20,1782,49,1594,92,1448,283,95,124,64,128,89,66,485,347,CAF,0,
1999,1999-12-31,Jordan,74,JO,1511,72,1511,130,1208,153,1095,188,55,74,59,53,96,39,192,310,AFC,0,
1999,1999-12-31,New Zealand,76,NZ,1506,29,1642,63,1489,102,1334,259,93,114,52,109,105,45,489,421,OFC,0,
1999,1999-12-31,Algeria,80,DZ,1487,18,1774,39,1643,86,1464,386,141,154,91,155,122,109,537,402,CAF,0,
1999,1999-12-31,Qatar,92,QA,1447,58,1568,111,1301,164,964,264,102,55,107,103,94,67,356,329,AFC,0,
1999,1999-12-31,Haiti,105,HT,1410,36,1674,78,1396,129,1265,291,133,89,69,134,100,57,495,399,CONCACAF,0,
1999,1999-12-31,Panama,119,PA,1349,54,1508,114,1269,143,1155,214,74,74,66,55,112,47,268,434,CONCACAF,0,
1999,1999-12-31,Cape Verde,144,CV,1248,112,1340,131,1230,145,1172,67,18,18,31,18,36,13,52,85,CAF,0,
1999,1999-12-31,Curaçao,163,CW,1151,26,1618,78,1441,163,1150,342,113,126,103,147,110,85,623,546,CONCACAF,0,
2000,2000-12-31,France,1,FR,2110,1,2131,19,1743,40,1514,606,305,240,61,269,215,122,1084,1021,UEFA,0,
2000,2000-12-31,Brazil,2,BR,2023,1,2195,5,1981,14,1805,709,275,228,206,443,119,147,1565,703,CONMEBOL,0,
2000,2000-12-31,Portugal,3,PT,2017,3,2018,22,1750,41,1623,377,177,159,41,159,134,84,559,514,UEFA,0,
2000,2000-12-31,Argentina,5,AR,2005,1,2159,5,1980,26,1751,782,293,303,186,406,178,198,1482,865,CONMEBOL,0,
2000,2000-12-31,Netherlands,6,NL,1998,1,2109,17,1810,55,1552,596,289,242,65,281,186,129,1252,882,UEFA,0,
2000,2000-12-31,Spain,7,ES,1962,1,2046,8,1919,19,1805,454,212,183,59,234,104,116,862,470,UEFA,0,
2000,2000-12-31,Czechia,8,CZ,1917,2,2026,11,1867,26,1686,604,239,299,66,283,182,139,1139,804,UEFA,0,
2000,2000-12-31,Croatia,10,HR,1888,5,2008,11,1890,17,1849,102,42,45,15,49,23,30,187,118,UEFA,0,
2000,2000-12-31,Germany,11,DE,1881,1,2146,8,1892,25,1637,707,300,299,108,402,160,145,1571,871,UEFA,0,
2000,2000-12-31,Paraguay,12,PY,1865,5,1956,21,1754,43,1618,495,139,228,128,185,191,119,687,749,CONMEBOL,0,
2000,2000-12-31,England,13,EN,1852,1,2213,4,1987,17,1810,855,361,428,66,497,165,193,2102,883,UEFA,0,
2000,2000-12-31,Sweden,15,SE,1827,2,2013,15,1791,45,1579,791,361,362,68,390,239,162,1688,1142,UEFA,0,
2000,2000-12-31,Mexico,17,MX,1823,6,1941,21,1762,48,1498,567,196,176,195,283,144,140,1061,620,CONCACAF,1,
2000,2000-12-31,United States,19,US,1809,12,1829,45,1604,92,1412,404,206,154,44,137,172,95,514,654,CONCACAF,1,
2000,2000-12-31,Norway,20,NO,1804,6,1944,38,1594,85,1364,621,297,286,38,213,273,135,969,1158,UEFA,0,
2000,2000-12-31,Japan,21,JP,1795,21,1806,73,1370,114,1126,453,140,124,189,189,174,90,783,646,AFC,0,
2000,2000-12-31,Belgium,22,BE,1784,4,1961,24,1734,54,1503,601,293,264,44,238,238,125,1051,1068,UEFA,0,
2000,2000-12-31,Australia,23,AU,1778,12,1875,36,1644,77,1469,357,180,128,49,175,108,74,717,457,AFC,0,
2000,2000-12-31,Colombia,25,CO,1767,5,1944,62,1517,102,1304,339,109,123,107,115,130,94,403,471,CONMEBOL,0,
2000,2000-12-31,South Korea,26,KR,1765,16,1835,37,1662,84,1445,668,179,175,314,381,129,158,1308,614,AFC,0,
2000,2000-12-31,Uruguay,28,UY,1756,1,2104,12,1876,44,1636,708,256,294,158,303,240,165,1129,927,CONMEBOL,0,
2000,2000-12-31,Turkey,30,TR,1754,19,1781,48,1553,77,1358,367,170,172,25,115,171,81,460,631,UEFA,0,
2000,2000-12-31,Scotland,31,SQ,1745,1,2104,9,1912,41,1693,632,289,306,37,313,179,140,1185,773,UEFA,0,
2000,2000-12-31,Iran,32,IR,1744,19,1803,45,1615,79,1450,328,104,81,143,176,77,75,626,270,AFC,0,
2000,2000-12-31,Austria,34,AT,1719,1,2070,15,1839,55,1602,616,287,293,36,263,222,131,1178,1010,UEFA,0,
2000,2000-12-31,Switzerland,37,CH,1712,9,1918,28,1656,56,1485,620,299,287,34,190,302,128,884,1187,UEFA,0,
2000,2000-12-31,Ecuador,41,EC,1691,21,1788,79,1421,121,1183,295,99,110,86,70,149,76,328,553,CONMEBOL,0,
2000,2000-12-31,Egypt,42,EG,1681,12,1872,34,1660,70,1528,539,199,191,149,250,145,144,937,630,CAF,0,
2000,2000-12-31,Saudi Arabia,44,SA,1678,29,1736,84,1444,125,1253,421,154,72,195,196,124,101,652,484,AFC,0,
2000,2000-12-31,South Africa,48,ZA,1666,7,1847,22,1746,59,1596,153,72,61,20,68,55,30,243,228,CAF,0,
2000,2000-12-31,Morocco,49,MA,1662,19,1808,39,1659,65,1527,425,174,151,100,195,109,121,612,421,CAF,0,
2000,2000-12-31,Tunisia,53,TN,1637,24,1734,44,1614,80,1438,458,204,165,89,180,153,125,639,562,CAF,0,
2000,2000-12-31,Canada,54,CA,1632,25,1733,46,1595,74,1471,242,96,107,39,86,99,57,260,349,CONCACAF,1,
2000,2000-12-31,Iraq,55,IQ,1621,24,1740,39,1642,65,1500,381,88,106,187,204,76,101,703,318,AFC,0,
2000,2000-12-31,Ivory Coast,62,CI,1572,20,1762,46,1618,76,1476,396,164,145,87,185,108,103,611,440,CAF,0,
2000,2000-12-31,Bosnia and Herzegovina,66,BA,1549,46,1636,56,1594,73,1519,43,14,24,5,15,20,8,54,63,UEFA,0,
2000,2000-12-31,New Zealand,69,NZ,1541,29,1642,63,1489,102,1334,270,95,118,57,114,109,47,500,428,OFC,0,
2000,2000-12-31,Ghana,74,GH,1509,10,1877,36,1666,87,1457,479,165,196,118,241,121,117,829,523,CAF,0,
2000,2000-12-31,Algeria,75,DZ,1507,18,1774,40,1640,86,1464,403,149,158,96,160,127,116,563,422,CAF,0,
2000,2000-12-31,Qatar,78,QA,1495,58,1568,110,1307,164,964,284,114,58,112,111,100,73,388,349,AFC,0,
2000,2000-12-31,Jordan,81,JO,1469,72,1513,129,1213,153,1095,210,67,78,65,58,101,51,216,327,AFC,0,
2000,2000-12-31,Uzbekistan,83,UZ,1459,25,1766,50,1624,84,1459,69,20,25,24,33,24,12,163,103,AFC,0,
2000,2000-12-31,Senegal,87,SN,1454,37,1660,62,1542,107,1387,413,146,164,103,158,141,114,507,442,CAF,0,
2000,2000-12-31,DR Congo,88,CD,1449,20,1782,50,1592,92,1448,295,99,129,67,132,92,71,505,359,CAF,0,
2000,2000-12-31,Haiti,108,HT,1401,36,1674,78,1396,129,1265,308,137,98,73,140,108,60,527,437,CONCACAF,0,
2000,2000-12-31,Panama,110,PA,1390,54,1508,114,1271,143,1155,234,82,86,66,62,122,50,290,471,CONCACAF,0,
2000,2000-12-31,Cape Verde,119,CV,1335,112,1357,131,1232,146,1172,77,26,20,31,22,38,17,61,94,CAF,0,
2000,2000-12-31,Curaçao,165,CW,1163,26,1618,79,1438,165,1148,344,114,127,103,147,111,86,624,552,CONCACAF,0,
2001,2001-12-31,France,1,FR,2111,1,2135,18,1747,40,1514,619,310,245,64,278,218,123,1114,1029,UEFA,0,
2001,2001-12-31,Argentina,2,AR,2024,1,2159,5,1980,26,1751,791,297,308,186,412,178,201,1504,873,CONMEBOL,0,
2001,2001-12-31,Portugal,4,PT,2008,3,2018,22,1754,41,1623,387,183,162,42,166,135,86,594,524,UEFA,0,
2001,2001-12-31,Netherlands,5,NL,1994,1,2109,17,1812,55,1552,606,293,247,66,287,187,132,1279,888,UEFA,0,
2001,2001-12-31,Spain,6,ES,1967,1,2046,8,1919,19,1805,463,218,186,59,241,105,117,882,476,UEFA,0,
2001,2001-12-31,England,7,EN,1932,1,2213,4,1987,17,1810,865,368,431,66,504,166,195,2126,891,UEFA,0,
2001,2001-12-31,Sweden,8,SE,1892,2,2013,15,1792,45,1579,808,368,369,71,402,240,166,1724,1149,UEFA,0,
2001,2001-12-31,Croatia,9,HR,1885,5,2008,11,1890,17,1849,113,47,51,15,55,24,34,207,126,UEFA,0,
2001,2001-12-31,Colombia,10,CO,1879,5,1944,61,1521,102,1304,357,120,128,109,128,132,97,435,484,CONMEBOL,0,
2001,2001-12-31,Germany,11,DE,1868,1,2146,8,1892,25,1637,718,305,305,108,408,162,148,1594,886,UEFA,0,
2001,2001-12-31,Japan,13,JP,1859,9,1887,72,1375,114,1126,466,149,126,191,195,178,93,798,658,AFC,0,
2001,2001-12-31,Brazil,17,BR,1833,1,2195,5,1980,20,1805,729,280,235,214,451,127,151,1593,722,CONMEBOL,0,
2001,2001-12-31,Belgium,17,BE,1833,4,1961,24,1734,54,1503,611,297,270,44,244,240,127,1076,1079,UEFA,0,
2001,2001-12-31,Australia,19,AU,1820,11,1875,36,1646,77,1469,373,187,134,52,185,113,75,797,470,AFC,0,
2001,2001-12-31,Czechia,20,CZ,1818,2,2026,11,1867,26,1686,616,246,304,66,288,186,142,1161,816,UEFA,0,
2001,2001-12-31,Mexico,22,MX,1808,6,1941,21,1762,48,1498,594,206,185,203,294,156,144,1098,658,CONCACAF,1,
2001,2001-12-31,South Korea,23,KR,1806,16,1835,36,1664,84,1445,685,189,178,318,389,133,163,1330,637,AFC,0,
2001,2001-12-31,Turkey,24,TR,1797,19,1797,48,1556,77,1358,379,176,178,25,121,173,85,481,641,UEFA,0,
2001,2001-12-31,Uruguay,25,UY,1788,1,2104,12,1875,44,1636,725,261,300,164,310,245,170,1148,941,CONMEBOL,0,
2001,2001-12-31,Norway,28,NO,1753,6,1944,38,1596,85,1364,632,302,291,39,218,276,138,990,1174,UEFA,0,
2001,2001-12-31,United States,28,US,1753,12,1841,44,1606,92,1412,419,215,160,44,143,178,98,528,667,CONCACAF,1,
2001,2001-12-31,Iran,30,IR,1752,19,1803,45,1617,79,1450,348,113,90,145,187,82,79,661,290,AFC,0,
2001,2001-12-31,Ecuador,32,EC,1735,21,1788,79,1426,121,1183,309,103,116,90,76,152,81,346,565,CONMEBOL,0,
2001,2001-12-31,Scotland,33,SQ,1734,1,2104,9,1911,41,1693,638,293,308,37,315,180,143,1194,779,UEFA,0,
2001,2001-12-31,Paraguay,36,PY,1725,5,1956,21,1755,43,1618,509,143,233,133,189,197,123,705,772,CONMEBOL,0,
2001,2001-12-31,Saudi Arabia,42,SA,1688,29,1736,83,1450,125,1253,445,169,77,199,213,128,104,714,500,AFC,0,
2001,2001-12-31,Tunisia,43,TN,1681,24,1734,44,1614,80,1438,470,211,170,89,188,155,127,672,571,CAF,0,
2001,2001-12-31,Austria,45,AT,1672,1,2070,15,1838,55,1602,626,292,298,36,266,227,133,1187,1026,UEFA,0,
2001,2001-12-31,Switzerland,47,CH,1660,9,1918,28,1657,56,1485,630,303,292,35,194,307,129,897,1202,UEFA,0,
2001,2001-12-31,Egypt,49,EG,1641,12,1872,34,1660,70,1528,560,211,199,150,259,149,152,978,654,CAF,0,
2001,2001-12-31,Morocco,50,MA,1639,19,1808,39,1660,65,1527,442,181,159,102,202,113,127,629,431,CAF,0,
2001,2001-12-31,South Africa,52,ZA,1623,7,1847,22,1745,59,1596,167,78,69,20,75,58,34,260,238,CAF,0,
2001,2001-12-31,Ivory Coast,53,CI,1622,20,1762,46,1617,76,1476,410,169,154,87,193,110,107,641,450,CAF,0,
2001,2001-12-31,Canada,58,CA,1588,25,1733,46,1595,74,1471,248,96,110,42,87,103,58,262,359,CONCACAF,1,
2001,2001-12-31,Senegal,59,SN,1581,37,1660,62,1542,107,1387,428,153,171,104,167,144,117,531,449,CAF,0,
2001,2001-12-31,Qatar,64,QA,1560,54,1612,109,1315,164,964,312,127,68,117,125,105,82,429,373,AFC,0,
2001,2001-12-31,Iraq,68,IQ,1539,24,1740,40,1642,69,1500,399,94,114,191,210,82,107,742,336,AFC,0,
2001,2001-12-31,Bosnia and Herzegovina,71,BA,1532,46,1636,57,1589,73,1519,57,20,29,8,20,24,13,75,81,UEFA,0,
2001,2001-12-31,Ghana,72,GH,1519,10,1877,37,1663,93,1427,492,170,204,118,246,125,121,845,538,CAF,0,
2001,2001-12-31,Algeria,73,DZ,1512,18,1774,40,1639,86,1464,418,157,165,96,166,133,119,583,444,CAF,0,
2001,2001-12-31,New Zealand,74,NZ,1510,29,1642,63,1490,102,1334,277,100,120,57,118,112,47,520,438,OFC,0,
2001,2001-12-31,Uzbekistan,78,UZ,1508,25,1766,53,1610,93,1428,90,27,31,32,45,30,15,205,129,AFC,0,
2001,2001-12-31,Haiti,89,HT,1458,36,1674,79,1397,129,1265,321,142,101,78,146,110,65,560,449,CONCACAF,0,
2001,2001-12-31,DR Congo,100,CD,1422,20,1782,51,1589,105,1408,307,104,135,68,136,97,74,516,380,CAF,0,
2001,2001-12-31,Jordan,107,JO,1402,72,1513,129,1218,153,1095,223,75,80,68,62,106,55,233,342,AFC,0,
2001,2001-12-31,Panama,109,PA,1397,54,1508,114,1273,143,1155,249,87,91,71,66,127,56,308,489,CONCACAF,0,
2001,2001-12-31,Cape Verde,119,CV,1350,112,1357,130,1234,146,1172,79,26,21,32,23,38,18,63,95,CAF,0,
2001,2001-12-31,Curaçao,161,CW,1163,26,1618,80,1434,165,1148,344,114,127,103,147,111,86,624,552,CONCACAF,0,
2002,2002-12-31,Brazil,1,BR,2057,1,2195,5,1980,20,1805,744,284,239,221,464,128,152,1633,731,CONMEBOL,0,
2002,2002-12-31,Netherlands,2,NL,2050,1,2109,17,1814,55,1552,613,296,251,66,293,187,133,1293,890,UEFA,0,
2002,2002-12-31,Spain,3,ES,1996,1,2046,8,1920,19,1805,476,222,191,63,248,106,122,905,484,UEFA,0,
2002,2002-12-31,Argentina,3,AR,1996,1,2159,5,1980,26,1751,798,297,311,190,415,179,204,1512,878,CONMEBOL,0,
2002,2002-12-31,France,5,FR,1973,1,2135,18,1749,40,1514,632,316,249,67,285,221,126,1140,1039,UEFA,0,
2002,2002-12-31,England,6,EN,1950,1,2213,4,1987,17,1810,878,372,434,72,508,168,202,2146,904,UEFA,0,
2002,2002-12-31,Germany,7,DE,1935,1,2146,8,1892,25,1637,736,312,310,114,419,166,151,1640,903,UEFA,0,
2002,2002-12-31,Portugal,8,PT,1930,3,2018,22,1756,41,1623,398,187,166,45,170,138,90,612,538,UEFA,0,
2002,2002-12-31,Turkey,10,TR,1895,9,1895,48,1560,77,1358,395,179,182,34,130,177,88,507,652,UEFA,0,
2002,2002-12-31,Czechia,12,CZ,1866,2,2026,11,1867,26,1686,626,251,308,67,295,186,145,1184,823,UEFA,0,
2002,2002-12-31,Colombia,13,CO,1864,5,1944,60,1527,102,1304,361,120,132,109,129,134,98,438,488,CONMEBOL,0,
2002,2002-12-31,Mexico,15,MX,1833,6,1941,21,1763,48,1498,607,207,186,214,302,159,146,1115,667,CONCACAF,1,
2002,2002-12-31,United States,16,US,1826,12,1853,44,1608,92,1412,439,227,164,48,155,184,100,562,685,CONCACAF,1,
2002,2002-12-31,Sweden,17,SE,1823,2,2013,15,1792,45,1579,822,372,375,75,403,243,176,1741,1168,UEFA,0,
2002,2002-12-31,Japan,20,JP,1805,9,1887,71,1381,114,1126,479,160,128,191,200,181,98,813,672,AFC,0,
2002,2002-12-31,Croatia,21,HR,1803,5,2008,11,1887,26,1790,124,52,54,18,59,27,38,215,132,UEFA,0,
2002,2002-12-31,Norway,22,NO,1801,6,1944,38,1597,85,1364,642,308,295,39,222,278,142,1000,1179,UEFA,0,
2002,2002-12-31,Australia,23,AU,1798,11,1875,36,1648,77,1469,378,187,135,56,189,114,75,820,472,AFC,0,
2002,2002-12-31,Belgium,26,BE,1783,4,1961,23,1735,54,1503,625,301,276,48,250,243,132,1092,1094,UEFA,0,
2002,2002-12-31,Uruguay,27,UY,1781,1,2104,12,1874,44,1636,735,262,306,167,313,249,173,1162,955,CONMEBOL,0,
2002,2002-12-31,Senegal,28,SN,1776,21,1808,62,1546,107,1387,445,155,174,116,176,146,123,553,463,CAF,0,
2002,2002-12-31,South Korea,29,KR,1768,16,1845,36,1666,84,1445,708,203,181,324,395,141,172,1355,660,AFC,0,
2002,2002-12-31,Paraguay,31,PY,1763,5,1956,21,1755,43,1618,520,144,238,138,192,200,128,718,788,CONMEBOL,0,
2002,2002-12-31,Ecuador,35,EC,1722,21,1788,78,1430,121,1183,324,105,119,100,82,158,84,359,578,CONMEBOL,0,
2002,2002-12-31,Iran,36,IR,1709,19,1803,45,1619,79,1450,358,116,93,149,191,84,83,674,299,AFC,0,
2002,2002-12-31,Switzerland,36,CH,1709,9,1918,28,1657,56,1485,638,306,296,36,198,308,132,912,1213,UEFA,0,
2002,2002-12-31,Scotland,40,SQ,1692,1,2104,9,1909,47,1655,647,296,313,38,317,186,144,1203,798,UEFA,0,
2002,2002-12-31,Austria,42,AT,1681,1,2070,15,1836,55,1602,634,297,301,36,269,231,134,1197,1039,UEFA,0,
2002,2002-12-31,Saudi Arabia,47,SA,1667,29,1736,82,1454,125,1253,467,180,77,210,226,134,107,744,527,AFC,0,
2002,2002-12-31,South Africa,48,ZA,1663,7,1847,23,1744,59,1569,191,85,75,31,85,62,44,288,256,CAF,0,
2002,2002-12-31,Canada,50,CA,1634,25,1733,46,1595,74,1471,255,96,113,46,90,105,60,271,367,CONCACAF,1,
2002,2002-12-31,Iraq,53,IQ,1613,24,1740,40,1641,69,1500,409,96,117,196,217,83,109,760,344,AFC,0,
2002,2002-12-31,Tunisia,53,TN,1613,24,1734,44,1614,80,1438,484,216,173,95,188,161,135,676,583,CAF,0,
2002,2002-12-31,Egypt,56,EG,1602,12,1872,35,1659,70,1528,576,219,203,154,266,154,156,998,666,CAF,0,
2002,2002-12-31,Qatar,60,QA,1581,54,1612,107,1323,164,964,324,130,70,124,132,109,83,445,385,AFC,0,
2002,2002-12-31,New Zealand,62,NZ,1566,29,1642,63,1490,102,1334,284,105,122,57,123,114,47,545,445,OFC,0,
2002,2002-12-31,Ivory Coast,63,CI,1556,20,1762,47,1616,76,1476,416,172,154,90,194,112,110,648,455,CAF,0,
2002,2002-12-31,Morocco,64,MA,1554,19,1808,39,1659,65,1527,457,185,163,109,210,117,130,656,446,CAF,0,
2002,2002-12-31,Jordan,68,JO,1535,64,1560,128,1222,153,1095,242,77,84,81,72,110,60,261,358,AFC,0,
2002,2002-12-31,Bosnia and Herzegovina,72,BA,1502,46,1636,59,1583,75,1500,63,24,31,8,20,28,15,80,95,UEFA,0,
2002,2002-12-31,Ghana,74,GH,1500,10,1877,37,1661,93,1427,504,173,209,122,249,131,124,854,551,CAF,0,
2002,2002-12-31,Haiti,78,HT,1496,36,1674,79,1398,129,1265,327,144,102,81,149,112,66,570,456,CONCACAF,0,
2002,2002-12-31,Algeria,80,DZ,1492,18,1774,41,1636,87,1464,427,161,168,98,169,135,123,596,452,CAF,0,
2002,2002-12-31,Uzbekistan,83,UZ,1483,25,1766,55,1600,93,1428,92,27,33,32,45,32,15,206,135,AFC,0,
2002,2002-12-31,DR Congo,91,CD,1458,20,1782,52,1587,105,1408,315,105,138,72,139,100,76,527,389,CAF,0,
2002,2002-12-31,Panama,107,PA,1397,54,1508,113,1275,143,1155,249,87,91,71,66,127,56,308,489,CONCACAF,0,
2002,2002-12-31,Cape Verde,126,CV,1344,112,1370,130,1237,146,1172,82,27,23,32,24,39,19,65,96,CAF,0,
2002,2002-12-31,Curaçao,162,CW,1150,26,1618,81,1431,165,1145,348,115,129,104,148,113,87,627,558,CONCACAF,0,
2003,2003-12-31,France,1,FR,2050,1,2135,18,1752,40,1514,646,326,252,68,298,222,126,1180,1045,UEFA,0,
2003,2003-12-31,Argentina,2,AR,2018,1,2159,5,1981,26,1751,811,300,319,192,424,180,207,1539,889,CONMEBOL,0,
2003,2003-12-31,Spain,3,ES,2005,1,2046,8,1921,19,1805,487,228,196,63,256,107,124,931,490,UEFA,0,
2003,2003-12-31,Netherlands,4,NL,1990,1,2109,17,1816,55,1552,624,302,256,66,299,189,136,1316,899,UEFA,0,
2003,2003-12-31,Brazil,4,BR,1990,1,2195,5,1981,20,1805,761,286,248,227,472,132,157,1654,745,CONMEBOL,0,
2003,2003-12-31,Czechia,6,CZ,1978,2,2026,11,1867,26,1686,635,256,312,67,303,186,146,1214,829,UEFA,0,
2003,2003-12-31,England,7,EN,1954,1,2213,4,1986,17,1810,889,379,438,72,516,170,203,2166,915,UEFA,0,
2003,2003-12-31,Portugal,9,PT,1919,3,2018,22,1758,41,1623,410,195,169,46,177,140,93,636,548,UEFA,0,
2003,2003-12-31,Germany,11,DE,1879,1,2146,8,1892,25,1637,747,319,314,114,424,169,154,1655,914,UEFA,0,
2003,2003-12-31,Uruguay,12,UY,1860,1,2104,12,1873,44,1636,749,265,312,172,321,251,177,1198,976,CONMEBOL,0,
2003,2003-12-31,Mexico,13,MX,1849,6,1941,21,1764,48,1498,622,213,187,222,307,163,152,1129,676,CONCACAF,1,
2003,2003-12-31,Turkey,14,TR,1841,9,1899,47,1564,77,1358,411,184,189,38,136,182,93,528,673,UEFA,0,
2003,2003-12-31,United States,16,US,1832,12,1853,44,1611,92,1412,455,239,165,51,165,188,102,590,695,CONCACAF,1,
2003,2003-12-31,Croatia,17,HR,1828,5,2008,11,1883,26,1783,136,58,60,18,66,29,41,234,141,UEFA,0,
2003,2003-12-31,Australia,18,AU,1820,11,1875,35,1650,77,1469,381,187,137,57,191,115,75,826,476,AFC,0,
2003,2003-12-31,Sweden,19,SE,1804,2,2013,15,1793,45,1579,836,377,381,78,411,248,177,1773,1180,UEFA,0,
2003,2003-12-31,Belgium,20,BE,1802,4,1961,23,1736,54,1503,633,306,279,48,255,244,134,1108,1104,UEFA,0,
2003,2003-12-31,Paraguay,23,PY,1792,5,1956,21,1755,43,1618,534,146,248,140,198,204,132,733,803,CONMEBOL,0,
2003,2003-12-31,Japan,26,JP,1776,9,1887,71,1386,114,1126,495,170,132,193,206,186,103,829,684,AFC,0,
2003,2003-12-31,Senegal,28,SN,1749,21,1808,61,1551,107,1387,454,159,178,117,181,149,124,563,468,CAF,0,
2003,2003-12-31,Switzerland,33,CH,1728,9,1918,28,1657,56,1485,646,311,299,36,201,311,134,926,1226,UEFA,0,
2003,2003-12-31,Ecuador,34,EC,1717,21,1788,77,1435,121,1183,334,110,122,102,86,161,87,369,588,CONMEBOL,0,
2003,2003-12-31,Iran,35,IR,1716,19,1803,45,1620,79,1450,371,122,98,151,198,89,84,699,314,AFC,0,
2003,2003-12-31,Norway,37,NO,1710,6,1944,38,1599,85,1364,656,314,303,39,226,285,145,1010,1192,UEFA,0,
2003,2003-12-31,Colombia,38,CO,1705,5,1944,60,1531,102,1304,378,123,135,120,132,141,105,447,504,CONMEBOL,0,
2003,2003-12-31,Egypt,39,EG,1699,12,1872,35,1659,70,1528,588,226,206,156,276,156,156,1027,676,CAF,0,
2003,2003-12-31,South Korea,40,KR,1694,16,1845,36,1667,84,1445,723,211,184,328,402,147,174,1390,670,AFC,0,
2003,2003-12-31,Scotland,42,SQ,1678,1,2104,10,1907,52,1633,659,304,317,38,321,191,147,1213,815,UEFA,0,
2003,2003-12-31,Austria,43,AT,1676,1,2070,16,1835,55,1602,642,301,305,36,272,235,135,1211,1052,UEFA,0,
2003,2003-12-31,Saudi Arabia,47,SA,1662,29,1736,81,1459,125,1253,479,189,78,212,234,135,110,780,531,AFC,0,
2003,2003-12-31,South Africa,50,ZA,1644,7,1847,23,1743,59,1569,202,92,79,31,91,66,45,303,266,CAF,0,
2003,2003-12-31,Tunisia,51,TN,1643,24,1734,44,1615,80,1438,493,225,173,95,193,162,138,686,588,CAF,0,
2003,2003-12-31,Iraq,55,IQ,1617,24,1740,40,1640,69,1500,422,96,123,203,223,87,112,784,359,AFC,0,
2003,2003-12-31,Bosnia and Herzegovina,56,BA,1599,46,1636,59,1581,75,1500,70,27,35,8,24,29,17,89,100,UEFA,0,
2003,2003-12-31,Canada,58,CA,1594,25,1733,46,1596,74,1471,264,96,120,48,92,112,60,281,392,CONCACAF,1,
2003,2003-12-31,Jordan,59,JO,1592,59,1592,127,1228,153,1095,250,82,87,81,77,112,61,274,367,AFC,0,
2003,2003-12-31,Ivory Coast,60,CI,1590,20,1762,47,1616,76,1476,423,173,159,91,198,115,110,662,462,CAF,0,
2003,2003-12-31,Morocco,64,MA,1569,19,1808,40,1657,67,1527,467,191,166,110,216,119,132,664,448,CAF,0,
2003,2003-12-31,Qatar,73,QA,1521,54,1612,106,1329,164,964,339,135,75,129,135,114,90,461,407,AFC,0,
2003,2003-12-31,New Zealand,74,NZ,1520,29,1642,63,1491,102,1334,290,105,126,59,123,119,48,548,462,OFC,0,
2003,2003-12-31,Algeria,75,DZ,1519,18,1774,42,1635,87,1464,439,166,172,101,175,137,127,613,460,CAF,0,
2003,2003-12-31,Uzbekistan,81,UZ,1508,25,1766,57,1590,93,1428,102,31,37,34,50,34,18,227,147,AFC,0,
2003,2003-12-31,DR Congo,82,CD,1504,20,1782,52,1585,105,1408,325,108,145,72,145,100,80,546,397,CAF,0,
2003,2003-12-31,Haiti,85,HT,1473,36,1674,79,1399,129,1265,336,144,106,86,153,117,66,588,474,CONCACAF,0,
2003,2003-12-31,Ghana,92,GH,1448,10,1877,38,1658,97,1427,514,178,213,123,252,135,127,872,565,CAF,0,
2003,2003-12-31,Panama,109,PA,1396,54,1508,113,1277,143,1155,258,95,92,71,69,132,57,316,499,CONCACAF,0,
2003,2003-12-31,Cape Verde,119,CV,1355,112,1370,130,1240,146,1172,89,30,27,32,27,42,20,77,106,CAF,0,
2003,2003-12-31,Curaçao,165,CW,1150,26,1618,82,1427,166,1145,348,115,129,104,148,113,87,627,558,CONCACAF,0,
2004,2004-12-31,Argentina,1,AR,2029,1,2159,5,1981,26,1751,828,304,325,199,435,183,210,1572,907,CONMEBOL,0,
2004,2004-12-31,France,2,FR,1986,1,2135,18,1755,40,1514,661,333,256,72,305,223,133,1199,1051,UEFA,0,
2004,2004-12-31,Czechia,3,CZ,1983,1,2032,11,1868,26,1686,650,261,317,72,312,190,148,1238,842,UEFA,0,
2004,2004-12-31,England,4,EN,1977,1,2213,4,1986,17,1810,903,383,445,75,523,173,207,2194,929,UEFA,0,
2004,2004-12-31,Brazil,5,BR,1972,1,2195,5,1981,20,1805,779,289,257,233,480,134,165,1690,759,CONMEBOL,0,
2004,2004-12-31,Spain,6,ES,1965,1,2046,8,1922,19,1805,500,235,200,65,263,108,129,950,498,UEFA,0,
2004,2004-12-31,Netherlands,7,NL,1939,1,2109,17,1818,55,1552,641,310,259,72,307,193,141,1346,912,UEFA,0,
2004,2004-12-31,Portugal,9,PT,1904,3,2018,21,1760,41,1623,426,208,172,46,186,143,97,675,563,UEFA,0,
2004,2004-12-31,Mexico,10,MX,1887,6,1941,21,1765,48,1498,640,218,190,232,321,165,154,1188,688,CONCACAF,1,
2004,2004-12-31,Germany,12,DE,1881,1,2146,8,1892,25,1637,763,324,322,117,433,173,157,1690,931,UEFA,0,
2004,2004-12-31,Sweden,13,SE,1872,2,2013,15,1793,45,1579,852,382,387,83,419,251,182,1811,1197,UEFA,0,
2004,2004-12-31,Japan,16,JP,1845,9,1887,70,1391,114,1126,517,179,139,199,222,189,106,876,703,AFC,0,
2004,2004-12-31,Croatia,17,HR,1838,5,2008,12,1880,26,1783,149,64,64,21,72,32,45,252,155,UEFA,0,
2004,2004-12-31,United States,18,US,1829,12,1853,44,1614,92,1412,469,247,171,51,173,189,107,617,703,CONCACAF,1,
2004,2004-12-31,Uruguay,20,UY,1819,1,2104,12,1872,44,1636,763,269,316,178,326,257,180,1215,1003,CONMEBOL,0,
2004,2004-12-31,Australia,21,AU,1804,11,1875,35,1652,77,1469,393,195,139,59,198,117,78,863,487,AFC,0,
2004,2004-12-31,Colombia,23,CO,1801,5,1944,59,1534,102,1304,394,126,141,127,140,144,110,469,515,CONMEBOL,0,
2004,2004-12-31,Iran,24,IR,1800,19,1807,44,1622,79,1450,389,131,102,156,211,91,87,753,331,AFC,0,
2004,2004-12-31,Norway,25,NO,1798,6,1944,38,1601,85,1364,669,319,308,42,234,286,149,1039,1205,UEFA,0,
2004,2004-12-31,Turkey,26,TR,1793,9,1899,47,1567,77,1358,424,189,197,38,141,186,97,546,688,UEFA,0,
2004,2004-12-31,Paraguay,27,PY,1774,5,1956,22,1756,43,1618,546,149,253,144,201,207,138,742,813,CONMEBOL,0,
2004,2004-12-31,Belgium,33,BE,1724,4,1961,23,1736,54,1503,641,310,283,48,256,249,136,1114,1119,UEFA,0,
2004,2004-12-31,South Korea,34,KR,1714,16,1845,36,1667,84,1445,740,221,187,332,412,149,179,1421,680,AFC,0,
2004,2004-12-31,Switzerland,36,CH,1692,9,1918,29,1658,56,1485,658,317,302,39,204,316,138,940,1241,UEFA,0,
2004,2004-12-31,Senegal,38,SN,1689,21,1808,60,1554,107,1387,468,162,183,123,188,152,128,585,481,CAF,0,
2004,2004-12-31,Ivory Coast,42,CI,1670,20,1762,47,1616,76,1476,431,175,163,93,205,116,110,680,468,CAF,0,
2004,2004-12-31,Morocco,42,MA,1670,19,1808,40,1657,67,1527,482,196,171,115,224,121,137,691,458,CAF,0,
2004,2004-12-31,Ecuador,44,EC,1667,21,1788,77,1439,121,1183,349,114,126,109,90,170,89,386,616,CONMEBOL,0,
2004,2004-12-31,Austria,49,AT,1648,1,2070,16,1833,55,1602,650,307,307,36,274,237,139,1225,1065,UEFA,0,
2004,2004-12-31,Egypt,50,EG,1645,12,1872,35,1659,70,1528,603,235,209,159,283,159,161,1056,694,CAF,0,
2004,2004-12-31,Bosnia and Herzegovina,54,BA,1623,46,1636,59,1583,75,1500,76,30,38,8,26,30,20,94,104,UEFA,0,
2004,2004-12-31,Tunisia,56,TN,1618,24,1734,44,1615,80,1438,509,238,176,95,201,166,142,709,607,CAF,0,
2004,2004-12-31,Uzbekistan,59,UZ,1614,25,1766,58,1587,93,1428,113,34,39,40,58,35,20,249,155,AFC,0,
2004,2004-12-31,Scotland,62,SQ,1603,1,2104,10,1905,62,1603,670,310,322,38,323,197,150,1222,833,UEFA,0,
2004,2004-12-31,South Africa,66,ZA,1583,7,1847,23,1741,74,1537,215,95,85,35,97,72,46,316,282,CAF,0,
2004,2004-12-31,Jordan,67,JO,1581,40,1676,126,1236,153,1095,277,88,98,91,88,117,72,308,390,AFC,0,
2004,2004-12-31,Saudi Arabia,68,SA,1573,29,1736,81,1463,125,1253,497,194,82,221,244,139,114,809,547,AFC,0,
2004,2004-12-31,Canada,69,CA,1562,25,1733,46,1596,74,1471,274,101,125,48,96,116,62,294,401,CONCACAF,1,
2004,2004-12-31,Qatar,74,QA,1529,54,1612,105,1334,164,964,364,149,80,135,146,122,96,509,433,AFC,0,
2004,2004-12-31,New Zealand,78,NZ,1517,29,1642,63,1491,102,1334,295,105,127,63,126,121,48,565,467,OFC,0,
2004,2004-12-31,Panama,79,PA,1516,54,1518,113,1279,143,1155,275,101,103,71,75,136,64,340,519,CONCACAF,0,
2004,2004-12-31,Iraq,80,IQ,1510,24,1740,41,1639,81,1500,443,96,130,217,230,97,116,818,394,AFC,0,
2004,2004-12-31,Ghana,88,GH,1482,10,1877,39,1655,101,1424,522,183,216,123,255,136,131,880,568,CAF,0,
2004,2004-12-31,Haiti,89,HT,1480,36,1674,79,1400,129,1265,351,145,112,94,159,121,71,619,494,CONCACAF,0,
2004,2004-12-31,DR Congo,94,CD,1442,20,1782,53,1582,107,1403,336,111,150,75,147,106,83,555,415,CAF,0,
2004,2004-12-31,Algeria,99,DZ,1419,18,1774,42,1632,102,1419,453,171,175,107,176,144,133,624,481,CAF,0,
2004,2004-12-31,Cape Verde,113,CV,1365,112,1370,130,1242,146,1172,95,34,29,32,29,45,21,82,114,CAF,0,
2004,2004-12-31,Curaçao,159,CW,1182,26,1618,83,1424,166,1145,356,120,132,104,152,116,88,643,569,CONCACAF,0,
2005,2005-12-31,Brazil,1,BR,2027,1,2195,5,1981,20,1805,795,294,264,237,490,136,169,1737,773,CONMEBOL,0,
2005,2005-12-31,Netherlands,2,NL,1992,1,2109,17,1819,55,1552,652,316,264,72,314,194,144,1366,917,UEFA,0,
2005,2005-12-31,France,3,FR,1974,1,2135,18,1757,40,1514,672,340,259,73,311,223,138,1218,1057,UEFA,0,
2005,2005-12-31,Czechia,4,CZ,1965,1,2032,11,1869,26,1686,662,267,323,72,321,193,148,1273,854,UEFA,0,
2005,2005-12-31,England,5,EN,1963,1,2213,4,1986,17,1810,914,388,449,77,531,175,208,2213,940,UEFA,0,
2005,2005-12-31,Spain,6,ES,1958,1,2046,8,1922,19,1805,512,243,204,65,271,108,133,979,503,UEFA,0,
2005,2005-12-31,Argentina,8,AR,1931,1,2159,5,1981,26,1751,845,307,333,205,443,188,214,1600,930,CONMEBOL,0,
2005,2005-12-31,Portugal,9,PT,1910,3,2018,21,1762,41,1623,438,215,177,46,194,144,100,699,568,UEFA,0,
2005,2005-12-31,Sweden,10,SE,1903,2,2013,15,1794,45,1579,864,387,392,85,425,253,186,1835,1207,UEFA,0,
2005,2005-12-31,Germany,11,DE,1891,1,2146,8,1892,25,1637,778,333,328,117,440,176,162,1722,955,UEFA,0,
2005,2005-12-31,Croatia,13,HR,1863,5,2008,12,1879,26,1783,159,68,70,21,77,33,49,271,164,UEFA,0,
2005,2005-12-31,Turkey,16,TR,1844,9,1899,47,1570,77,1358,435,194,203,38,148,188,99,570,700,UEFA,0,
2005,2005-12-31,United States,17,US,1841,11,1890,43,1616,92,1412,489,261,177,51,186,192,111,650,715,CONCACAF,1,
2005,2005-12-31,Mexico,18,MX,1835,6,1958,21,1766,48,1498,666,225,196,245,334,171,161,1232,714,CONCACAF,1,
2005,2005-12-31,Iran,19,IR,1827,17,1835,44,1625,79,1450,404,138,107,159,222,93,89,780,340,AFC,0,
2005,2005-12-31,Uruguay,21,UY,1820,1,2104,12,1872,44,1636,774,273,323,178,329,260,185,1224,1014,CONMEBOL,0,
2005,2005-12-31,Japan,22,JP,1812,9,1887,70,1395,114,1126,537,188,144,205,233,195,109,907,723,AFC,0,
2005,2005-12-31,Switzerland,25,CH,1780,9,1918,29,1659,56,1485,669,321,309,39,210,317,142,957,1250,UEFA,0,
2005,2005-12-31,Paraguay,26,PY,1778,5,1956,22,1756,43,1618,558,154,256,148,208,211,139,763,830,CONMEBOL,0,
2005,2005-12-31,Norway,28,NO,1767,6,1944,38,1603,85,1364,685,325,318,42,242,290,153,1056,1217,UEFA,0,
2005,2005-12-31,Australia,29,AU,1765,11,1875,35,1653,77,1469,405,199,143,63,205,121,79,890,501,AFC,0,
2005,2005-12-31,Colombia,30,CO,1764,5,1944,59,1538,102,1304,411,129,147,135,146,151,114,494,536,CONMEBOL,0,
2005,2005-12-31,Ecuador,38,EC,1715,21,1788,76,1443,121,1183,366,120,132,114,98,175,93,410,637,CONMEBOL,0,
2005,2005-12-31,Egypt,39,EG,1713,12,1872,35,1659,70,1528,619,243,215,161,294,162,163,1093,706,CAF,0,
2005,2005-12-31,Tunisia,40,TN,1712,24,1734,44,1616,80,1438,521,243,180,98,209,168,144,737,619,CAF,0,
2005,2005-12-31,Ivory Coast,41,CI,1701,20,1762,47,1617,76,1476,440,178,166,96,209,118,113,695,479,CAF,0,
2005,2005-12-31,Senegal,41,SN,1701,21,1808,60,1557,107,1387,478,165,187,126,193,154,131,604,492,CAF,0,
2005,2005-12-31,Belgium,43,BE,1698,4,1961,24,1736,54,1503,650,314,288,48,260,252,138,1131,1129,UEFA,0,
2005,2005-12-31,South Korea,44,KR,1687,16,1845,36,1668,84,1445,758,232,190,336,419,154,185,1444,694,AFC,0,
2005,2005-12-31,Scotland,46,SQ,1681,1,2104,10,1903,63,1598,679,314,327,38,326,199,154,1233,841,UEFA,0,
2005,2005-12-31,Morocco,46,MA,1681,19,1808,40,1657,67,1527,490,200,173,117,228,122,140,704,463,CAF,0,
2005,2005-12-31,Austria,49,AT,1668,1,2070,16,1831,55,1602,659,310,312,37,277,239,143,1236,1073,UEFA,0,
2005,2005-12-31,Bosnia and Herzegovina,54,BA,1630,46,1638,59,1585,75,1500,86,33,45,8,30,34,22,106,115,UEFA,0,
2005,2005-12-31,Iraq,55,IQ,1611,24,1740,41,1637,81,1500,453,96,136,221,234,99,120,836,403,AFC,0,
2005,2005-12-31,Ghana,57,GH,1602,10,1877,39,1653,101,1424,530,185,221,124,260,136,134,896,573,CAF,0,
2005,2005-12-31,Uzbekistan,64,UZ,1578,25,1766,59,1586,93,1428,122,39,43,40,60,38,24,258,167,AFC,0,
2005,2005-12-31,Saudi Arabia,66,SA,1568,29,1736,80,1466,125,1253,518,207,85,226,254,146,118,840,569,AFC,0,
2005,2005-12-31,Canada,67,CA,1565,25,1733,46,1595,74,1471,282,102,130,50,99,121,62,301,413,CONCACAF,1,
2005,2005-12-31,Jordan,71,JO,1544,40,1676,125,1242,153,1095,282,91,100,91,88,120,74,311,396,AFC,0,
2005,2005-12-31,South Africa,77,ZA,1517,7,1847,24,1740,77,1517,231,101,90,40,102,77,52,342,311,CAF,0,
2005,2005-12-31,New Zealand,78,NZ,1514,29,1642,64,1492,102,1334,296,105,127,64,126,122,48,565,468,OFC,0,
2005,2005-12-31,Qatar,79,QA,1510,54,1612,105,1339,164,964,370,153,80,137,148,125,97,513,446,AFC,0,
2005,2005-12-31,Panama,90,PA,1475,54,1563,113,1283,143,1155,299,106,114,79,78,151,70,353,561,CONCACAF,0,
2005,2005-12-31,Haiti,91,HT,1473,36,1674,79,1400,129,1265,358,146,117,95,160,125,73,626,504,CONCACAF,0,
2005,2005-12-31,DR Congo,95,CD,1453,20,1782,54,1580,107,1403,350,116,155,79,150,109,91,576,435,CAF,0,
2005,2005-12-31,Algeria,102,DZ,1407,18,1774,43,1629,102,1402,460,175,177,108,178,147,135,633,493,CAF,0,
2005,2005-12-31,Cape Verde,126,CV,1314,103,1391,130,1245,146,1172,101,36,32,33,30,50,21,87,126,CAF,0,
2005,2005-12-31,Curaçao,161,CW,1182,26,1618,84,1421,166,1145,356,120,132,104,152,116,88,643,569,CONCACAF,0,
2006,2006-12-31,Brazil,1,BR,2080,1,2195,5,1982,20,1805,807,294,267,246,500,137,170,1762,778,CONMEBOL,0,
2006,2006-12-31,France,2,FR,2060,1,2135,18,1759,40,1514,689,347,262,80,323,225,141,1248,1066,UEFA,0,
2006,2006-12-31,Netherlands,4,NL,1989,1,2109,17,1821,55,1552,666,323,267,76,323,195,148,1386,924,UEFA,0,
2006,2006-12-31,Argentina,5,AR,1979,1,2159,5,1981,26,1751,854,307,335,212,447,191,216,1616,941,CONMEBOL,0,
2006,2006-12-31,Germany,6,DE,1976,1,2146,8,1892,25,1637,796,347,332,117,453,178,165,1777,970,UEFA,0,
2006,2006-12-31,England,7,EN,1960,1,2213,4,1986,17,1810,928,394,452,82,540,176,212,2241,947,UEFA,0,
2006,2006-12-31,Croatia,9,HR,1896,5,2008,12,1878,26,1783,174,71,75,28,84,37,53,302,180,UEFA,0,
2006,2006-12-31,Portugal,9,PT,1896,2,2018,21,1764,41,1623,453,218,181,54,203,148,102,726,581,UEFA,0,
2006,2006-12-31,Spain,11,ES,1884,1,2046,8,1922,19,1805,526,249,207,70,279,112,135,1003,517,UEFA,0,
2006,2006-12-31,Czechia,11,CZ,1884,1,2032,11,1870,26,1686,675,273,326,76,328,196,151,1299,866,UEFA,0,
2006,2006-12-31,Sweden,13,SE,1870,2,2013,15,1795,45,1579,879,391,398,90,430,257,192,1848,1222,UEFA,0,
2006,2006-12-31,Switzerland,15,CH,1846,9,1918,29,1660,56,1485,682,327,312,43,217,319,146,978,1258,UEFA,0,
2006,2006-12-31,Turkey,16,TR,1843,9,1899,46,1573,77,1358,448,195,208,45,154,189,105,592,712,UEFA,0,
2006,2006-12-31,Mexico,18,MX,1821,6,1958,21,1767,48,1498,678,226,198,254,340,176,162,1246,726,CONCACAF,1,
2006,2006-12-31,Uruguay,18,UY,1821,1,2104,12,1872,44,1636,784,274,329,181,334,263,187,1237,1021,CONMEBOL,0,
2006,2006-12-31,Colombia,21,CO,1790,5,1944,58,1541,102,1304,418,129,151,138,149,152,117,502,543,CONMEBOL,0,
2006,2006-12-31,Iran,23,IR,1783,13,1841,44,1628,79,1450,419,144,112,163,230,95,94,807,354,AFC,0,
2006,2006-12-31,Ivory Coast,27,CI,1774,20,1774,47,1620,76,1476,457,179,170,108,217,123,117,721,496,CAF,0,
2006,2006-12-31,Norway,28,NO,1767,6,1944,38,1604,85,1364,695,329,323,43,244,294,157,1068,1232,UEFA,0,
2006,2006-12-31,United States,29,US,1765,11,1890,43,1618,92,1412,504,270,178,56,193,197,114,672,731,CONCACAF,1,
2006,2006-12-31,Paraguay,30,PY,1761,5,1956,22,1756,43,1618,568,154,261,153,210,215,143,773,841,CONMEBOL,0,
2006,2006-12-31,Ecuador,30,EC,1761,21,1805,75,1447,121,1183,377,121,135,121,101,181,95,420,649,CONMEBOL,0,
2006,2006-12-31,Australia,33,AU,1760,11,1875,35,1655,77,1469,418,203,146,69,211,124,83,909,514,AFC,0,
2006,2006-12-31,Ghana,34,GH,1752,10,1877,39,1653,101,1424,547,185,224,138,268,143,136,917,591,CAF,0,
2006,2006-12-31,Scotland,37,SQ,1737,1,2104,10,1901,63,1598,686,317,330,39,330,201,155,1248,848,UEFA,0,
2006,2006-12-31,Japan,40,JP,1726,9,1887,69,1400,114,1126,556,197,149,210,242,201,113,937,742,AFC,0,
2006,2006-12-31,Egypt,41,EG,1723,12,1872,35,1660,70,1528,632,253,217,162,301,165,166,1113,716,CAF,0,
2006,2006-12-31,South Korea,45,KR,1679,16,1845,36,1669,84,1445,780,239,196,345,429,160,191,1475,714,AFC,0,
2006,2006-12-31,Belgium,47,BE,1672,4,1961,24,1735,54,1503,659,318,292,49,264,254,141,1143,1136,UEFA,0,
2006,2006-12-31,Morocco,48,MA,1660,19,1808,40,1657,67,1527,502,206,175,121,234,125,143,720,469,CAF,0,
2006,2006-12-31,Senegal,49,SN,1650,21,1808,60,1559,107,1387,490,168,190,132,198,159,133,617,503,CAF,0,
2006,2006-12-31,Tunisia,50,TN,1639,24,1757,44,1617,80,1438,537,250,181,106,216,173,148,756,632,CAF,0,
2006,2006-12-31,Austria,53,AT,1629,1,2070,17,1830,59,1602,667,315,313,39,280,243,144,1248,1087,UEFA,0,
2006,2006-12-31,Iraq,57,IQ,1601,24,1740,42,1636,81,1500,467,96,145,226,240,104,123,860,424,AFC,0,
2006,2006-12-31,Canada,59,CA,1589,25,1733,46,1595,74,1471,287,103,134,50,101,123,63,305,416,CONCACAF,1,
2006,2006-12-31,Saudi Arabia,61,SA,1579,29,1736,80,1468,125,1253,542,220,88,234,263,155,124,877,599,AFC,0,
2006,2006-12-31,Uzbekistan,65,UZ,1572,25,1766,59,1585,93,1428,129,42,47,40,64,39,26,273,171,AFC,0,
2006,2006-12-31,Bosnia and Herzegovina,67,BA,1563,46,1638,59,1587,75,1500,94,36,49,9,31,39,24,119,137,UEFA,0,
2006,2006-12-31,Jordan,72,JO,1553,40,1676,124,1247,153,1095,299,99,107,93,95,126,78,332,409,AFC,0,
2006,2006-12-31,Qatar,74,QA,1547,54,1612,104,1345,164,964,378,158,83,137,155,126,97,531,450,AFC,0,
2006,2006-12-31,New Zealand,80,NZ,1515,29,1642,64,1492,102,1334,304,107,131,66,129,126,49,573,482,OFC,0,
2006,2006-12-31,Panama,84,PA,1502,54,1563,112,1286,143,1155,305,108,118,79,81,153,71,360,566,CONCACAF,0,
2006,2006-12-31,South Africa,91,ZA,1473,7,1847,25,1737,99,1448,242,102,95,45,106,81,55,347,318,CAF,0,
2006,2006-12-31,DR Congo,93,CD,1462,20,1782,54,1578,107,1403,360,117,161,82,152,114,94,584,451,CAF,0,
2006,2006-12-31,Haiti,97,HT,1438,36,1674,79,1401,129,1265,369,150,119,100,164,129,76,645,515,CONCACAF,0,
2006,2006-12-31,Algeria,101,DZ,1412,18,1774,44,1626,103,1395,466,177,178,111,180,149,137,636,497,CAF,0,
2006,2006-12-31,Cape Verde,123,CV,1324,103,1391,129,1246,146,1172,104,37,34,33,31,52,21,89,132,CAF,0,
2006,2006-12-31,Curaçao,172,CW,1112,26,1618,85,1418,173,1112,359,123,132,104,152,118,89,644,576,CONCACAF,0,
2007,2007-12-31,Brazil,1,BR,2077,1,2195,5,1983,20,1805,825,296,271,258,511,139,175,1800,791,CONMEBOL,0,
2007,2007-12-31,Argentina,3,AR,2012,1,2159,5,1981,26,1751,870,310,341,219,458,194,218,1648,955,CONMEBOL,0,
2007,2007-12-31,France,4,FR,2011,1,2135,18,1762,40,1514,701,354,267,80,330,227,144,1266,1072,UEFA,0,
2007,2007-12-31,Spain,5,ES,1964,1,2046,8,1922,19,1805,538,254,214,70,289,112,137,1024,522,UEFA,0,
2007,2007-12-31,Netherlands,6,NL,1946,1,2109,17,1823,55,1552,678,328,274,76,331,198,149,1404,931,UEFA,0,
2007,2007-12-31,Czechia,7,CZ,1943,1,2032,11,1870,26,1686,685,277,332,76,335,197,153,1316,870,UEFA,0,
2007,2007-12-31,Germany,7,DE,1943,1,2146,8,1893,25,1637,808,355,336,117,461,180,167,1801,979,UEFA,0,
2007,2007-12-31,England,9,EN,1909,1,2213,4,1986,17,1810,940,401,456,83,546,180,214,2262,956,UEFA,0,
2007,2007-12-31,Croatia,11,HR,1894,5,2008,12,1879,26,1783,185,77,80,28,93,38,54,327,189,UEFA,0,
2007,2007-12-31,Mexico,12,MX,1883,6,1958,21,1768,48,1498,701,231,200,270,353,184,164,1285,752,CONCACAF,1,
2007,2007-12-31,Portugal,13,PT,1879,2,2018,21,1765,41,1623,465,223,187,55,209,148,108,745,589,UEFA,0,
2007,2007-12-31,Paraguay,14,PY,1844,5,1956,22,1756,43,1618,584,157,270,157,216,221,147,795,859,CONMEBOL,0,
2007,2007-12-31,Colombia,15,CO,1838,5,1944,58,1545,102,1304,435,136,155,144,159,155,121,526,560,CONMEBOL,0,
2007,2007-12-31,Turkey,18,TR,1814,9,1899,46,1576,77,1358,460,198,215,47,158,193,109,609,726,UEFA,0,
2007,2007-12-31,Switzerland,19,CH,1807,9,1918,28,1662,56,1485,692,332,313,47,221,324,147,993,1274,UEFA,0,
2007,2007-12-31,Sweden,20,SE,1798,2,2013,15,1795,45,1579,893,396,407,90,435,262,196,1868,1240,UEFA,0,
2007,2007-12-31,Uruguay,21,UY,1796,1,2104,12,1871,44,1636,798,276,337,185,340,267,191,1260,1037,CONMEBOL,0,
2007,2007-12-31,Iran,23,IR,1789,13,1841,43,1630,79,1450,432,146,117,169,238,96,98,831,365,AFC,0,
2007,2007-12-31,Japan,26,JP,1778,9,1887,69,1403,114,1126,569,202,151,216,249,202,118,962,753,AFC,0,
2007,2007-12-31,Norway,27,NO,1772,6,1944,38,1606,85,1364,706,335,327,44,250,297,159,1092,1244,UEFA,0,
2007,2007-12-31,Ghana,29,GH,1760,10,1877,39,1655,101,1424,555,187,226,142,272,145,138,931,602,CAF,0,
2007,2007-12-31,Scotland,30,SQ,1759,1,2104,11,1900,63,1598,696,322,335,39,337,204,155,1262,857,UEFA,0,
2007,2007-12-31,United States,30,US,1759,11,1890,43,1620,92,1412,521,281,181,59,204,202,115,700,749,CONCACAF,1,
2007,2007-12-31,Ivory Coast,32,CI,1756,20,1788,46,1623,76,1476,466,180,175,111,222,125,119,742,502,CAF,0,
2007,2007-12-31,Australia,38,AU,1728,11,1875,35,1656,77,1469,428,205,149,74,215,128,85,924,525,AFC,0,
2007,2007-12-31,Egypt,40,EG,1699,12,1872,35,1661,70,1528,644,260,221,163,307,166,171,1132,723,CAF,0,
2007,2007-12-31,Morocco,42,MA,1686,19,1808,40,1657,67,1527,510,209,178,123,238,126,146,732,475,CAF,0,
2007,2007-12-31,Ecuador,43,EC,1673,21,1805,75,1451,121,1183,395,127,140,128,106,192,97,447,685,CONMEBOL,0,
2007,2007-12-31,South Korea,45,KR,1665,16,1845,36,1669,84,1445,791,243,197,351,433,163,195,1484,722,AFC,0,
2007,2007-12-31,Senegal,48,SN,1653,21,1808,60,1561,107,1387,500,170,193,137,204,160,136,639,515,CAF,0,
2007,2007-12-31,Saudi Arabia,50,SA,1650,29,1736,79,1472,125,1253,566,225,92,249,277,160,129,917,618,AFC,0,
2007,2007-12-31,Iraq,51,IQ,1643,24,1740,42,1636,81,1500,487,96,151,240,247,109,131,884,439,AFC,0,
2007,2007-12-31,Belgium,52,BE,1640,4,1961,24,1735,57,1503,669,323,297,49,267,259,143,1153,1152,UEFA,0,
2007,2007-12-31,Tunisia,54,TN,1633,24,1757,44,1617,80,1438,546,254,186,106,221,174,151,772,637,CAF,0,
2007,2007-12-31,Canada,57,CA,1625,25,1733,47,1595,74,1471,297,104,139,54,105,126,66,321,427,CONCACAF,1,
2007,2007-12-31,Austria,59,AT,1598,1,2070,17,1828,61,1592,679,324,316,39,281,248,150,1255,1100,UEFA,0,
2007,2007-12-31,Panama,65,PA,1569,54,1587,112,1289,143,1155,323,112,123,88,86,159,78,379,590,CONCACAF,0,
2007,2007-12-31,Uzbekistan,69,UZ,1557,25,1766,60,1583,93,1428,147,45,54,48,71,46,30,311,189,AFC,0,
2007,2007-12-31,Haiti,72,HT,1545,36,1674,79,1403,129,1265,386,151,125,110,174,132,80,672,527,CONCACAF,0,
2007,2007-12-31,New Zealand,73,NZ,1542,29,1642,64,1492,102,1334,312,110,136,66,132,128,52,583,495,OFC,0,
2007,2007-12-31,Bosnia and Herzegovina,74,BA,1541,46,1638,59,1587,75,1500,103,41,53,9,34,45,24,130,153,UEFA,0,
2007,2007-12-31,Jordan,81,JO,1517,40,1676,123,1253,153,1095,308,105,110,93,99,129,80,344,415,AFC,0,
2007,2007-12-31,South Africa,88,ZA,1484,7,1847,25,1734,99,1448,258,112,99,47,112,86,60,367,328,CAF,0,
2007,2007-12-31,Qatar,90,QA,1468,54,1612,103,1349,164,964,395,166,87,142,159,133,103,551,474,AFC,0,
2007,2007-12-31,DR Congo,94,CD,1448,20,1782,55,1576,107,1403,367,120,165,82,154,116,97,592,457,CAF,0,
2007,2007-12-31,Algeria,105,DZ,1401,18,1774,44,1623,110,1386,474,180,180,114,183,153,138,649,512,CAF,0,
2007,2007-12-31,Cape Verde,131,CV,1303,103,1391,129,1247,146,1172,110,39,37,34,31,54,25,92,141,CAF,0,
2007,2007-12-31,Curaçao,174,CW,1112,26,1618,86,1414,174,1112,359,123,132,104,152,118,89,644,576,CONCACAF,0,
2008,2008-12-31,Spain,1,ES,2100,1,2100,8,1924,19,1805,554,261,217,76,304,112,138,1057,527,UEFA,0,
2008,2008-12-31,Netherlands,2,NL,2027,1,2109,16,1824,55,1552,693,334,279,80,342,200,151,1437,944,UEFA,0,
2008,2008-12-31,Brazil,3,BR,2017,1,2195,5,1984,20,1805,836,300,275,261,517,141,178,1818,799,CONMEBOL,0,
2008,2008-12-31,England,5,EN,1987,1,2213,4,1985,17,1810,950,405,461,84,554,181,215,2287,964,UEFA,0,
2008,2008-12-31,Argentina,6,AR,1974,1,2159,5,1981,26,1751,882,313,348,221,463,195,224,1665,961,CONMEBOL,0,
2008,2008-12-31,Germany,7,DE,1966,1,2146,8,1894,25,1637,824,361,341,122,472,183,169,1837,995,UEFA,0,
2008,2008-12-31,France,8,FR,1892,1,2135,17,1764,40,1514,715,361,271,83,336,231,148,1282,1088,UEFA,0,
2008,2008-12-31,Croatia,9,HR,1882,5,2008,12,1879,26,1783,198,82,85,31,100,40,58,346,202,UEFA,0,
2008,2008-12-31,Paraguay,11,PY,1854,5,1956,22,1757,43,1618,597,160,278,159,221,224,152,807,871,CONMEBOL,0,
2008,2008-12-31,Czechia,12,CZ,1846,1,2032,11,1870,26,1686,697,280,338,79,340,201,156,1333,884,UEFA,0,
2008,2008-12-31,Mexico,13,MX,1834,6,1958,20,1769,48,1498,716,235,204,277,362,188,166,1315,767,CONCACAF,1,
2008,2008-12-31,Uruguay,15,UY,1831,1,2104,13,1871,44,1636,809,280,343,186,344,268,197,1281,1049,CONMEBOL,0,
2008,2008-12-31,Turkey,16,TR,1830,9,1899,45,1579,77,1358,476,202,220,54,166,196,114,634,744,UEFA,0,
2008,2008-12-31,Portugal,18,PT,1822,2,2018,21,1766,41,1623,478,227,191,60,214,154,110,769,609,UEFA,0,
2008,2008-12-31,United States,19,US,1804,11,1890,43,1622,92,1412,535,288,188,59,213,205,117,730,757,CONCACAF,1,
2008,2008-12-31,Switzerland,21,CH,1792,9,1918,28,1663,56,1485,705,342,316,47,228,329,148,1014,1290,UEFA,0,
2008,2008-12-31,Iran,24,IR,1773,13,1841,43,1632,79,1450,453,157,125,171,250,98,105,862,376,AFC,0,
2008,2008-12-31,Japan,24,JP,1773,9,1887,68,1407,114,1126,588,213,157,218,259,204,125,993,766,AFC,0,
2008,2008-12-31,Egypt,29,EG,1767,12,1872,35,1662,70,1528,662,266,225,171,320,169,173,1172,740,CAF,0,
2008,2008-12-31,Sweden,30,SE,1758,2,2013,15,1795,45,1579,907,401,412,94,439,269,199,1878,1255,UEFA,0,
2008,2008-12-31,Australia,31,AU,1755,11,1875,35,1657,77,1469,441,210,155,76,223,130,88,942,531,AFC,0,
2008,2008-12-31,Colombia,33,CO,1747,5,1944,57,1549,102,1304,448,140,161,147,161,162,125,536,576,CONMEBOL,0,
2008,2008-12-31,South Korea,37,KR,1725,16,1845,36,1669,84,1445,807,250,202,355,441,164,202,1511,733,AFC,0,
2008,2008-12-31,Scotland,39,SQ,1720,1,2104,11,1899,63,1598,703,326,338,39,338,207,158,1266,864,UEFA,0,
2008,2008-12-31,Ivory Coast,40,CI,1709,15,1839,46,1625,76,1476,484,183,182,119,231,129,124,775,520,CAF,0,
2008,2008-12-31,Norway,41,NO,1707,6,1944,38,1607,85,1364,714,339,331,44,250,301,163,1098,1257,UEFA,0,
2008,2008-12-31,Ecuador,42,EC,1703,21,1805,74,1455,121,1183,407,131,145,131,111,196,100,459,697,CONMEBOL,0,
2008,2008-12-31,Ghana,44,GH,1695,10,1877,39,1656,101,1424,572,197,231,144,281,151,140,956,618,CAF,0,
2008,2008-12-31,Morocco,47,MA,1661,19,1808,40,1658,67,1527,524,216,183,125,248,129,147,767,489,CAF,0,
2008,2008-12-31,Saudi Arabia,50,SA,1648,29,1736,79,1475,125,1253,584,238,96,250,289,163,132,948,633,AFC,0,
2008,2008-12-31,Belgium,52,BE,1631,4,1961,24,1734,57,1503,677,327,301,49,269,263,145,1163,1167,UEFA,0,
2008,2008-12-31,Tunisia,56,TN,1615,24,1757,45,1617,80,1438,562,260,191,111,228,178,156,796,652,CAF,0,
2008,2008-12-31,Iraq,59,IQ,1596,24,1740,42,1636,81,1500,499,96,159,244,250,114,135,894,452,AFC,0,
2008,2008-12-31,Bosnia and Herzegovina,62,BA,1576,46,1638,60,1584,81,1500,112,46,57,9,38,49,25,150,167,UEFA,0,
2008,2008-12-31,Canada,64,CA,1566,25,1733,47,1596,74,1471,309,108,145,56,108,132,69,339,448,CONCACAF,1,
2008,2008-12-31,Austria,65,AT,1565,1,2070,17,1825,66,1565,693,335,318,40,284,255,154,1278,1126,UEFA,0,
2008,2008-12-31,Uzbekistan,69,UZ,1553,25,1766,60,1583,93,1428,160,51,61,48,77,51,32,331,207,AFC,0,
2008,2008-12-31,Panama,71,PA,1545,54,1590,111,1293,143,1155,329,113,126,90,88,161,80,384,596,CONCACAF,0,
2008,2008-12-31,Senegal,72,SN,1543,21,1808,60,1561,107,1387,513,174,198,141,208,163,142,657,531,CAF,0,
2008,2008-12-31,South Africa,75,ZA,1533,7,1847,26,1732,99,1448,280,127,102,51,125,91,64,399,347,CAF,0,
2008,2008-12-31,New Zealand,82,NZ,1520,29,1642,64,1493,102,1334,315,111,138,66,134,129,52,589,498,OFC,0,
2008,2008-12-31,Jordan,83,JO,1518,40,1676,122,1257,153,1095,328,111,120,97,105,139,84,367,440,AFC,0,
2008,2008-12-31,Qatar,86,QA,1510,54,1612,103,1353,164,964,420,182,93,145,169,142,109,582,509,AFC,0,
2008,2008-12-31,Algeria,96,DZ,1438,18,1774,45,1621,110,1386,483,183,183,117,187,155,141,659,518,CAF,0,
2008,2008-12-31,DR Congo,99,CD,1432,20,1782,56,1574,107,1403,377,124,168,85,158,119,100,609,465,CAF,0,
2008,2008-12-31,Haiti,105,HT,1414,36,1674,79,1404,129,1265,408,158,137,113,179,141,88,689,556,CONCACAF,0,
2008,2008-12-31,Cape Verde,126,CV,1320,103,1391,129,1249,146,1172,118,42,41,35,35,57,26,101,150,CAF,0,
2008,2008-12-31,Curaçao,168,CW,1145,26,1618,87,1411,174,1112,371,129,136,106,156,124,91,654,592,CONCACAF,0,
2009,2009-12-31,Brazil,1,BR,2103,1,2195,5,1985,20,1805,853,304,282,267,531,142,180,1856,811,CONMEBOL,0,
2009,2009-12-31,Spain,2,ES,2094,1,2132,8,1925,19,1805,570,266,225,79,319,113,138,1104,539,UEFA,0,
2009,2009-12-31,Netherlands,3,NL,2031,1,2109,16,1826,55,1552,704,340,284,80,348,200,156,1455,948,UEFA,0,
2009,2009-12-31,England,4,EN,1985,1,2213,4,1985,17,1810,961,411,465,85,561,184,216,2315,973,UEFA,0,
2009,2009-12-31,Germany,5,DE,1961,1,2146,8,1894,25,1637,835,367,346,122,479,184,172,1863,1002,UEFA,0,
2009,2009-12-31,Argentina,7,AR,1897,1,2159,5,1981,26,1751,895,319,355,221,471,200,224,1686,979,CONMEBOL,0,
2009,2009-12-31,France,8,FR,1890,1,2135,17,1765,40,1514,727,369,275,83,343,233,151,1298,1095,UEFA,0,
2009,2009-12-31,Mexico,8,MX,1890,6,1958,20,1770,48,1498,737,240,210,287,374,193,170,1358,785,CONCACAF,1,
2009,2009-12-31,Croatia,10,HR,1888,5,2008,12,1880,26,1783,207,86,90,31,107,41,59,367,214,UEFA,0,
2009,2009-12-31,Portugal,12,PT,1874,2,2018,21,1767,41,1623,490,232,197,61,223,154,113,788,611,UEFA,0,
2009,2009-12-31,Uruguay,15,UY,1814,1,2104,13,1870,44,1636,821,285,350,186,349,272,200,1295,1063,CONMEBOL,0,
2009,2009-12-31,United States,17,US,1802,9,1890,42,1624,92,1412,559,300,195,64,226,213,120,773,793,CONCACAF,1,
2009,2009-12-31,Switzerland,18,CH,1792,9,1918,28,1664,56,1485,714,348,319,47,232,330,152,1026,1294,UEFA,0,
2009,2009-12-31,Japan,19,JP,1788,9,1887,68,1411,114,1126,605,223,163,219,270,207,128,1033,778,AFC,0,
2009,2009-12-31,Australia,20,AU,1787,11,1875,35,1658,77,1469,453,216,161,76,229,132,92,955,537,AFC,0,
2009,2009-12-31,Turkey,21,TR,1784,9,1899,45,1582,77,1358,486,207,225,54,170,200,116,648,754,UEFA,0,
2009,2009-12-31,Sweden,26,SE,1771,2,2013,16,1795,45,1579,920,405,420,95,446,274,200,1895,1265,UEFA,0,
2009,2009-12-31,Paraguay,28,PY,1760,5,1956,22,1757,43,1618,610,164,286,160,225,231,154,815,886,CONMEBOL,0,
2009,2009-12-31,Ivory Coast,28,CI,1760,15,1839,46,1627,76,1476,495,188,188,119,238,129,128,801,528,CAF,0,
2009,2009-12-31,Colombia,30,CO,1759,5,1944,57,1551,102,1304,460,145,165,150,168,167,125,553,590,CONMEBOL,0,
2009,2009-12-31,South Korea,32,KR,1749,16,1845,36,1670,84,1445,821,257,205,359,447,165,209,1527,741,AFC,0,
2009,2009-12-31,Norway,33,NO,1747,6,1944,38,1608,85,1364,724,343,337,44,256,303,165,1112,1265,UEFA,0,
2009,2009-12-31,Czechia,35,CZ,1746,1,2032,11,1870,35,1686,708,286,342,80,344,203,161,1349,891,UEFA,0,
2009,2009-12-31,Ecuador,37,EC,1722,21,1805,74,1459,121,1183,417,135,149,133,114,200,103,470,709,CONMEBOL,0,
2009,2009-12-31,Egypt,41,EG,1696,12,1872,35,1663,70,1528,679,275,229,175,329,173,177,1202,759,CAF,0,
2009,2009-12-31,Ghana,42,GH,1686,10,1877,39,1657,101,1424,584,201,237,146,287,154,143,976,631,CAF,0,
2009,2009-12-31,Saudi Arabia,43,SA,1681,29,1736,78,1479,125,1253,605,245,105,255,299,166,140,979,648,AFC,0,
2009,2009-12-31,Scotland,46,SQ,1670,1,2104,11,1898,63,1598,710,329,342,39,340,212,158,1270,878,UEFA,0,
2009,2009-12-31,Bosnia and Herzegovina,49,BA,1642,45,1672,60,1586,81,1500,123,51,62,10,43,53,27,167,182,UEFA,0,
2009,2009-12-31,Iran,50,IR,1634,13,1841,43,1634,79,1450,475,167,136,172,258,104,113,890,397,AFC,0,
2009,2009-12-31,Tunisia,52,TN,1622,24,1757,45,1617,80,1438,572,267,194,111,232,180,160,808,658,CAF,0,
2009,2009-12-31,Canada,56,CA,1606,25,1733,47,1596,74,1471,317,108,148,61,112,135,70,347,455,CONCACAF,1,
2009,2009-12-31,Austria,60,AT,1587,1,2070,18,1823,71,1554,702,341,321,40,287,260,155,1288,1143,UEFA,0,
2009,2009-12-31,Belgium,62,BE,1585,4,1961,25,1732,71,1503,689,331,307,51,273,270,146,1178,1190,UEFA,0,
2009,2009-12-31,Algeria,65,DZ,1580,18,1774,46,1619,110,1386,492,188,186,118,194,156,142,672,523,CAF,0,
2009,2009-12-31,Morocco,69,MA,1568,19,1808,41,1657,70,1527,533,221,186,126,249,132,152,773,498,CAF,0,
2009,2009-12-31,Iraq,72,IQ,1557,24,1740,43,1634,83,1500,513,98,165,250,254,119,140,907,465,AFC,0,
2009,2009-12-31,Panama,74,PA,1550,54,1590,110,1297,143,1155,343,114,132,97,92,168,83,401,614,CONCACAF,0,
2009,2009-12-31,Uzbekistan,75,UZ,1546,25,1766,61,1581,93,1428,171,57,65,49,81,55,35,343,215,AFC,0,
2009,2009-12-31,Senegal,77,SN,1544,21,1808,60,1561,107,1387,519,174,202,143,209,165,145,661,538,CAF,0,
2009,2009-12-31,Qatar,82,QA,1531,54,1612,102,1357,164,964,440,189,100,151,176,149,115,602,532,AFC,0,
2009,2009-12-31,New Zealand,83,NZ,1523,29,1642,64,1493,102,1334,325,112,144,69,136,134,55,598,515,OFC,0,
2009,2009-12-31,South Africa,85,ZA,1519,7,1847,26,1730,99,1448,303,141,108,54,132,103,68,415,370,CAF,0,
2009,2009-12-31,Jordan,94,JO,1463,40,1676,121,1261,153,1095,339,116,125,98,107,145,87,376,457,AFC,0,
2009,2009-12-31,Haiti,104,HT,1429,36,1674,79,1404,129,1265,419,160,140,119,180,147,92,697,575,CONCACAF,0,
2009,2009-12-31,DR Congo,105,CD,1423,20,1782,56,1572,107,1403,381,124,170,87,159,121,101,614,473,CAF,0,
2009,2009-12-31,Cape Verde,118,CV,1361,103,1391,129,1251,146,1172,122,43,42,37,38,57,27,110,151,CAF,0,
2009,2009-12-31,Curaçao,175,CW,1123,26,1618,88,1408,175,1112,374,129,137,108,156,126,92,656,598,CONCACAF,0,
2010,2010-12-31,Spain,1,ES,2115,1,2164,8,1928,19,1805,587,268,231,88,332,116,139,1136,555,UEFA,0,
2010,2010-12-31,Netherlands,2,NL,2104,1,2126,16,1829,55,1552,721,346,287,88,363,201,157,1495,961,UEFA,0,
2010,2010-12-31,Brazil,3,BR,2095,1,2195,5,1986,20,1805,865,304,285,276,540,144,181,1882,817,CONMEBOL,0,
2010,2010-12-31,Germany,4,DE,2067,1,2146,8,1896,25,1637,852,372,351,129,491,187,174,1903,1012,UEFA,0,
2010,2010-12-31,Argentina,5,AR,1993,1,2159,5,1980,26,1751,909,324,358,227,483,202,224,1717,990,CONMEBOL,0,
2010,2010-12-31,England,6,EN,1924,1,2213,4,1985,17,1810,973,417,466,90,568,186,219,2336,985,UEFA,0,
2010,2010-12-31,Croatia,7,HR,1912,5,2008,12,1880,26,1783,217,90,96,31,114,41,62,382,217,UEFA,0,
2010,2010-12-31,Portugal,8,PT,1898,2,2018,21,1768,41,1623,503,238,199,66,230,156,117,817,620,UEFA,0,
2010,2010-12-31,Uruguay,10,UY,1891,1,2104,13,1870,44,1636,834,286,355,193,357,275,202,1326,1076,CONMEBOL,0,
2010,2010-12-31,Mexico,11,MX,1845,6,1958,20,1771,48,1498,757,246,212,299,384,198,175,1388,803,CONCACAF,1,
2010,2010-12-31,Sweden,14,SE,1811,2,2013,16,1795,45,1579,930,410,425,95,453,275,202,1915,1272,UEFA,0,
2010,2010-12-31,Norway,15,NO,1808,6,1944,37,1610,85,1364,733,347,342,44,263,305,165,1125,1273,UEFA,0,
2010,2010-12-31,France,17,FR,1802,1,2135,17,1765,40,1514,740,374,280,86,348,239,153,1311,1108,UEFA,0,
2010,2010-12-31,Japan,18,JP,1785,9,1887,67,1415,114,1126,624,233,165,226,278,213,133,1051,795,AFC,0,
2010,2010-12-31,Paraguay,19,PY,1784,5,1956,22,1758,43,1618,626,166,292,168,231,235,160,837,896,CONMEBOL,0,
2010,2010-12-31,Egypt,20,EG,1777,12,1872,35,1665,70,1528,692,278,232,182,338,176,178,1230,771,CAF,0,
2010,2010-12-31,Turkey,20,TR,1777,9,1899,45,1584,77,1358,496,210,230,56,176,204,116,663,764,UEFA,0,
2010,2010-12-31,Australia,22,AU,1774,11,1875,35,1659,77,1469,466,219,166,81,235,136,95,968,555,AFC,0,
2010,2010-12-31,United States,23,US,1767,9,1890,42,1625,92,1412,573,307,197,69,231,218,124,792,814,CONCACAF,1,
2010,2010-12-31,Colombia,24,CO,1763,5,1944,57,1554,102,1304,468,146,170,152,170,169,129,560,596,CONMEBOL,0,
2010,2010-12-31,Switzerland,25,CH,1753,9,1918,28,1665,56,1485,726,355,321,50,235,335,156,1037,1307,UEFA,0,
2010,2010-12-31,Ghana,27,GH,1741,10,1877,39,1658,101,1424,602,202,242,158,294,160,148,991,646,CAF,0,
2010,2010-12-31,Czechia,28,CZ,1740,1,2032,11,1868,35,1686,716,289,346,81,348,206,162,1361,898,UEFA,0,
2010,2010-12-31,South Korea,28,KR,1740,16,1845,36,1671,84,1445,840,261,207,372,457,172,211,1555,761,AFC,0,
2010,2010-12-31,Ecuador,33,EC,1727,21,1805,73,1462,121,1183,424,136,152,136,116,203,105,478,717,CONMEBOL,0,
2010,2010-12-31,Ivory Coast,35,CI,1712,15,1839,45,1629,76,1476,516,189,192,135,250,135,131,830,545,CAF,0,
2010,2010-12-31,Iran,39,IR,1693,13,1841,43,1634,79,1450,487,168,141,178,266,106,115,909,407,AFC,0,
2010,2010-12-31,Saudi Arabia,46,SA,1659,29,1736,77,1483,125,1253,621,248,107,266,306,170,145,996,656,AFC,0,
2010,2010-12-31,Scotland,47,SQ,1657,1,2104,11,1896,63,1598,717,333,345,39,343,215,159,1278,886,UEFA,0,
2010,2010-12-31,Bosnia and Herzegovina,55,BA,1628,45,1672,59,1589,81,1500,132,54,67,11,46,56,30,182,198,UEFA,0,
2010,2010-12-31,Belgium,57,BE,1618,4,1961,25,1731,71,1503,697,335,311,51,276,274,147,1190,1201,UEFA,0,
2010,2010-12-31,South Africa,58,ZA,1607,7,1847,27,1729,99,1448,321,155,110,56,142,105,74,447,382,CAF,0,
2010,2010-12-31,Austria,59,AT,1604,1,2070,18,1821,71,1554,709,347,322,40,290,263,156,1300,1152,UEFA,0,
2010,2010-12-31,Canada,60,CA,1599,25,1733,47,1596,74,1471,323,110,152,61,113,138,72,352,467,CONCACAF,1,
2010,2010-12-31,Iraq,62,IQ,1589,24,1740,43,1633,83,1500,528,99,169,260,262,122,144,929,481,AFC,0,
2010,2010-12-31,Panama,64,PA,1586,54,1605,110,1301,143,1155,353,121,135,97,98,171,84,417,625,CONCACAF,0,
2010,2010-12-31,Senegal,66,SN,1578,21,1808,60,1561,107,1387,527,176,206,145,214,168,145,678,548,CAF,0,
2010,2010-12-31,Tunisia,68,TN,1574,24,1757,45,1617,80,1438,583,271,198,114,235,183,165,826,672,CAF,0,
2010,2010-12-31,New Zealand,69,NZ,1570,29,1642,64,1493,102,1334,335,114,146,75,137,139,59,604,529,OFC,0,
2010,2010-12-31,Morocco,70,MA,1568,19,1808,41,1655,78,1527,537,223,188,126,251,132,154,777,500,CAF,0,
2010,2010-12-31,Qatar,83,QA,1520,54,1612,102,1361,164,964,454,198,103,153,179,154,121,614,547,AFC,0,
2010,2010-12-31,Uzbekistan,85,UZ,1507,25,1766,62,1577,93,1428,178,58,70,50,82,59,37,352,230,AFC,0,
2010,2010-12-31,Jordan,94,JO,1471,40,1676,121,1265,153,1095,348,123,126,99,110,147,91,388,466,AFC,0,
2010,2010-12-31,Algeria,98,DZ,1461,18,1774,46,1618,110,1386,509,192,190,127,198,165,146,682,547,CAF,0,
2010,2010-12-31,Haiti,106,HT,1433,36,1674,80,1405,129,1265,425,160,144,121,182,149,94,701,584,CONCACAF,0,
2010,2010-12-31,Cape Verde,111,CV,1400,103,1400,129,1253,146,1172,127,44,45,38,40,58,29,113,153,CAF,0,
2010,2010-12-31,DR Congo,113,CD,1392,20,1782,57,1569,114,1387,387,125,173,89,159,126,102,623,494,CAF,0,
2010,2010-12-31,Curaçao,174,CW,1121,26,1618,89,1405,175,1112,380,132,138,110,158,128,94,670,607,CONCACAF,0,
2011,2011-12-31,Spain,1,ES,2116,1,2164,8,1930,19,1805,599,272,238,89,341,118,140,1166,565,UEFA,0,
2011,2011-12-31,Germany,2,DE,2082,1,2146,8,1897,25,1637,865,380,356,129,500,188,177,1939,1029,UEFA,0,
2011,2011-12-31,Netherlands,3,NL,2067,1,2126,16,1831,55,1552,732,351,293,88,369,203,160,1524,972,UEFA,0,
2011,2011-12-31,Brazil,4,BR,2064,1,2195,5,1987,20,1805,881,307,291,283,549,146,186,1903,826,CONMEBOL,0,
2011,2011-12-31,Uruguay,5,UY,1992,1,2104,13,1871,44,1636,850,290,362,198,366,277,207,1356,1091,CONMEBOL,0,
2011,2011-12-31,England,6,EN,1955,1,2213,4,1985,17,1810,982,422,470,90,574,186,222,2351,991,UEFA,0,
2011,2011-12-31,Argentina,7,AR,1915,1,2159,5,1980,26,1751,930,335,365,230,492,206,232,1752,1012,CONMEBOL,0,
2011,2011-12-31,Portugal,8,PT,1901,2,2018,21,1770,41,1623,513,244,202,67,236,158,119,843,630,UEFA,0,
2011,2011-12-31,Croatia,9,HR,1890,5,2008,11,1881,26,1783,228,95,102,31,120,43,65,399,225,UEFA,0,
2011,2011-12-31,Mexico,12,MX,1864,5,1958,20,1772,48,1498,776,248,215,313,395,202,179,1427,818,CONCACAF,1,
2011,2011-12-31,Sweden,13,SE,1860,2,2013,16,1795,45,1579,943,413,433,97,462,278,203,1943,1284,UEFA,0,
2011,2011-12-31,France,14,FR,1839,1,2135,17,1766,40,1514,753,381,286,86,355,239,159,1328,1113,UEFA,0,
2011,2011-12-31,Australia,16,AU,1817,11,1875,35,1661,77,1469,483,224,172,87,247,138,98,1002,562,AFC,0,
2011,2011-12-31,Japan,19,JP,1801,9,1887,67,1419,114,1126,639,239,169,231,287,214,138,1083,803,AFC,0,
2011,2011-12-31,Czechia,20,CZ,1794,1,2032,11,1867,35,1686,728,293,353,82,353,210,165,1379,912,UEFA,0,
2011,2011-12-31,Paraguay,21,PY,1783,5,1956,22,1758,43,1618,646,171,300,175,237,241,168,860,920,CONMEBOL,0,
2011,2011-12-31,Ecuador,23,EC,1778,21,1805,73,1466,121,1183,441,140,158,143,122,207,112,504,735,CONMEBOL,0,
2011,2011-12-31,Ghana,24,GH,1773,10,1877,39,1659,101,1424,612,204,246,162,300,162,150,1009,653,CAF,0,
2011,2011-12-31,South Korea,25,KR,1767,16,1845,36,1673,84,1445,857,267,212,378,467,174,216,1590,779,AFC,0,
2011,2011-12-31,Colombia,25,CO,1767,5,1944,56,1557,102,1304,480,148,173,159,176,173,131,573,605,CONMEBOL,0,
2011,2011-12-31,Switzerland,27,CH,1766,9,1918,28,1666,56,1485,735,357,328,50,239,336,160,1047,1313,UEFA,0,
2011,2011-12-31,Ivory Coast,29,CI,1761,15,1839,45,1631,76,1476,523,190,195,138,256,135,132,851,553,CAF,0,
2011,2011-12-31,Norway,30,NO,1754,6,1944,37,1612,85,1364,742,352,345,45,267,309,166,1135,1283,UEFA,0,
2011,2011-12-31,Iran,32,IR,1744,13,1841,43,1636,79,1450,502,173,145,184,278,107,117,945,412,AFC,0,
2011,2011-12-31,Turkey,32,TR,1744,9,1899,45,1586,77,1358,506,217,233,56,180,206,120,673,772,UEFA,0,
2011,2011-12-31,Egypt,34,EG,1720,12,1872,35,1666,70,1528,702,285,234,183,344,179,179,1251,779,CAF,0,
2011,2011-12-31,United States,36,US,1715,9,1890,42,1627,92,1412,590,321,200,69,237,226,127,808,834,CONCACAF,1,
2011,2011-12-31,Scotland,40,SQ,1702,1,2104,11,1895,63,1598,727,336,349,42,349,218,160,1293,897,UEFA,0,
2011,2011-12-31,Bosnia and Herzegovina,41,BA,1694,37,1706,59,1592,81,1500,143,60,71,12,51,59,33,197,211,UEFA,0,
2011,2011-12-31,Belgium,42,BE,1682,4,1961,25,1730,71,1503,708,341,316,51,281,275,152,1207,1210,UEFA,0,
2011,2011-12-31,Panama,45,PA,1666,45,1670,109,1305,143,1155,374,132,142,100,112,174,88,457,638,CONCACAF,0,
2011,2011-12-31,Uzbekistan,55,UZ,1620,25,1766,62,1577,93,1428,195,62,77,56,91,64,40,378,250,AFC,0,
2011,2011-12-31,Senegal,56,SN,1619,21,1808,60,1562,107,1387,534,180,208,146,219,169,146,690,551,CAF,0,
2011,2011-12-31,South Africa,59,ZA,1599,7,1847,27,1728,99,1448,330,160,114,56,146,107,77,457,387,CAF,0,
2011,2011-12-31,Canada,60,CA,1594,25,1733,47,1596,74,1471,335,114,157,64,119,140,76,375,474,CONCACAF,1,
2011,2011-12-31,Iraq,62,IQ,1586,24,1740,43,1632,83,1500,549,102,175,272,272,130,147,949,499,AFC,0,
2011,2011-12-31,Austria,66,AT,1578,1,2070,19,1819,73,1549,720,352,328,40,292,270,158,1313,1173,UEFA,0,
2011,2011-12-31,Tunisia,67,TN,1577,24,1757,45,1617,80,1438,591,275,202,114,239,185,167,844,680,CAF,0,
2011,2011-12-31,Jordan,70,JO,1566,40,1676,120,1269,153,1095,374,131,130,113,121,151,102,434,489,AFC,0,
2011,2011-12-31,Morocco,71,MA,1565,19,1808,42,1654,78,1527,545,228,191,126,255,134,156,790,504,CAF,0,
2011,2011-12-31,New Zealand,72,NZ,1564,29,1642,65,1494,102,1334,338,114,148,76,137,141,60,605,536,OFC,0,
2011,2011-12-31,Saudi Arabia,77,SA,1526,29,1736,77,1484,125,1253,637,253,111,273,309,176,152,1010,671,AFC,0,
2011,2011-12-31,Qatar,87,QA,1501,54,1612,101,1365,164,964,472,212,107,153,184,160,128,638,566,AFC,0,
2011,2011-12-31,Algeria,95,DZ,1479,18,1774,47,1616,110,1386,514,195,192,127,201,166,147,687,552,CAF,0,
2011,2011-12-31,DR Congo,102,CD,1423,20,1782,58,1567,114,1387,401,128,178,95,168,131,102,647,510,CAF,0,
2011,2011-12-31,Haiti,104,HT,1413,36,1674,80,1405,129,1265,432,163,148,121,186,151,95,722,591,CONCACAF,0,
2011,2011-12-31,Cape Verde,109,CV,1395,103,1423,129,1256,146,1172,132,46,47,39,43,60,29,120,160,CAF,0,
2011,2011-12-31,Curaçao,179,CW,1066,26,1618,90,1401,179,1065,392,135,146,111,160,136,96,688,631,CONCACAF,0,
2012,2012-12-31,Spain,1,ES,2148,1,2164,7,1932,19,1805,615,276,242,97,354,118,143,1208,570,UEFA,0,
2012,2012-12-31,Brazil,2,BR,2061,1,2195,5,1987,20,1805,894,310,294,290,558,149,187,1941,839,CONMEBOL,0,
2012,2012-12-31,Germany,3,DE,2051,1,2146,8,1899,25,1637,879,385,360,134,508,192,179,1971,1051,UEFA,0,
2012,2012-12-31,Argentina,4,AR,2014,1,2159,5,1980,26,1751,941,339,371,231,500,207,234,1778,1023,CONMEBOL,0,
2012,2012-12-31,Netherlands,5,NL,1996,1,2126,16,1833,55,1552,745,357,297,91,376,208,161,1553,987,UEFA,0,
2012,2012-12-31,England,6,EN,1952,1,2213,4,1984,17,1810,995,426,475,94,581,188,226,2376,1004,UEFA,0,
2012,2012-12-31,Mexico,7,MX,1915,5,1958,20,1774,48,1498,788,252,217,319,405,204,179,1451,825,CONCACAF,1,
2012,2012-12-31,Sweden,9,SE,1907,2,2013,15,1796,45,1579,956,419,437,100,471,281,204,1971,1303,UEFA,0,
2012,2012-12-31,Portugal,10,PT,1904,2,2018,21,1771,41,1623,527,249,206,72,242,161,124,860,642,UEFA,0,
2012,2012-12-31,Colombia,11,CO,1901,5,1944,56,1561,102,1304,489,152,176,161,183,174,132,596,609,CONMEBOL,0,
2012,2012-12-31,France,12,FR,1888,1,2135,17,1767,40,1514,767,387,291,89,363,242,162,1349,1125,UEFA,0,
2012,2012-12-31,Croatia,14,HR,1879,5,2008,11,1881,26,1783,239,100,105,34,125,46,68,416,239,UEFA,0,
2012,2012-12-31,Uruguay,15,UY,1855,1,2104,12,1871,44,1636,860,293,369,198,368,280,212,1368,1109,CONMEBOL,0,
2012,2012-12-31,Ecuador,16,EC,1850,15,1851,72,1470,121,1183,449,144,161,144,127,208,114,516,742,CONMEBOL,0,
2012,2012-12-31,Ivory Coast,17,CI,1835,15,1839,45,1634,76,1476,539,193,200,146,268,135,136,879,559,CAF,0,
2012,2012-12-31,Switzerland,18,CH,1830,9,1918,28,1667,56,1485,744,362,332,50,245,338,161,1066,1324,UEFA,0,
2012,2012-12-31,Japan,20,JP,1818,9,1887,66,1423,114,1126,651,247,172,232,295,216,140,1104,812,AFC,0,
2012,2012-12-31,Belgium,22,BE,1785,4,1961,25,1730,71,1503,717,345,321,51,285,277,155,1223,1219,UEFA,0,
2012,2012-12-31,Czechia,24,CZ,1774,1,2032,11,1867,35,1686,741,298,357,86,358,214,169,1393,924,UEFA,0,
2012,2012-12-31,Australia,25,AU,1773,11,1875,35,1662,77,1469,496,226,179,91,254,141,101,1035,575,AFC,0,
2012,2012-12-31,United States,26,US,1770,9,1890,42,1628,92,1412,604,327,208,69,246,228,130,831,847,CONCACAF,1,
2012,2012-12-31,South Korea,27,KR,1762,16,1845,36,1674,84,1445,866,272,215,379,472,177,217,1609,792,AFC,0,
2012,2012-12-31,Norway,28,NO,1758,6,1944,37,1613,85,1364,752,356,351,45,272,312,168,1150,1293,UEFA,0,
2012,2012-12-31,Bosnia and Herzegovina,30,BA,1746,30,1746,58,1598,81,1500,152,62,76,14,56,62,34,217,218,UEFA,0,
2012,2012-12-31,Paraguay,32,PY,1719,5,1956,22,1758,43,1618,657,177,304,176,243,245,169,875,935,CONMEBOL,0,
2012,2012-12-31,Turkey,37,TR,1701,9,1899,44,1588,77,1358,518,221,237,60,185,212,121,691,788,UEFA,0,
2012,2012-12-31,Panama,40,PA,1680,34,1714,108,1310,143,1155,387,139,148,100,118,179,90,469,650,CONCACAF,0,
2012,2012-12-31,Ghana,42,GH,1676,10,1877,39,1660,101,1424,627,206,251,170,307,166,154,1029,664,CAF,0,
2012,2012-12-31,Egypt,46,EG,1660,12,1872,35,1666,70,1528,725,288,240,197,357,182,186,1294,796,CAF,0,
2012,2012-12-31,Iran,47,IR,1657,13,1841,43,1637,79,1450,518,180,148,190,284,110,124,966,423,AFC,0,
2012,2012-12-31,Scotland,48,SQ,1655,1,2104,12,1893,63,1598,735,339,354,42,351,221,163,1302,910,UEFA,0,
2012,2012-12-31,Uzbekistan,48,UZ,1655,25,1766,62,1579,93,1428,208,65,87,56,96,69,43,392,264,AFC,0,
2012,2012-12-31,Austria,55,AT,1603,1,2070,19,1817,73,1549,728,359,329,40,296,272,160,1326,1181,UEFA,0,
2012,2012-12-31,Tunisia,58,TN,1600,24,1757,45,1616,80,1438,607,280,205,122,247,189,171,871,698,CAF,0,
2012,2012-12-31,Iraq,61,IQ,1591,24,1740,44,1632,83,1500,572,102,180,290,280,138,154,974,523,AFC,0,
2012,2012-12-31,Canada,63,CA,1584,25,1733,47,1596,74,1471,344,118,160,66,123,143,78,384,487,CONCACAF,1,
2012,2012-12-31,New Zealand,67,NZ,1572,29,1642,65,1495,102,1334,351,117,153,81,145,143,63,632,550,OFC,0,
2012,2012-12-31,South Africa,68,ZA,1565,7,1847,27,1726,99,1448,343,168,119,56,150,110,83,471,396,CAF,0,
2012,2012-12-31,Algeria,71,DZ,1560,18,1774,47,1615,110,1386,522,200,193,129,207,168,147,704,557,CAF,0,
2012,2012-12-31,Morocco,74,MA,1543,19,1808,42,1652,80,1524,561,234,194,133,261,140,160,815,520,CAF,0,
2012,2012-12-31,Senegal,81,SN,1522,21,1808,60,1561,107,1387,545,183,214,148,222,174,149,702,566,CAF,0,
2012,2012-12-31,Saudi Arabia,88,SA,1492,29,1736,77,1485,125,1253,650,260,113,277,313,182,155,1024,690,AFC,0,
2012,2012-12-31,Jordan,90,JO,1488,40,1676,119,1274,153,1095,390,137,136,117,125,159,106,451,514,AFC,0,
2012,2012-12-31,Qatar,94,QA,1476,54,1612,101,1368,164,964,485,220,110,155,187,165,133,649,582,AFC,0,
2012,2012-12-31,Haiti,96,HT,1460,36,1674,80,1405,129,1265,444,166,151,127,195,153,96,743,597,CONCACAF,0,
2012,2012-12-31,DR Congo,101,CD,1434,20,1782,59,1565,114,1387,411,131,183,97,172,134,105,663,516,CAF,0,
2012,2012-12-31,Cape Verde,103,CV,1425,101,1436,128,1259,146,1172,139,49,50,40,46,64,29,132,168,CAF,0,
2012,2012-12-31,Curaçao,187,CW,1015,26,1618,91,1398,188,1015,397,135,148,114,161,140,96,701,647,CONCACAF,0,
2013,2013-12-31,Brazil,1,BR,2132,1,2195,4,1988,20,1805,913,319,298,296,571,151,191,1990,854,CONMEBOL,0,
2013,2013-12-31,Spain,2,ES,2102,1,2164,7,1934,19,1805,632,279,248,105,366,120,146,1244,582,UEFA,0,
2013,2013-12-31,Germany,3,DE,2085,1,2146,8,1900,25,1637,891,389,367,135,517,193,181,2006,1066,UEFA,0,
2013,2013-12-31,Argentina,4,AR,2020,1,2159,5,1980,26,1751,953,342,378,233,507,208,238,1804,1034,CONMEBOL,0,
2013,2013-12-31,Netherlands,5,NL,2003,1,2126,16,1834,55,1552,757,362,303,92,383,208,166,1583,994,UEFA,0,
2013,2013-12-31,England,6,EN,1933,1,2213,4,1984,17,1810,1007,434,479,94,587,190,230,2403,1015,UEFA,0,
2013,2013-12-31,Colombia,6,CO,1933,5,1944,55,1565,102,1304,501,156,182,163,190,176,135,616,617,CONMEBOL,0,
2013,2013-12-31,Portugal,8,PT,1931,2,2018,20,1773,41,1623,539,255,210,74,249,163,127,883,657,UEFA,0,
2013,2013-12-31,Uruguay,9,UY,1918,1,2104,12,1871,44,1636,877,298,376,203,377,285,215,1402,1128,CONMEBOL,0,
2013,2013-12-31,France,12,FR,1880,1,2135,17,1768,40,1514,779,393,297,89,368,247,164,1369,1137,UEFA,0,
2013,2013-12-31,United States,13,US,1862,9,1890,42,1630,92,1412,627,342,216,69,262,232,133,882,870,CONCACAF,1,
2013,2013-12-31,Switzerland,14,CH,1851,9,1918,28,1669,56,1485,753,366,337,50,250,339,164,1078,1331,UEFA,0,
2013,2013-12-31,Ecuador,17,EC,1836,12,1882,71,1476,121,1183,462,149,166,147,131,213,118,536,759,CONMEBOL,0,
2013,2013-12-31,Belgium,18,BE,1834,4,1961,25,1731,71,1503,728,352,325,51,292,279,157,1241,1230,UEFA,0,
2013,2013-12-31,Sweden,19,SE,1826,2,2013,15,1797,45,1579,971,427,442,102,478,286,207,1995,1322,UEFA,0,
2013,2013-12-31,Croatia,21,HR,1805,5,2008,11,1880,26,1783,251,104,111,36,131,50,70,433,250,UEFA,0,
2013,2013-12-31,Mexico,22,MX,1796,5,1958,20,1774,48,1498,811,258,224,329,414,211,186,1484,850,CONCACAF,1,
2013,2013-12-31,Bosnia and Herzegovina,23,BA,1783,20,1806,56,1606,81,1500,161,66,80,15,62,65,34,238,228,UEFA,0,
2013,2013-12-31,Ivory Coast,24,CI,1774,15,1863,44,1636,76,1476,553,196,204,153,275,138,140,909,578,CAF,0,
2013,2013-12-31,Japan,25,JP,1764,9,1887,66,1427,114,1126,670,253,178,239,303,224,143,1137,845,AFC,0,
2013,2013-12-31,Czechia,26,CZ,1760,1,2032,11,1866,35,1686,751,302,363,86,363,217,171,1408,933,UEFA,0,
2013,2013-12-31,Iran,30,IR,1732,13,1841,43,1638,79,1450,527,183,154,190,291,111,125,988,429,AFC,0,
2013,2013-12-31,Australia,31,AU,1728,11,1875,34,1663,77,1469,508,230,183,95,258,146,104,1054,600,AFC,0,
2013,2013-12-31,Turkey,34,TR,1712,9,1899,44,1589,77,1358,530,228,240,62,191,215,124,711,801,UEFA,0,
2013,2013-12-31,Paraguay,38,PY,1701,5,1956,22,1757,43,1618,666,182,308,176,245,249,172,892,953,CONMEBOL,0,
2013,2013-12-31,Panama,39,PA,1699,28,1753,107,1315,143,1155,409,147,154,108,126,185,98,500,672,CONCACAF,0,
2013,2013-12-31,Scotland,40,SQ,1698,1,2104,12,1891,63,1598,745,344,359,42,356,225,164,1312,920,UEFA,0,
2013,2013-12-31,Ghana,41,GH,1697,10,1877,39,1660,101,1424,646,211,256,179,318,170,158,1070,685,CAF,0,
2013,2013-12-31,South Korea,42,KR,1686,16,1845,36,1675,84,1445,881,284,216,381,477,183,221,1625,810,AFC,0,
2013,2013-12-31,Egypt,46,EG,1668,12,1872,35,1666,70,1528,741,297,244,200,367,187,187,1333,821,CAF,0,
2013,2013-12-31,Austria,47,AT,1662,1,2070,19,1815,73,1549,738,364,334,40,301,276,161,1343,1193,UEFA,0,
2013,2013-12-31,Uzbekistan,49,UZ,1650,25,1766,62,1582,93,1428,220,70,93,57,102,71,47,411,272,AFC,0,
2013,2013-12-31,Norway,54,NO,1625,6,1944,37,1614,85,1364,765,362,357,46,275,319,171,1160,1310,UEFA,0,
2013,2013-12-31,Algeria,64,DZ,1583,18,1774,48,1614,110,1386,535,206,197,132,214,171,150,722,569,CAF,0,
2013,2013-12-31,South Africa,66,ZA,1573,7,1847,28,1725,99,1448,363,180,124,59,160,114,89,500,410,CAF,0,
2013,2013-12-31,Jordan,66,JO,1573,40,1676,119,1279,153,1095,409,150,139,120,135,161,113,477,530,AFC,0,
2013,2013-12-31,Senegal,68,SN,1568,21,1808,61,1561,107,1387,553,183,217,153,224,175,154,711,574,CAF,0,
2013,2013-12-31,New Zealand,72,NZ,1547,29,1642,65,1496,102,1334,358,119,157,82,148,146,64,640,562,OFC,0,
2013,2013-12-31,Morocco,75,MA,1530,19,1808,43,1650,86,1510,572,238,197,137,264,142,166,828,532,CAF,0,
2013,2013-12-31,Iraq,77,IQ,1520,24,1740,44,1631,85,1500,594,104,187,303,289,147,158,996,546,AFC,0,
2013,2013-12-31,Cape Verde,83,CV,1507,83,1507,127,1263,146,1172,149,51,53,45,50,66,33,144,178,CAF,0,
2013,2013-12-31,Tunisia,85,TN,1503,24,1757,46,1616,87,1438,620,284,208,128,250,193,177,886,718,CAF,0,
2013,2013-12-31,Qatar,86,QA,1501,54,1612,101,1370,164,964,509,236,115,158,200,172,137,689,605,AFC,0,
2013,2013-12-31,Canada,89,CA,1487,25,1733,48,1595,90,1471,356,119,163,74,123,152,81,385,502,CONCACAF,1,
2013,2013-12-31,Saudi Arabia,90,SA,1482,29,1736,78,1485,125,1253,663,264,117,282,319,187,157,1040,705,AFC,0,
2013,2013-12-31,DR Congo,99,CD,1447,20,1782,59,1563,114,1387,418,133,185,100,172,135,111,667,521,CAF,0,
2013,2013-12-31,Haiti,105,HT,1430,36,1674,81,1405,129,1265,454,166,156,132,196,161,97,751,619,CONCACAF,0,
2013,2013-12-31,Curaçao,188,CW,1011,26,1618,92,1393,188,1011,399,137,148,114,162,141,96,704,650,CONCACAF,0,
2014,2014-12-31,Germany,1,DE,2133,1,2222,8,1902,25,1637,908,397,370,141,528,195,185,2043,1081,UEFA,0,
2014,2014-12-31,Argentina,2,AR,2049,1,2159,5,1981,26,1751,968,344,381,243,517,211,240,1830,1044,CONMEBOL,0,
2014,2014-12-31,Brazil,3,BR,2041,1,2195,4,1989,20,1805,929,328,301,300,583,153,193,2025,869,CONMEBOL,0,
2014,2014-12-31,Netherlands,4,NL,2029,1,2153,16,1836,55,1552,774,368,308,98,392,213,169,1614,1011,UEFA,0,
2014,2014-12-31,Colombia,5,CO,2019,4,2034,54,1571,102,1304,514,156,184,174,199,178,137,641,626,CONMEBOL,0,
2014,2014-12-31,France,6,FR,1965,1,2135,17,1769,40,1514,794,401,299,94,378,248,168,1403,1144,UEFA,0,
2014,2014-12-31,Spain,8,ES,1952,1,2164,7,1935,19,1805,644,284,251,109,373,125,146,1266,594,UEFA,0,
2014,2014-12-31,England,9,EN,1923,1,2213,4,1984,17,1810,1020,439,482,99,595,192,233,2426,1023,UEFA,0,
2014,2014-12-31,Portugal,10,PT,1910,2,2018,20,1774,41,1623,551,259,212,80,256,166,129,902,669,UEFA,0,
2014,2014-12-31,Uruguay,11,UY,1907,1,2104,12,1872,44,1636,890,301,382,207,385,287,218,1422,1140,CONMEBOL,0,
2014,2014-12-31,Belgium,12,BE,1897,4,1961,25,1732,71,1503,742,359,327,56,302,280,160,1269,1238,UEFA,0,
2014,2014-12-31,Mexico,13,MX,1892,5,1958,20,1775,48,1498,828,261,228,339,423,215,190,1510,863,CONCACAF,1,
2014,2014-12-31,Ecuador,16,EC,1846,12,1882,71,1480,121,1183,473,149,168,156,135,216,122,557,774,CONMEBOL,0,
2014,2014-12-31,Croatia,17,HR,1824,5,2008,12,1878,26,1783,263,108,115,40,138,53,72,457,262,UEFA,0,
2014,2014-12-31,United States,19,US,1813,9,1890,41,1632,92,1412,642,349,218,75,268,237,137,902,890,CONCACAF,1,
2014,2014-12-31,Czechia,20,CZ,1804,1,2032,12,1865,35,1686,759,307,366,86,367,219,173,1423,945,UEFA,0,
2014,2014-12-31,Switzerland,21,CH,1791,9,1918,28,1670,56,1485,765,371,340,54,256,343,166,1100,1345,UEFA,0,
2014,2014-12-31,Sweden,23,SE,1783,2,2013,16,1797,45,1579,982,431,447,104,482,290,210,2007,1332,UEFA,0,
2014,2014-12-31,Japan,29,JP,1728,9,1887,66,1430,114,1126,683,260,178,245,310,228,145,1162,866,AFC,0,
2014,2014-12-31,Scotland,32,SQ,1722,1,2104,12,1890,63,1598,752,347,362,43,359,227,166,1321,929,UEFA,0,
2014,2014-12-31,Austria,33,AT,1714,1,2070,19,1814,73,1549,746,370,336,40,305,277,164,1353,1200,UEFA,0,
2014,2014-12-31,Panama,34,PA,1712,28,1753,106,1320,143,1155,419,149,158,112,130,188,101,513,684,CONCACAF,0,
2014,2014-12-31,Bosnia and Herzegovina,35,BA,1710,20,1806,55,1613,81,1500,172,69,82,21,66,70,36,250,241,UEFA,0,
2014,2014-12-31,Ivory Coast,36,CI,1688,15,1863,44,1638,76,1476,565,200,207,158,280,143,142,931,599,CAF,0,
2014,2014-12-31,Paraguay,37,PY,1684,5,1956,22,1757,43,1618,674,183,313,178,247,253,174,900,964,CONMEBOL,0,
2014,2014-12-31,Turkey,37,TR,1684,9,1899,44,1591,77,1358,541,232,246,63,197,219,125,731,818,UEFA,0,
2014,2014-12-31,Ghana,40,GH,1678,10,1877,39,1660,101,1424,658,214,260,184,322,175,161,1089,700,CAF,0,
2014,2014-12-31,Iran,42,IR,1673,13,1841,43,1638,79,1450,537,186,154,197,294,114,129,997,438,AFC,0,
2014,2014-12-31,Algeria,44,DZ,1672,18,1774,48,1614,110,1386,548,210,200,138,223,174,151,747,582,CAF,0,
2014,2014-12-31,Australia,49,AU,1652,11,1875,35,1663,77,1469,519,231,187,101,259,154,106,1065,622,AFC,0,
2014,2014-12-31,Uzbekistan,50,UZ,1649,25,1766,61,1584,93,1428,233,75,96,62,108,74,51,425,280,AFC,0,
2014,2014-12-31,Senegal,53,SN,1639,21,1808,61,1561,107,1387,563,186,221,156,229,176,158,726,580,CAF,0,
2014,2014-12-31,South Korea,54,KR,1633,16,1845,36,1675,84,1445,896,289,220,387,482,192,222,1638,833,AFC,0,
2014,2014-12-31,South Africa,55,ZA,1627,7,1847,28,1724,99,1448,372,184,129,59,163,115,94,510,419,CAF,0,
2014,2014-12-31,Norway,57,NO,1625,6,1944,37,1614,85,1364,777,367,362,48,279,324,174,1171,1326,UEFA,0,
2014,2014-12-31,Qatar,60,QA,1614,54,1616,100,1374,164,964,527,246,118,163,209,173,145,719,615,AFC,0,
2014,2014-12-31,Egypt,62,EG,1598,12,1872,35,1666,70,1528,751,301,248,202,371,192,188,1345,832,CAF,0,
2014,2014-12-31,Tunisia,63,TN,1596,24,1757,46,1615,87,1438,629,287,213,129,255,194,180,894,722,CAF,0,
2014,2014-12-31,Morocco,72,MA,1544,19,1808,43,1648,86,1510,581,244,198,139,269,144,168,849,538,CAF,0,
2014,2014-12-31,Jordan,75,JO,1536,40,1676,118,1284,153,1095,424,154,145,125,139,169,116,488,548,AFC,0,
2014,2014-12-31,New Zealand,81,NZ,1517,29,1642,65,1496,102,1334,363,120,161,82,148,149,66,644,572,OFC,0,
2014,2014-12-31,Iraq,83,IQ,1512,24,1740,44,1630,85,1500,605,104,188,313,291,151,163,1004,556,AFC,0,
2014,2014-12-31,Canada,84,CA,1508,25,1733,48,1594,90,1471,361,120,164,77,124,153,84,390,506,CONCACAF,1,
2014,2014-12-31,Cape Verde,87,CV,1502,76,1536,127,1267,146,1172,156,54,57,45,54,68,34,153,184,CAF,0,
2014,2014-12-31,Saudi Arabia,94,SA,1473,29,1736,78,1485,125,1253,676,273,117,286,324,192,160,1057,725,AFC,0,
2014,2014-12-31,DR Congo,95,CD,1469,20,1782,60,1562,114,1387,424,137,187,100,175,138,111,677,530,CAF,0,
2014,2014-12-31,Haiti,100,HT,1444,36,1674,81,1406,129,1265,463,169,158,136,199,163,101,764,629,CONCACAF,0,
2014,2014-12-31,Curaçao,182,CW,1067,26,1618,93,1389,188,1011,408,137,150,121,164,145,99,715,665,CONCACAF,0,
2015,2015-12-31,Germany,1,DE,2068,1,2222,8,1904,25,1637,917,401,374,142,533,198,186,2063,1092,UEFA,0,
2015,2015-12-31,Brazil,2,BR,2037,1,2195,4,1990,20,1805,943,332,305,306,593,155,195,2049,879,CONMEBOL,0,
2015,2015-12-31,Argentina,3,AR,2023,1,2159,5,1981,26,1751,983,347,384,252,525,212,246,1860,1053,CONMEBOL,0,
2015,2015-12-31,Spain,4,ES,2001,1,2164,7,1935,19,1805,653,289,255,109,381,126,146,1280,597,UEFA,0,
2015,2015-12-31,England,6,EN,1958,1,2213,4,1983,17,1810,1030,443,488,99,602,193,235,2449,1028,UEFA,0,
2015,2015-12-31,Colombia,7,CO,1954,4,2034,54,1576,102,1304,526,158,187,181,204,181,141,656,634,CONMEBOL,0,
2015,2015-12-31,France,8,FR,1953,1,2135,17,1771,40,1514,804,407,303,94,384,252,168,1420,1156,UEFA,0,
2015,2015-12-31,Uruguay,9,UY,1946,1,2104,12,1872,44,1636,902,304,388,210,392,291,219,1440,1147,CONMEBOL,0,
2015,2015-12-31,Belgium,10,BE,1927,4,1961,25,1734,71,1503,751,363,332,56,310,281,160,1293,1246,UEFA,0,
2015,2015-12-31,Portugal,11,PT,1919,2,2018,20,1776,41,1623,561,263,217,81,263,169,129,914,677,UEFA,0,
2015,2015-12-31,Ecuador,12,EC,1914,12,1914,70,1485,121,1183,485,153,172,160,142,220,123,578,786,CONMEBOL,0,
2015,2015-12-31,Mexico,13,MX,1906,5,1958,20,1776,48,1498,851,264,234,353,434,218,199,1552,888,CONCACAF,1,
2015,2015-12-31,Netherlands,14,NL,1897,1,2153,16,1838,55,1552,783,373,312,98,396,217,170,1629,1026,UEFA,0,
2015,2015-12-31,Croatia,17,HR,1813,5,2008,12,1876,26,1780,271,112,119,40,143,54,74,474,267,UEFA,0,
2015,2015-12-31,Switzerland,18,CH,1808,9,1918,28,1672,56,1485,775,376,345,54,263,345,167,1124,1355,UEFA,0,
2015,2015-12-31,Turkey,19,TR,1804,9,1899,44,1592,77,1358,551,237,251,63,204,219,128,748,822,UEFA,0,
2015,2015-12-31,Austria,20,AT,1801,1,2070,20,1813,73,1549,754,374,340,40,311,278,165,1372,1206,UEFA,0,
2015,2015-12-31,South Korea,22,KR,1789,16,1845,36,1676,84,1445,916,294,226,396,498,193,225,1682,837,AFC,0,
2015,2015-12-31,Czechia,27,CZ,1765,1,2032,12,1864,35,1686,768,311,371,86,371,223,174,1437,959,UEFA,0,
2015,2015-12-31,Sweden,27,SE,1765,2,2013,16,1797,45,1579,994,436,452,106,489,293,212,2026,1343,UEFA,0,
2015,2015-12-31,United States,30,US,1758,9,1890,41,1634,92,1412,662,363,224,75,278,243,141,944,916,CONCACAF,1,
2015,2015-12-31,Japan,31,JP,1750,9,1887,65,1433,114,1126,700,265,182,253,321,229,150,1202,873,AFC,0,
2015,2015-12-31,Ivory Coast,33,CI,1733,15,1863,44,1640,76,1476,579,203,210,166,287,144,148,948,606,CAF,0,
2015,2015-12-31,Iran,34,IR,1728,13,1841,43,1640,79,1450,552,189,160,203,304,115,133,1030,448,AFC,0,
2015,2015-12-31,Paraguay,35,PY,1727,5,1956,22,1756,44,1618,688,186,317,185,250,258,180,913,984,CONMEBOL,0,
2015,2015-12-31,Bosnia and Herzegovina,37,BA,1722,20,1806,54,1617,81,1500,181,73,87,21,71,72,38,267,251,UEFA,0,
2015,2015-12-31,Australia,39,AU,1703,11,1875,35,1664,77,1469,533,239,193,101,269,156,108,1098,630,AFC,0,
2015,2015-12-31,Scotland,41,SQ,1698,1,2104,12,1889,63,1598,760,352,364,44,363,229,168,1340,937,UEFA,0,
2015,2015-12-31,Panama,42,PA,1682,28,1753,105,1325,143,1155,436,154,166,116,133,195,108,528,706,CONCACAF,0,
2015,2015-12-31,Algeria,45,DZ,1663,18,1774,48,1615,110,1386,561,214,204,143,230,178,153,776,595,CAF,0,
2015,2015-12-31,Uzbekistan,46,UZ,1651,25,1766,61,1585,93,1428,246,78,101,67,115,79,52,450,299,AFC,0,
2015,2015-12-31,Senegal,47,SN,1643,21,1808,60,1563,107,1387,575,188,225,162,236,179,160,747,592,CAF,0,
2015,2015-12-31,Ghana,48,GH,1641,10,1877,39,1661,101,1424,675,217,264,194,331,179,165,1117,715,CAF,0,
2015,2015-12-31,Norway,51,NO,1625,6,1944,38,1614,85,1364,786,372,366,48,282,328,176,1179,1336,UEFA,0,
2015,2015-12-31,Egypt,56,EG,1609,12,1872,35,1665,70,1528,758,305,250,203,377,193,188,1364,835,CAF,0,
2015,2015-12-31,South Africa,64,ZA,1580,7,1847,28,1722,99,1448,393,193,136,64,172,118,103,535,436,CAF,0,
2015,2015-12-31,Qatar,67,QA,1569,54,1616,99,1378,164,964,542,253,122,167,218,178,146,756,628,AFC,0,
2015,2015-12-31,Tunisia,71,TN,1546,24,1757,46,1614,87,1438,641,291,218,132,259,197,185,916,738,CAF,0,
2015,2015-12-31,Cape Verde,72,CV,1541,67,1554,126,1272,146,1172,166,56,59,51,59,69,38,171,191,CAF,0,
2015,2015-12-31,Jordan,75,JO,1530,40,1676,117,1287,153,1095,441,161,149,131,147,175,119,516,560,AFC,0,
2015,2015-12-31,Morocco,77,MA,1528,19,1808,44,1646,86,1510,588,249,200,139,272,147,169,856,542,CAF,0,
2015,2015-12-31,Canada,77,CA,1528,25,1733,48,1593,90,1471,375,124,168,83,130,155,90,408,512,CONCACAF,1,
2015,2015-12-31,New Zealand,79,NZ,1519,29,1642,65,1496,102,1334,366,120,164,82,149,150,67,646,574,OFC,0,
2015,2015-12-31,Saudi Arabia,81,SA,1513,29,1736,78,1485,125,1253,687,277,119,291,331,195,161,1088,737,AFC,0,
2015,2015-12-31,Iraq,82,IQ,1512,24,1740,45,1628,85,1500,621,104,194,323,298,157,166,1028,580,AFC,0,
2015,2015-12-31,DR Congo,86,CD,1504,20,1782,60,1560,114,1387,442,139,192,111,181,143,118,701,551,CAF,0,
2015,2015-12-31,Haiti,93,HT,1475,36,1674,81,1406,129,1265,474,171,162,141,203,168,103,777,639,CONCACAF,0,
2015,2015-12-31,Curaçao,176,CW,1121,26,1618,94,1386,188,1011,418,141,153,124,168,147,103,728,674,CONCACAF,0,
2016,2016-12-31,Brazil,1,BR,2087,1,2195,4,1990,20,1805,955,336,309,310,601,156,198,2079,886,CONMEBOL,0,
2016,2016-12-31,Argentina,2,AR,2044,1,2159,5,1982,26,1751,998,352,389,257,535,214,249,1891,1064,CONMEBOL,0,
2016,2016-12-31,Germany,3,DE,2037,1,2222,8,1906,25,1637,933,408,378,147,543,201,189,2097,1102,UEFA,0,
2016,2016-12-31,France,4,FR,2008,1,2135,17,1773,40,1514,821,420,307,94,397,253,171,1456,1170,UEFA,0,
2016,2016-12-31,Spain,6,ES,1978,1,2164,7,1936,19,1805,668,292,261,115,389,129,150,1314,608,UEFA,0,
2016,2016-12-31,Portugal,8,PT,1929,2,2018,20,1777,41,1623,578,270,221,87,273,172,133,956,688,UEFA,0,
2016,2016-12-31,Colombia,8,CO,1929,3,2034,53,1581,102,1304,541,162,193,186,212,185,144,678,651,CONMEBOL,0,
2016,2016-12-31,England,10,EN,1927,1,2213,4,1983,17,1810,1044,450,491,103,610,195,239,2470,1040,UEFA,0,
2016,2016-12-31,Uruguay,11,UY,1914,1,2104,12,1872,44,1636,914,309,392,213,398,295,221,1462,1161,CONMEBOL,0,
2016,2016-12-31,Mexico,12,MX,1911,4,1985,20,1778,48,1498,865,266,238,361,444,219,202,1573,900,CONCACAF,1,
2016,2016-12-31,Belgium,13,BE,1904,4,1961,25,1735,71,1503,766,368,336,62,319,285,162,1331,1261,UEFA,0,
2016,2016-12-31,Netherlands,14,NL,1888,1,2153,16,1838,55,1552,794,378,318,98,401,220,173,1648,1039,UEFA,0,
2016,2016-12-31,Croatia,15,HR,1885,5,2008,12,1875,26,1780,284,117,122,45,152,55,77,506,273,UEFA,0,
2016,2016-12-31,Switzerland,16,CH,1856,9,1918,28,1673,56,1485,787,381,349,57,269,348,170,1139,1366,UEFA,0,
2016,2016-12-31,Ecuador,19,EC,1849,12,1914,69,1490,121,1183,498,157,178,163,145,226,127,598,805,CONMEBOL,0,
2016,2016-12-31,South Korea,22,KR,1790,16,1845,36,1677,84,1445,926,299,229,398,505,195,226,1697,850,AFC,0,
2016,2016-12-31,Turkey,23,TR,1784,9,1899,44,1594,77,1358,564,242,256,66,210,223,131,762,835,UEFA,0,
2016,2016-12-31,Iran,24,IR,1775,13,1841,42,1641,79,1450,562,194,163,205,312,115,135,1057,450,AFC,0,
2016,2016-12-31,Sweden,26,SE,1766,2,2013,16,1796,45,1579,1008,441,456,111,494,297,217,2044,1353,UEFA,0,
2016,2016-12-31,Bosnia and Herzegovina,29,BA,1755,20,1806,53,1623,81,1500,190,75,92,23,76,74,40,285,262,UEFA,0,
2016,2016-12-31,Japan,30,JP,1754,9,1887,65,1436,114,1126,710,273,184,253,328,231,151,1232,882,AFC,0,
2016,2016-12-31,United States,33,US,1735,9,1890,41,1635,92,1412,681,377,229,75,290,249,142,981,936,CONCACAF,1,
2016,2016-12-31,Ivory Coast,34,CI,1717,15,1863,44,1641,76,1476,588,208,214,166,290,144,154,956,610,CAF,0,
2016,2016-12-31,Australia,36,AU,1712,11,1875,35,1665,77,1469,543,245,197,101,274,158,111,1121,640,AFC,0,
2016,2016-12-31,Paraguay,37,PY,1701,5,1956,22,1756,44,1618,700,190,322,188,252,265,183,922,1003,CONMEBOL,0,
2016,2016-12-31,Czechia,38,CZ,1697,1,2032,12,1863,42,1686,782,318,373,91,375,228,179,1455,974,UEFA,0,
2016,2016-12-31,Panama,41,PA,1688,28,1753,105,1330,143,1155,453,161,171,121,140,201,112,544,723,CONCACAF,0,
2016,2016-12-31,Austria,42,AT,1686,1,2070,20,1813,73,1549,766,381,342,43,314,284,168,1384,1223,UEFA,0,
2016,2016-12-31,Scotland,45,SQ,1669,1,2104,12,1888,63,1598,768,354,369,45,366,233,169,1348,949,UEFA,0,
2016,2016-12-31,Uzbekistan,45,UZ,1669,25,1766,60,1589,93,1428,258,86,103,69,124,82,52,464,305,AFC,0,
2016,2016-12-31,Senegal,45,SN,1669,21,1808,60,1565,107,1387,582,191,229,162,242,180,160,760,595,CAF,0,
2016,2016-12-31,Egypt,49,EG,1656,12,1872,35,1665,70,1528,767,310,254,203,382,195,190,1375,840,CAF,0,
2016,2016-12-31,Algeria,54,DZ,1630,18,1774,48,1616,110,1386,567,217,207,143,233,179,155,796,603,CAF,0,
2016,2016-12-31,South Africa,57,ZA,1612,7,1847,29,1721,99,1448,405,198,140,67,177,118,110,557,447,CAF,0,
2016,2016-12-31,Morocco,58,MA,1600,19,1808,44,1645,86,1510,599,256,203,140,279,147,173,872,545,CAF,0,
2016,2016-12-31,Ghana,60,GH,1590,10,1877,39,1660,101,1424,683,220,269,194,333,181,169,1124,721,CAF,0,
2016,2016-12-31,Tunisia,61,TN,1586,24,1757,47,1613,87,1438,648,295,220,133,264,197,187,927,739,CAF,0,
2016,2016-12-31,Saudi Arabia,65,SA,1580,29,1736,78,1486,125,1253,695,281,121,293,336,196,163,1104,743,AFC,0,
2016,2016-12-31,Norway,67,NO,1576,6,1944,38,1614,85,1364,796,377,371,48,285,334,177,1191,1352,UEFA,0,
2016,2016-12-31,DR Congo,68,CD,1573,20,1782,60,1560,114,1387,453,143,195,115,188,145,120,723,558,CAF,0,
2016,2016-12-31,Qatar,70,QA,1558,54,1616,99,1382,164,964,554,259,126,169,224,183,147,772,643,AFC,0,
2016,2016-12-31,New Zealand,71,NZ,1547,29,1642,65,1497,102,1334,375,121,167,87,154,151,70,660,578,OFC,0,
2016,2016-12-31,Canada,77,CA,1516,25,1733,49,1592,90,1471,385,126,173,86,133,161,91,419,529,CONCACAF,1,
2016,2016-12-31,Jordan,81,JO,1504,40,1676,116,1291,153,1095,454,164,157,133,150,180,124,534,576,AFC,0,
2016,2016-12-31,Iraq,87,IQ,1475,24,1740,45,1626,96,1456,634,104,200,330,300,165,169,1040,597,AFC,0,
2016,2016-12-31,Haiti,87,HT,1475,36,1674,81,1407,129,1265,485,174,165,146,206,175,104,786,661,CONCACAF,0,
2016,2016-12-31,Cape Verde,100,CV,1428,67,1554,125,1276,146,1172,172,59,62,51,60,74,38,173,200,CAF,0,
2016,2016-12-31,Curaçao,154,CW,1223,26,1618,95,1384,188,1011,424,145,155,124,173,148,103,749,680,CONCACAF,0,
2017,2017-12-31,Brazil,1,BR,2113,1,2195,4,1991,20,1805,966,340,314,312,608,157,201,2100,890,CONMEBOL,0,
2017,2017-12-31,Germany,2,DE,2108,1,2222,8,1907,25,1637,948,413,383,152,554,201,193,2140,1114,UEFA,0,
2017,2017-12-31,Spain,3,ES,2030,1,2164,7,1937,19,1805,678,297,266,115,397,129,152,1347,615,UEFA,0,
2017,2017-12-31,Portugal,4,PT,1993,2,2018,20,1779,41,1623,593,277,225,91,284,173,136,991,696,UEFA,0,
2017,2017-12-31,France,5,FR,1988,1,2135,17,1775,40,1514,832,427,311,94,404,255,173,1479,1180,UEFA,0,
2017,2017-12-31,Argentina,6,AR,1983,1,2159,5,1982,26,1751,1008,355,394,259,540,216,252,1906,1072,CONMEBOL,0,
2017,2017-12-31,England,7,EN,1932,1,2213,4,1983,17,1810,1054,455,496,103,615,197,242,2484,1047,UEFA,0,
2017,2017-12-31,Belgium,8,BE,1926,4,1961,25,1737,71,1503,776,374,340,62,326,285,165,1362,1273,UEFA,0,
2017,2017-12-31,Colombia,8,CO,1926,3,2034,53,1585,102,1304,552,165,200,187,216,188,148,695,660,CONMEBOL,0,
2017,2017-12-31,Netherlands,11,NL,1895,1,2153,16,1838,55,1552,805,383,324,98,409,223,173,1673,1050,UEFA,0,
2017,2017-12-31,Uruguay,13,UY,1866,1,2104,12,1872,44,1636,924,312,398,214,400,300,224,1472,1178,CONMEBOL,0,
2017,2017-12-31,Switzerland,14,CH,1865,9,1918,28,1675,56,1485,796,386,353,57,276,349,171,1155,1370,UEFA,0,
2017,2017-12-31,Croatia,16,HR,1855,5,2008,12,1874,26,1780,296,121,128,47,157,58,81,519,283,UEFA,0,
2017,2017-12-31,Mexico,17,MX,1847,4,1985,20,1779,48,1498,890,271,244,375,459,224,207,1613,925,CONCACAF,1,
2017,2017-12-31,Sweden,20,SE,1823,2,2013,16,1796,45,1579,1019,445,462,112,500,300,219,2070,1364,UEFA,0,
2017,2017-12-31,Iran,22,IR,1800,13,1841,42,1643,79,1450,573,199,167,207,319,116,138,1071,456,AFC,0,
2017,2017-12-31,South Korea,25,KR,1760,16,1845,36,1678,84,1445,939,303,234,402,509,199,231,1713,866,AFC,0,
2017,2017-12-31,Paraguay,26,PY,1752,5,1956,22,1756,44,1618,709,193,327,189,255,271,183,931,1019,CONMEBOL,0,
2017,2017-12-31,United States,27,US,1751,9,1890,41,1636,92,1412,700,391,234,75,300,251,149,1015,950,CONCACAF,1,
2017,2017-12-31,Senegal,28,SN,1747,21,1808,60,1567,107,1387,597,195,233,169,250,180,167,783,603,CAF,0,
2017,2017-12-31,Ecuador,30,EC,1746,12,1914,69,1494,121,1183,508,162,181,165,148,232,128,612,821,CONMEBOL,0,
2017,2017-12-31,Australia,35,AU,1729,11,1875,35,1665,77,1469,556,251,199,106,279,161,116,1139,658,AFC,0,
2017,2017-12-31,Bosnia and Herzegovina,36,BA,1723,20,1806,52,1628,81,1500,197,78,95,24,80,76,41,303,271,UEFA,0,
2017,2017-12-31,Scotland,37,SQ,1719,1,2104,13,1886,63,1598,776,360,371,45,370,234,172,1360,955,UEFA,0,
2017,2017-12-31,Czechia,38,CZ,1712,1,2032,12,1861,46,1669,792,321,379,92,381,231,180,1477,983,UEFA,0,
2017,2017-12-31,Turkey,39,TR,1711,9,1899,44,1596,77,1358,574,247,260,67,214,227,133,776,849,UEFA,0,
2017,2017-12-31,Austria,39,AT,1711,1,2070,20,1812,73,1549,774,386,345,43,318,285,171,1395,1230,UEFA,0,
2017,2017-12-31,Japan,41,JP,1706,9,1887,64,1440,114,1126,723,281,187,255,334,235,154,1252,898,AFC,0,
2017,2017-12-31,Morocco,45,MA,1688,19,1808,44,1644,86,1510,613,261,206,146,287,152,174,894,553,CAF,0,
2017,2017-12-31,Panama,48,PA,1670,28,1753,104,1334,143,1155,473,170,178,125,148,207,118,569,741,CONCACAF,0,
2017,2017-12-31,Egypt,50,EG,1650,12,1872,36,1665,70,1528,781,315,257,209,390,198,193,1389,847,CAF,0,
2017,2017-12-31,Tunisia,54,TN,1618,24,1757,47,1613,87,1438,661,300,224,137,270,202,189,944,753,CAF,0,
2017,2017-12-31,Ghana,55,GH,1613,10,1877,39,1659,101,1424,698,224,273,201,340,186,172,1146,733,CAF,0,
2017,2017-12-31,Uzbekistan,57,UZ,1611,25,1766,60,1591,93,1428,267,90,106,71,127,86,54,474,312,AFC,0,
2017,2017-12-31,Ivory Coast,63,CI,1601,15,1863,44,1641,76,1476,601,211,218,172,294,149,158,972,627,CAF,0,
2017,2017-12-31,DR Congo,63,CD,1601,20,1782,60,1561,114,1387,465,146,198,121,194,149,122,744,574,CAF,0,
2017,2017-12-31,Norway,66,NO,1581,6,1944,38,1614,85,1364,805,381,376,48,288,338,179,1204,1365,UEFA,0,
2017,2017-12-31,Iraq,67,IQ,1572,24,1740,46,1625,96,1456,649,107,204,338,307,167,175,1057,607,AFC,0,
2017,2017-12-31,Saudi Arabia,68,SA,1570,29,1736,78,1488,125,1253,709,285,126,298,343,202,164,1128,762,AFC,0,
2017,2017-12-31,South Africa,72,ZA,1541,7,1847,29,1720,99,1448,417,207,143,67,182,124,111,572,460,CAF,0,
2017,2017-12-31,Algeria,73,DZ,1535,18,1774,48,1615,110,1386,579,224,209,146,238,183,158,818,618,CAF,0,
2017,2017-12-31,New Zealand,75,NZ,1524,29,1642,65,1497,102,1334,387,124,174,89,157,158,72,674,595,OFC,0,
2017,2017-12-31,Canada,76,CA,1523,25,1733,49,1592,90,1471,395,128,175,92,137,164,94,435,542,CONCACAF,1,
2017,2017-12-31,Haiti,84,HT,1493,36,1674,81,1408,129,1265,491,175,169,147,210,176,105,801,673,CONCACAF,0,
2017,2017-12-31,Jordan,86,JO,1481,40,1676,116,1294,153,1095,466,168,162,136,155,181,130,556,583,AFC,0,
2017,2017-12-31,Qatar,93,QA,1455,54,1616,98,1385,164,964,572,271,127,174,229,192,151,796,668,AFC,0,
2017,2017-12-31,Cape Verde,99,CV,1424,67,1554,125,1279,146,1172,179,62,65,52,63,78,38,179,210,CAF,0,
2017,2017-12-31,Curaçao,141,CW,1266,26,1618,95,1382,188,1011,433,147,158,128,176,152,105,757,692,CONCACAF,0,
2018,2018-12-31,Brazil,1,BR,2136,1,2195,4,1993,20,1805,981,340,319,322,621,158,202,2129,893,CONMEBOL,0,
2018,2018-12-31,France,2,FR,2092,1,2135,17,1777,40,1514,850,435,314,101,416,257,177,1511,1198,UEFA,0,
2018,2018-12-31,Belgium,3,BE,2034,3,2082,25,1739,71,1503,793,381,343,69,339,287,167,1403,1287,UEFA,0,
2018,2018-12-31,Spain,4,ES,2011,1,2164,7,1938,19,1805,692,302,271,119,404,131,157,1380,632,UEFA,0,
2018,2018-12-31,Netherlands,5,NL,1985,1,2153,16,1839,55,1552,815,387,329,99,413,225,177,1689,1059,UEFA,0,
2018,2018-12-31,Colombia,6,CO,1960,3,2034,52,1590,102,1304,563,165,202,196,222,189,152,713,669,CONMEBOL,0,
2018,2018-12-31,England,7,EN,1959,1,2213,4,1982,17,1810,1071,462,499,110,625,201,245,2512,1062,UEFA,0,
2018,2018-12-31,Portugal,8,PT,1958,2,2018,20,1781,41,1623,608,282,229,97,290,175,143,1013,713,UEFA,0,
2018,2018-12-31,Germany,9,DE,1937,1,2222,8,1908,25,1637,961,420,386,155,558,207,196,2154,1131,UEFA,0,
2018,2018-12-31,Croatia,10,HR,1923,5,2008,12,1875,26,1780,313,125,132,56,165,63,85,543,309,UEFA,0,
2018,2018-12-31,Uruguay,11,UY,1921,1,2104,12,1873,44,1636,937,313,402,222,408,305,224,1493,1190,CONMEBOL,0,
2018,2018-12-31,Switzerland,11,CH,1921,9,1929,28,1676,56,1485,810,391,358,61,283,353,174,1184,1383,UEFA,0,
2018,2018-12-31,Argentina,13,AR,1920,1,2159,5,1982,26,1751,1021,358,395,268,547,220,254,1930,1088,CONMEBOL,0,
2018,2018-12-31,Sweden,18,SE,1850,2,2013,16,1796,45,1579,1035,451,466,118,505,306,224,2084,1378,UEFA,0,
2018,2018-12-31,Iran,19,IR,1823,13,1841,42,1645,79,1450,588,203,171,214,328,119,141,1090,466,AFC,0,
2018,2018-12-31,Bosnia and Herzegovina,21,BA,1795,20,1806,51,1632,81,1500,209,81,102,26,85,78,46,312,275,UEFA,0,
2018,2018-12-31,Mexico,22,MX,1779,4,1985,20,1780,48,1498,906,274,248,384,465,233,208,1625,946,CONCACAF,1,
2018,2018-12-31,South Korea,23,KR,1778,16,1845,36,1679,84,1445,958,309,237,412,516,205,237,1737,885,AFC,0,
2018,2018-12-31,Ecuador,24,EC,1772,12,1914,68,1497,121,1183,514,162,184,168,152,233,129,623,826,CONMEBOL,0,
2018,2018-12-31,Austria,26,AT,1765,1,2070,20,1811,73,1549,785,393,349,43,325,288,172,1410,1238,UEFA,0,
2018,2018-12-31,Senegal,29,SN,1755,21,1808,59,1570,107,1387,609,196,238,175,255,182,172,798,612,CAF,0,
2018,2018-12-31,United States,34,US,1742,9,1890,41,1637,92,1412,711,398,237,76,303,256,152,1025,964,CONCACAF,1,
2018,2018-12-31,Australia,35,AU,1736,11,1875,35,1666,77,1469,567,253,202,112,284,164,119,1161,669,AFC,0,
2018,2018-12-31,Japan,36,JP,1730,9,1887,64,1442,114,1126,737,287,188,262,340,240,157,1279,918,AFC,0,
2018,2018-12-31,Czechia,37,CZ,1728,1,2032,12,1860,46,1669,802,323,384,95,386,236,180,1488,999,UEFA,0,
2018,2018-12-31,Morocco,37,MA,1728,19,1808,44,1645,86,1510,626,265,209,152,295,154,177,914,562,CAF,0,
2018,2018-12-31,Paraguay,40,PY,1723,5,1956,23,1755,44,1618,712,193,329,190,255,273,184,934,1025,CONMEBOL,0,
2018,2018-12-31,Scotland,41,SQ,1720,1,2104,13,1885,63,1598,786,365,376,45,374,240,172,1372,970,UEFA,0,
2018,2018-12-31,Turkey,44,TR,1690,9,1899,44,1598,77,1358,585,253,264,68,217,230,138,788,862,UEFA,0,
2018,2018-12-31,Norway,45,NO,1678,6,1944,38,1614,85,1364,815,386,381,48,296,339,180,1220,1370,UEFA,0,
2018,2018-12-31,Tunisia,48,TN,1646,24,1757,47,1613,87,1438,674,303,228,143,276,207,191,962,771,CAF,0,
2018,2018-12-31,Ghana,50,GH,1622,10,1877,40,1659,101,1424,702,224,277,201,342,187,173,1152,736,CAF,0,
2018,2018-12-31,Egypt,53,EG,1613,12,1872,36,1664,70,1528,793,318,261,214,394,204,195,1408,863,CAF,0,
2018,2018-12-31,Ivory Coast,56,CI,1603,15,1863,44,1641,76,1476,607,212,221,174,297,149,161,983,632,CAF,0,
2018,2018-12-31,Uzbekistan,59,UZ,1591,25,1766,60,1591,93,1428,277,94,109,74,129,91,57,480,325,AFC,0,
2018,2018-12-31,Saudi Arabia,62,SA,1583,29,1736,77,1489,125,1253,727,290,131,306,348,210,169,1146,791,AFC,0,
2018,2018-12-31,Iraq,63,IQ,1581,24,1740,46,1624,96,1456,661,111,207,343,311,169,181,1073,620,AFC,0,
2018,2018-12-31,Panama,65,PA,1566,28,1753,103,1338,143,1155,486,173,185,128,149,217,120,575,770,CONCACAF,0,
2018,2018-12-31,South Africa,68,ZA,1548,7,1847,29,1718,99,1448,427,214,145,68,186,124,117,590,464,CAF,0,
2018,2018-12-31,Canada,69,CA,1546,25,1733,49,1591,90,1471,399,129,176,94,141,164,94,450,542,CONCACAF,1,
2018,2018-12-31,DR Congo,71,CD,1542,20,1782,60,1561,114,1387,471,147,203,121,194,151,126,749,582,CAF,0,
2018,2018-12-31,Algeria,72,DZ,1541,18,1774,48,1614,110,1386,589,227,214,148,242,188,159,833,632,CAF,0,
2018,2018-12-31,Qatar,77,QA,1522,54,1616,98,1387,164,964,584,278,130,176,236,195,153,816,682,AFC,0,
2018,2018-12-31,Haiti,81,HT,1512,36,1674,81,1409,129,1265,496,176,172,148,213,178,105,818,679,CONCACAF,0,
2018,2018-12-31,New Zealand,82,NZ,1502,29,1642,65,1497,102,1334,391,124,175,92,159,160,72,678,599,OFC,0,
2018,2018-12-31,Jordan,94,JO,1447,40,1676,115,1297,153,1095,479,175,165,139,158,186,135,567,595,AFC,0,
2018,2018-12-31,Cape Verde,106,CV,1399,67,1554,124,1281,146,1172,185,63,69,53,65,80,40,186,216,CAF,0,
2018,2018-12-31,Curaçao,125,CW,1332,26,1618,96,1381,188,1011,438,151,158,129,180,152,106,780,693,CONCACAF,0,
2019,2019-12-31,Belgium,1,BE,2083,1,2083,24,1742,71,1503,803,386,348,69,349,287,167,1443,1290,UEFA,0,
2019,2019-12-31,Brazil,2,BR,2081,1,2195,4,1994,20,1805,997,348,320,329,629,160,208,2162,902,CONMEBOL,0,
2019,2019-12-31,France,3,FR,2046,1,2135,17,1780,40,1514,861,441,319,101,425,258,178,1538,1204,UEFA,0,
2019,2019-12-31,Spain,4,ES,2028,1,2164,7,1938,19,1805,702,307,276,119,412,131,159,1411,637,UEFA,0,
2019,2019-12-31,Netherlands,5,NL,2017,1,2153,15,1840,55,1552,825,391,334,100,420,227,178,1716,1068,UEFA,0,
2019,2019-12-31,Portugal,6,PT,1986,2,2018,20,1783,41,1623,618,288,233,97,297,176,145,1039,720,UEFA,0,
2019,2019-12-31,Colombia,7,CO,1985,3,2034,52,1595,102,1304,577,166,205,206,230,191,156,729,676,CONMEBOL,0,
2019,2019-12-31,Argentina,8,AR,1970,1,2159,5,1982,26,1751,1036,359,398,279,555,223,258,1959,1103,CONMEBOL,0,
2019,2019-12-31,Uruguay,10,UY,1965,1,2104,12,1873,44,1636,950,315,406,229,416,305,229,1519,1198,CONMEBOL,0,
2019,2019-12-31,Germany,11,DE,1964,1,2222,8,1909,25,1637,971,426,390,155,565,208,198,2187,1141,UEFA,0,
2019,2019-12-31,England,12,EN,1955,1,2213,4,1982,17,1810,1081,466,503,112,632,203,246,2550,1071,UEFA,0,
2019,2019-12-31,Croatia,13,HR,1919,5,2008,12,1876,26,1780,323,131,136,56,171,65,87,563,319,UEFA,0,
2019,2019-12-31,Mexico,14,MX,1901,4,1985,20,1780,48,1498,923,277,252,394,480,234,209,1672,963,CONCACAF,1,
2019,2019-12-31,Switzerland,15,CH,1897,9,1931,27,1678,56,1485,820,395,363,62,288,355,177,1204,1392,UEFA,0,
2019,2019-12-31,Sweden,18,SE,1859,2,2013,16,1797,45,1579,1047,456,471,120,511,308,228,2109,1390,UEFA,0,
2019,2019-12-31,Turkey,26,TR,1778,9,1899,44,1599,77,1358,597,260,269,68,226,231,140,810,866,UEFA,0,
2019,2019-12-31,South Korea,27,KR,1772,16,1845,35,1680,84,1445,976,317,240,419,528,207,241,1764,894,AFC,0,
2019,2019-12-31,Senegal,28,SN,1763,21,1808,59,1573,107,1387,622,199,239,184,265,184,173,818,617,CAF,0,
2019,2019-12-31,Japan,29,JP,1744,9,1887,64,1445,114,1126,760,294,192,274,355,245,160,1320,938,AFC,0,
2019,2019-12-31,Algeria,30,DZ,1742,18,1774,48,1614,110,1386,605,232,215,158,254,188,163,863,639,CAF,0,
2019,2019-12-31,Austria,31,AT,1741,1,2070,20,1810,73,1549,795,398,354,43,331,291,173,1429,1247,UEFA,0,
2019,2019-12-31,Iran,32,IR,1739,13,1841,42,1647,79,1450,600,205,174,221,335,122,143,1125,473,AFC,0,
2019,2019-12-31,Paraguay,33,PY,1738,5,1956,23,1755,44,1618,726,195,336,195,258,278,190,948,1041,CONMEBOL,0,
2019,2019-12-31,Czechia,34,CZ,1735,1,2032,13,1859,46,1669,812,329,388,95,391,241,180,1504,1016,UEFA,0,
2019,2019-12-31,Ecuador,37,EC,1725,12,1914,68,1500,121,1183,526,164,185,177,155,239,132,636,845,CONMEBOL,0,
2019,2019-12-31,Norway,38,NO,1722,6,1944,38,1614,85,1364,825,391,386,48,300,340,185,1239,1381,UEFA,0,
2019,2019-12-31,United States,39,US,1720,9,1890,41,1638,92,1412,729,414,238,77,314,261,154,1063,978,CONCACAF,1,
2019,2019-12-31,Australia,40,AU,1713,11,1875,35,1666,77,1469,577,254,207,116,290,167,120,1183,675,AFC,0,
2019,2019-12-31,Bosnia and Herzegovina,43,BA,1683,20,1806,51,1636,81,1500,219,86,107,26,89,83,47,332,292,UEFA,0,
2019,2019-12-31,Qatar,46,QA,1668,26,1771,97,1394,164,964,605,286,133,186,250,200,155,861,696,AFC,0,
2019,2019-12-31,Morocco,47,MA,1659,19,1808,44,1646,86,1510,640,273,211,156,300,158,182,928,573,CAF,0,
2019,2019-12-31,Scotland,50,SQ,1639,1,2104,13,1884,63,1598,796,370,381,45,379,245,172,1388,989,UEFA,0,
2019,2019-12-31,Ghana,51,GH,1630,10,1877,40,1658,101,1424,712,227,278,207,347,188,177,1164,741,CAF,0,
2019,2019-12-31,Iraq,53,IQ,1623,24,1740,46,1624,96,1456,683,119,211,353,323,172,188,1103,635,AFC,0,
2019,2019-12-31,Tunisia,54,TN,1619,24,1757,47,1613,87,1438,691,309,231,151,284,211,196,985,782,CAF,0,
2019,2019-12-31,Ivory Coast,56,CI,1615,15,1863,44,1640,76,1476,622,215,222,185,307,153,162,1009,644,CAF,0,
2019,2019-12-31,Canada,58,CA,1603,25,1733,49,1591,90,1471,409,132,177,100,148,167,94,480,553,CONCACAF,1,
2019,2019-12-31,Egypt,61,EG,1581,12,1872,36,1664,70,1528,805,327,264,214,401,206,198,1421,868,CAF,0,
2019,2019-12-31,Uzbekistan,63,UZ,1580,25,1766,60,1592,93,1428,293,100,113,80,138,96,59,509,340,AFC,0,
2019,2019-12-31,Haiti,67,HT,1557,36,1674,81,1410,129,1265,510,178,176,156,219,183,108,837,696,CONCACAF,0,
2019,2019-12-31,Saudi Arabia,68,SA,1554,29,1736,77,1490,125,1253,747,294,135,318,356,217,174,1173,813,AFC,0,
2019,2019-12-31,South Africa,74,ZA,1531,7,1847,30,1717,99,1448,440,219,147,74,191,128,121,601,475,CAF,0,
2019,2019-12-31,Panama,79,PA,1504,28,1753,103,1340,143,1155,498,175,191,132,152,225,121,587,793,CONCACAF,0,
2019,2019-12-31,DR Congo,81,CD,1502,20,1782,61,1560,114,1387,482,149,206,127,196,154,132,761,595,CAF,0,
2019,2019-12-31,New Zealand,85,NZ,1485,29,1642,65,1497,102,1334,393,124,177,92,159,162,72,679,603,OFC,0,
2019,2019-12-31,Jordan,87,JO,1477,40,1676,115,1300,153,1095,498,182,169,147,166,192,140,595,614,AFC,0,
2019,2019-12-31,Curaçao,102,CW,1412,26,1618,96,1381,188,1011,449,153,162,134,183,156,110,790,703,CONCACAF,0,
2019,2019-12-31,Cape Verde,106,CV,1401,67,1554,124,1283,146,1172,189,65,70,54,66,80,43,190,219,CAF,0,
2020,2020-12-31,Brazil,1,BR,2135,1,2195,4,1995,20,1805,1001,350,322,329,633,160,208,2174,904,CONMEBOL,0,
2020,2020-12-31,Belgium,2,BE,2110,1,2110,24,1745,71,1503,811,391,351,69,355,288,168,1462,1298,UEFA,0,
2020,2020-12-31,France,3,FR,2091,1,2135,16,1782,40,1514,869,446,322,101,431,259,179,1557,1212,UEFA,0,
2020,2020-12-31,Spain,4,ES,2050,1,2164,7,1939,19,1805,710,310,281,119,415,132,163,1425,641,UEFA,0,
2020,2020-12-31,Portugal,5,PT,2038,2,2046,20,1785,41,1623,626,293,236,97,302,177,147,1058,724,UEFA,0,
2020,2020-12-31,Netherlands,7,NL,1994,1,2153,15,1842,55,1552,833,396,337,100,423,229,181,1724,1074,UEFA,0,
2020,2020-12-31,Argentina,7,AR,1994,1,2159,5,1981,26,1751,1040,361,400,279,558,223,259,1965,1105,CONMEBOL,0,
2020,2020-12-31,England,9,EN,1961,1,2213,4,1982,17,1810,1089,471,506,112,637,205,247,2563,1075,UEFA,0,
2020,2020-12-31,Germany,10,DE,1955,1,2222,8,1909,25,1637,979,431,393,155,568,209,202,2201,1157,UEFA,0,
2020,2020-12-31,Uruguay,11,UY,1952,1,2104,12,1874,44,1636,954,317,408,229,418,307,229,1526,1205,CONMEBOL,0,
2020,2020-12-31,Mexico,12,MX,1928,4,1985,20,1781,48,1498,928,278,253,397,484,234,210,1683,967,CONCACAF,1,
2020,2020-12-31,Colombia,14,CO,1896,3,2034,51,1599,102,1304,581,168,207,206,231,193,157,735,687,CONMEBOL,0,
2020,2020-12-31,Switzerland,15,CH,1870,9,1931,27,1680,56,1485,827,398,367,62,288,359,180,1212,1404,UEFA,0,
2020,2020-12-31,Croatia,16,HR,1859,5,2008,12,1876,26,1780,331,134,141,56,173,70,88,577,339,UEFA,0,
2020,2020-12-31,Ecuador,19,EC,1825,12,1914,67,1503,121,1183,530,166,187,177,158,240,132,649,851,CONMEBOL,0,
2020,2020-12-31,Sweden,20,SE,1820,2,2013,16,1797,45,1579,1057,459,476,122,515,314,228,2118,1406,UEFA,0,
2020,2020-12-31,Austria,26,AT,1786,1,2070,20,1810,73,1549,803,402,358,43,337,292,174,1443,1254,UEFA,0,
2020,2020-12-31,South Korea,27,KR,1773,16,1845,35,1682,84,1445,978,317,240,421,529,208,241,1768,898,AFC,0,
2020,2020-12-31,Paraguay,28,PY,1769,5,1956,23,1755,44,1618,730,197,338,195,259,278,193,954,1046,CONMEBOL,0,
2020,2020-12-31,Norway,29,NO,1763,6,1944,38,1615,85,1364,831,395,388,48,303,342,186,1252,1387,UEFA,0,
2020,2020-12-31,Iran,29,IR,1763,13,1841,42,1648,79,1450,602,205,176,221,337,122,143,1129,474,AFC,0,
2020,2020-12-31,Czechia,31,CZ,1760,1,2032,13,1858,46,1669,820,332,393,95,396,244,180,1515,1023,UEFA,0,
2020,2020-12-31,Senegal,32,SN,1755,21,1808,58,1576,107,1387,625,200,241,184,267,185,173,822,620,CAF,0,
2020,2020-12-31,Turkey,33,TR,1752,9,1899,43,1601,77,1358,605,264,273,68,227,233,145,822,880,UEFA,0,
2020,2020-12-31,Algeria,34,DZ,1747,18,1774,48,1616,110,1386,609,233,216,160,256,188,165,871,644,CAF,0,
2020,2020-12-31,United States,35,US,1745,9,1890,41,1639,92,1412,733,416,239,78,317,261,155,1076,980,CONCACAF,1,
2020,2020-12-31,Japan,36,JP,1744,9,1887,64,1448,114,1126,764,294,192,278,357,246,161,1322,940,AFC,0,
2020,2020-12-31,Australia,39,AU,1713,11,1875,35,1666,77,1469,577,254,207,116,290,167,120,1183,675,AFC,0,
2020,2020-12-31,Morocco,41,MA,1681,19,1808,44,1646,86,1510,644,276,211,157,303,158,183,938,576,CAF,0,
2020,2020-12-31,Scotland,45,SQ,1659,1,2104,13,1882,63,1598,804,374,385,45,382,247,175,1394,994,UEFA,0,
2020,2020-12-31,Qatar,47,QA,1638,26,1771,96,1399,164,964,609,287,133,189,251,202,156,869,704,AFC,0,
2020,2020-12-31,Bosnia and Herzegovina,48,BA,1634,20,1806,50,1638,81,1500,227,91,110,26,89,88,50,336,306,UEFA,0,
2020,2020-12-31,Iraq,51,IQ,1627,24,1740,46,1624,96,1456,685,119,211,355,324,172,189,1105,636,AFC,0,
2020,2020-12-31,Ivory Coast,54,CI,1617,15,1863,44,1640,76,1476,626,216,224,186,308,154,164,1013,648,CAF,0,
2020,2020-12-31,Tunisia,55,TN,1615,24,1757,47,1613,87,1438,695,311,232,152,286,211,198,991,784,CAF,0,
2020,2020-12-31,Ghana,58,GH,1603,10,1877,40,1658,101,1424,716,228,279,209,349,190,177,1171,746,CAF,0,
2020,2020-12-31,Egypt,59,EG,1601,12,1872,36,1663,70,1528,807,328,265,214,403,206,198,1425,869,CAF,0,
2020,2020-12-31,Canada,60,CA,1599,25,1733,49,1591,90,1471,412,132,177,103,150,168,94,488,556,CONCACAF,1,
2020,2020-12-31,Haiti,68,HT,1557,36,1674,81,1412,129,1265,510,178,176,156,219,183,108,837,696,CONCACAF,0,
2020,2020-12-31,Saudi Arabia,70,SA,1555,29,1736,77,1491,125,1253,749,296,135,318,357,218,174,1177,815,AFC,0,
2020,2020-12-31,Uzbekistan,71,UZ,1552,25,1766,60,1591,93,1428,299,102,114,83,140,100,59,515,348,AFC,0,
2020,2020-12-31,Panama,73,PA,1534,28,1753,103,1342,143,1155,504,175,195,134,155,227,122,593,800,CONCACAF,0,
2020,2020-12-31,South Africa,76,ZA,1515,7,1847,30,1715,99,1448,444,223,147,74,193,129,122,609,480,CAF,0,
2020,2020-12-31,DR Congo,80,CD,1500,20,1782,61,1560,114,1387,486,150,208,128,197,155,134,763,599,CAF,0,
2020,2020-12-31,Jordan,82,JO,1491,40,1676,115,1303,153,1095,500,182,169,149,167,192,141,596,614,AFC,0,
2020,2020-12-31,New Zealand,86,NZ,1485,29,1642,66,1497,102,1334,393,124,177,92,159,162,72,679,603,OFC,0,
2020,2020-12-31,Curaçao,101,CW,1412,26,1618,96,1381,188,1011,449,153,162,134,183,156,110,790,703,CONCACAF,0,
2020,2020-12-31,Cape Verde,106,CV,1384,67,1554,124,1285,146,1172,193,66,72,55,67,81,45,193,222,CAF,0,
2021,2021-12-31,Brazil,1,BR,2149,1,2195,4,1996,20,1805,1017,361,327,329,645,161,211,2201,909,CONMEBOL,0,
2021,2021-12-31,France,2,FR,2114,1,2135,16,1785,40,1514,885,452,328,105,441,259,185,1593,1224,UEFA,0,
2021,2021-12-31,Argentina,3,AR,2101,1,2159,5,1982,26,1751,1056,366,405,285,568,223,265,1991,1112,CONMEBOL,0,
2021,2021-12-31,Belgium,4,BE,2074,1,2157,24,1748,71,1503,828,397,357,74,366,291,171,1501,1313,UEFA,0,
2021,2021-12-31,Spain,5,ES,2036,1,2164,7,1940,19,1805,728,319,286,123,425,134,169,1460,655,UEFA,0,
2021,2021-12-31,England,6,EN,2031,1,2213,4,1982,17,1810,1108,484,511,113,652,205,251,2615,1080,UEFA,0,
2021,2021-12-31,Portugal,8,PT,1972,2,2060,19,1788,41,1623,642,298,243,101,311,180,151,1092,738,UEFA,0,
2021,2021-12-31,Germany,9,DE,1962,1,2222,8,1909,25,1637,995,440,398,157,579,212,204,2251,1170,UEFA,0,
2021,2021-12-31,Switzerland,11,CH,1933,9,1933,27,1682,56,1485,844,406,372,66,298,360,186,1249,1419,UEFA,0,
2021,2021-12-31,Netherlands,12,NL,1929,1,2153,15,1843,55,1552,849,405,342,102,434,231,184,1770,1088,UEFA,0,
2021,2021-12-31,Colombia,13,CO,1904,3,2034,51,1603,102,1304,598,173,213,212,235,196,167,752,700,CONMEBOL,0,
2021,2021-12-31,Croatia,14,HR,1858,5,2008,12,1876,26,1780,347,140,149,58,181,74,92,606,353,UEFA,0,
2021,2021-12-31,United States,14,US,1858,9,1890,41,1641,92,1412,755,431,245,79,334,263,158,1122,992,CONCACAF,1,
2021,2021-12-31,Ecuador,16,EC,1848,12,1914,67,1507,121,1183,548,172,193,183,164,246,138,670,871,CONMEBOL,0,
2021,2021-12-31,Uruguay,17,UY,1847,1,2104,12,1874,44,1636,969,322,413,234,422,312,235,1537,1221,CONMEBOL,0,
2021,2021-12-31,Mexico,19,MX,1839,4,1985,20,1783,48,1498,952,281,261,410,496,240,216,1719,986,CONCACAF,1,
2021,2021-12-31,Iran,20,IR,1837,13,1841,41,1650,79,1450,613,208,179,226,347,122,144,1160,477,AFC,0,
2021,2021-12-31,Czechia,23,CZ,1833,1,2032,13,1857,46,1669,837,339,398,100,404,249,184,1546,1042,UEFA,0,
2021,2021-12-31,Sweden,24,SE,1821,2,2013,16,1798,45,1579,1073,467,481,125,526,318,229,2143,1418,UEFA,0,
2021,2021-12-31,Algeria,26,DZ,1799,18,1799,48,1617,110,1386,629,240,220,169,271,188,170,934,658,CAF,0,
2021,2021-12-31,South Korea,28,KR,1788,16,1845,35,1683,84,1445,988,324,242,422,536,209,243,1788,904,AFC,0,
2021,2021-12-31,Canada,29,CA,1784,25,1784,49,1592,90,1471,431,137,182,112,163,170,98,543,567,CONCACAF,1,
2021,2021-12-31,Morocco,31,MA,1764,19,1808,44,1647,86,1510,658,285,212,161,315,158,185,972,579,CAF,0,
2021,2021-12-31,Japan,33,JP,1760,9,1887,63,1451,114,1126,776,302,195,279,367,248,161,1364,945,AFC,0,
2021,2021-12-31,Australia,34,AU,1734,11,1875,35,1667,77,1469,587,255,210,122,297,168,122,1204,680,AFC,0,
2021,2021-12-31,Norway,35,NO,1733,6,1944,38,1617,85,1364,843,399,393,51,309,345,189,1269,1397,UEFA,0,
2021,2021-12-31,Austria,36,AT,1730,1,2070,20,1809,73,1549,819,408,365,46,344,299,176,1467,1277,UEFA,0,
2021,2021-12-31,Paraguay,37,PY,1729,5,1956,23,1755,44,1618,745,202,343,200,262,285,198,965,1065,CONMEBOL,0,
2021,2021-12-31,Scotland,38,SQ,1728,1,2104,14,1881,63,1598,819,381,392,46,390,250,179,1415,1008,UEFA,0,
2021,2021-12-31,Turkey,39,TR,1726,9,1899,43,1602,77,1358,621,271,278,72,235,237,149,854,905,UEFA,0,
2021,2021-12-31,Senegal,42,SN,1702,21,1808,58,1579,107,1387,641,206,245,190,277,186,178,851,632,CAF,0,
2021,2021-12-31,Qatar,49,QA,1663,26,1771,95,1404,164,964,633,295,139,199,263,209,161,904,736,AFC,0,
2021,2021-12-31,Egypt,50,EG,1658,12,1872,36,1662,70,1528,822,333,270,219,412,207,203,1452,877,CAF,0,
2021,2021-12-31,Ivory Coast,51,CI,1646,15,1863,45,1640,76,1476,636,219,228,189,315,155,166,1031,653,CAF,0,
2021,2021-12-31,Tunisia,53,TN,1638,24,1757,47,1614,87,1438,712,318,236,158,298,215,199,1020,797,CAF,0,
2021,2021-12-31,Saudi Arabia,56,SA,1628,29,1736,77,1493,125,1253,763,304,138,321,367,220,176,1202,821,AFC,0,
2021,2021-12-31,Panama,57,PA,1627,28,1753,102,1345,143,1155,523,183,200,140,165,231,127,633,821,CONCACAF,0,
2021,2021-12-31,Ghana,63,GH,1600,10,1877,40,1657,101,1424,726,233,283,210,354,192,180,1182,752,CAF,0,
2021,2021-12-31,Bosnia and Herzegovina,63,BA,1600,20,1806,50,1637,81,1500,240,98,116,26,91,93,56,346,321,UEFA,0,
2021,2021-12-31,Iraq,68,IQ,1551,24,1740,46,1624,96,1456,702,122,216,364,329,176,197,1123,654,AFC,0,
2021,2021-12-31,South Africa,70,ZA,1548,7,1847,30,1713,99,1448,459,234,151,74,202,131,126,628,487,CAF,0,
2021,2021-12-31,Jordan,72,JO,1529,40,1676,114,1306,153,1095,521,184,175,162,177,200,144,624,637,AFC,0,
2021,2021-12-31,New Zealand,73,NZ,1528,29,1642,66,1497,102,1334,396,124,178,94,162,162,72,684,604,OFC,0,
2021,2021-12-31,Haiti,74,HT,1526,36,1674,81,1413,129,1265,522,181,179,162,226,188,108,866,714,CONCACAF,0,
2021,2021-12-31,Uzbekistan,76,UZ,1524,25,1766,60,1589,93,1428,310,104,118,88,146,105,59,535,361,AFC,0,
2021,2021-12-31,DR Congo,79,CD,1509,20,1782,61,1558,114,1387,496,154,213,129,201,158,137,774,607,CAF,0,
2021,2021-12-31,Cape Verde,87,CV,1467,67,1554,123,1287,146,1172,202,70,75,57,72,83,47,205,231,CAF,0,
2021,2021-12-31,Curaçao,100,CW,1404,26,1618,96,1382,188,1011,459,158,164,137,188,159,112,815,713,CONCACAF,0,
2022,2022-12-31,Argentina,1,AR,2144,1,2159,5,1983,26,1751,1072,368,408,296,580,224,268,2032,1122,CONMEBOL,0,
2022,2022-12-31,Brazil,2,BR,2133,1,2195,4,1997,20,1805,1030,363,331,336,655,162,213,2236,915,CONMEBOL,0,
2022,2022-12-31,France,3,FR,2081,1,2135,16,1787,40,1514,900,457,331,112,449,263,188,1621,1240,UEFA,0,
2022,2022-12-31,Netherlands,4,NL,2073,1,2153,15,1844,55,1552,862,410,346,106,443,231,188,1799,1101,UEFA,0,
2022,2022-12-31,Portugal,5,PT,1998,2,2060,19,1790,41,1623,656,304,246,106,320,184,152,1124,748,UEFA,0,
2022,2022-12-31,Spain,6,ES,1996,1,2164,7,1941,19,1805,741,324,290,127,432,136,173,1487,665,UEFA,0,
2022,2022-12-31,England,8,EN,1966,1,2213,4,1982,17,1810,1121,489,514,118,657,209,255,2637,1095,UEFA,0,
2022,2022-12-31,Germany,9,DE,1955,1,2222,8,1910,25,1637,1007,444,403,160,583,214,210,2272,1185,UEFA,0,
2022,2022-12-31,Croatia,10,HR,1950,5,2008,13,1876,28,1780,363,143,153,67,189,76,98,626,368,UEFA,0,
2022,2022-12-31,Belgium,11,BE,1947,1,2157,24,1750,71,1503,840,401,361,78,371,295,174,1519,1327,UEFA,0,
2022,2022-12-31,Colombia,12,CO,1919,3,2034,50,1606,102,1304,607,175,215,217,242,198,167,768,706,CONMEBOL,0,
2022,2022-12-31,Uruguay,13,UY,1904,1,2104,12,1875,44,1636,981,325,416,240,430,314,237,1557,1225,CONMEBOL,0,
2022,2022-12-31,Switzerland,15,CH,1878,9,1933,27,1684,56,1485,857,410,376,71,303,367,187,1262,1442,UEFA,0,
2022,2022-12-31,Morocco,16,MA,1866,11,1923,44,1649,86,1510,679,289,214,176,327,162,190,1001,595,CAF,0,
2022,2022-12-31,Japan,17,JP,1851,9,1887,63,1454,114,1126,794,312,196,286,377,252,165,1396,958,AFC,0,
2022,2022-12-31,Ecuador,19,EC,1841,12,1914,66,1511,121,1183,561,174,196,191,167,248,146,680,880,CONMEBOL,0,
2022,2022-12-31,United States,23,US,1817,9,1890,40,1642,92,1412,771,437,249,85,340,267,164,1143,1004,CONCACAF,1,
2022,2022-12-31,Mexico,24,MX,1812,4,1985,20,1783,48,1498,972,286,264,422,505,245,222,1741,1001,CONCACAF,1,
2022,2022-12-31,South Korea,26,KR,1788,16,1845,35,1684,84,1445,1008,332,245,431,548,214,246,1826,927,AFC,0,
2022,2022-12-31,Iran,27,IR,1780,13,1844,41,1652,79,1450,625,212,180,233,353,127,145,1172,491,AFC,0,
2022,2022-12-31,Czechia,28,CZ,1778,1,2032,13,1857,46,1669,847,343,404,100,406,255,186,1558,1059,UEFA,0,
2022,2022-12-31,Australia,29,AU,1772,11,1875,35,1668,77,1469,600,258,213,129,304,172,124,1221,693,AFC,0,
2022,2022-12-31,Sweden,30,SE,1757,2,2013,16,1797,45,1579,1083,472,485,126,530,323,230,2155,1432,UEFA,0,
2022,2022-12-31,Norway,31,NO,1754,6,1944,38,1618,85,1364,853,405,397,51,315,347,191,1290,1406,UEFA,0,
2022,2022-12-31,Scotland,33,SQ,1751,1,2104,14,1880,63,1598,829,386,396,47,394,253,182,1431,1021,UEFA,0,
2022,2022-12-31,Austria,33,AT,1751,1,2070,20,1809,73,1549,829,413,369,47,347,304,178,1479,1291,UEFA,0,
2022,2022-12-31,Tunisia,35,TN,1745,24,1757,47,1614,87,1438,729,320,239,170,307,220,202,1040,806,CAF,0,
2022,2022-12-31,Senegal,35,SN,1745,21,1808,58,1581,107,1387,661,209,247,205,287,190,184,878,650,CAF,0,
2022,2022-12-31,Paraguay,38,PY,1727,5,1956,23,1755,44,1618,756,204,348,204,265,291,200,973,1082,CONMEBOL,0,
2022,2022-12-31,Turkey,40,TR,1711,9,1899,43,1604,77,1358,631,277,282,72,241,240,150,879,918,UEFA,0,
2022,2022-12-31,Canada,40,CA,1711,21,1841,49,1594,90,1471,446,140,188,118,170,177,99,566,583,CONCACAF,1,
2022,2022-12-31,Algeria,42,DZ,1705,18,1807,48,1618,110,1386,642,245,223,174,278,192,172,950,669,CAF,0,
2022,2022-12-31,Ivory Coast,49,CI,1668,15,1863,45,1640,76,1476,648,220,230,198,321,158,169,1051,666,CAF,0,
2022,2022-12-31,Egypt,51,EG,1660,12,1872,37,1662,70,1528,837,337,273,227,420,211,206,1467,887,CAF,0,
2022,2022-12-31,Panama,53,PA,1646,28,1753,102,1348,143,1155,540,188,207,145,170,237,133,656,846,CONCACAF,0,
2022,2022-12-31,Saudi Arabia,54,SA,1644,29,1736,77,1495,125,1253,780,307,139,334,372,226,182,1212,834,AFC,0,
2022,2022-12-31,Bosnia and Herzegovina,59,BA,1616,20,1806,51,1637,81,1500,248,103,119,26,95,95,58,355,330,UEFA,0,
2022,2022-12-31,Ghana,62,GH,1593,10,1877,40,1656,101,1424,742,235,285,222,358,199,185,1199,776,CAF,0,
2022,2022-12-31,Jordan,63,JO,1590,40,1676,113,1309,153,1095,531,187,176,168,185,202,144,642,644,AFC,0,
2022,2022-12-31,Qatar,65,QA,1577,26,1771,94,1409,164,964,646,300,139,207,269,213,164,918,751,AFC,0,
2022,2022-12-31,Iraq,66,IQ,1575,24,1740,47,1623,96,1456,713,125,218,370,334,178,201,1133,663,AFC,0,
2022,2022-12-31,Uzbekistan,66,UZ,1575,25,1766,61,1588,93,1428,320,111,118,91,154,106,60,559,366,AFC,0,
2022,2022-12-31,South Africa,72,ZA,1540,7,1847,31,1712,99,1448,469,241,153,75,207,133,129,641,498,CAF,0,
2022,2022-12-31,Haiti,75,HT,1536,36,1674,81,1414,129,1265,527,181,181,165,229,189,109,882,720,CONCACAF,0,
2022,2022-12-31,New Zealand,77,NZ,1527,29,1642,66,1498,102,1334,407,125,179,103,167,167,73,703,613,OFC,0,
2022,2022-12-31,Cape Verde,84,CV,1481,67,1554,123,1290,146,1172,213,70,77,66,78,87,48,221,239,CAF,0,
2022,2022-12-31,DR Congo,88,CD,1453,20,1782,62,1557,114,1387,503,156,216,131,202,163,138,780,617,CAF,0,
2022,2022-12-31,Curaçao,116,CW,1362,26,1618,96,1382,188,1011,466,161,168,137,189,163,114,824,728,CONCACAF,0,
2023,2023-12-31,Argentina,1,AR,2139,1,2170,5,1984,26,1751,1082,373,412,297,589,225,268,2053,1124,CONMEBOL,0,
2023,2023-12-31,France,2,FR,2109,1,2135,16,1790,40,1514,910,462,335,113,457,264,189,1655,1246,UEFA,0,
2023,2023-12-31,Spain,3,ES,2033,1,2164,7,1942,19,1805,751,328,294,129,440,137,174,1514,671,UEFA,0,
2023,2023-12-31,Portugal,4,PT,2032,2,2060,19,1792,41,1623,666,309,251,106,330,184,152,1160,750,UEFA,0,
2023,2023-12-31,England,5,EN,2014,1,2213,4,1982,17,1810,1131,494,518,119,665,209,257,2663,1100,UEFA,0,
2023,2023-12-31,Brazil,6,BR,2011,1,2195,4,1998,20,1805,1039,366,335,338,658,167,214,2251,929,CONMEBOL,0,
2023,2023-12-31,Uruguay,7,UY,2006,1,2104,12,1875,44,1636,991,330,421,240,437,315,239,1579,1233,CONMEBOL,0,
2023,2023-12-31,Belgium,8,BE,1990,1,2157,24,1752,71,1503,850,406,366,78,379,295,176,1545,1333,UEFA,0,
2023,2023-12-31,Colombia,9,CO,1984,3,2034,50,1610,102,1304,620,178,222,220,250,198,172,785,714,CONMEBOL,0,
2023,2023-12-31,Netherlands,10,NL,1970,1,2153,15,1845,55,1552,872,416,349,107,449,235,188,1820,1115,UEFA,0,
2023,2023-12-31,Croatia,11,HR,1951,4,2015,12,1878,28,1780,373,147,158,68,195,78,100,643,374,UEFA,0,
2023,2023-12-31,Japan,13,JP,1905,9,1905,63,1458,114,1126,804,319,197,288,385,253,166,1432,966,AFC,0,
2023,2023-12-31,Germany,14,DE,1885,1,2222,8,1910,25,1637,1018,451,406,161,586,220,212,2289,1207,UEFA,0,
2023,2023-12-31,Ecuador,15,EC,1882,12,1914,66,1515,121,1183,571,177,201,193,173,250,148,692,888,CONMEBOL,0,
2023,2023-12-31,Morocco,17,MA,1846,11,1923,44,1652,86,1510,687,292,217,178,331,163,193,1011,599,CAF,0,
2023,2023-12-31,Austria,18,AT,1835,1,2070,20,1809,73,1549,839,419,373,47,354,305,180,1499,1299,UEFA,0,
2023,2023-12-31,Iran,20,IR,1827,13,1844,41,1654,79,1450,636,216,185,235,362,127,147,1205,498,AFC,0,
2023,2023-12-31,Scotland,23,SQ,1800,1,2104,14,1879,63,1598,839,391,401,47,399,256,184,1450,1036,UEFA,0,
2023,2023-12-31,South Korea,24,KR,1799,16,1845,35,1685,84,1445,1018,339,247,432,553,216,249,1849,933,AFC,0,
2023,2023-12-31,Mexico,25,MX,1794,4,1985,20,1783,48,1498,992,289,268,435,515,249,228,1777,1023,CONCACAF,1,
2023,2023-12-31,Switzerland,26,CH,1791,9,1933,27,1686,56,1485,867,415,379,73,307,368,192,1284,1453,UEFA,0,
2023,2023-12-31,Australia,27,AU,1783,11,1875,35,1669,77,1469,608,261,214,133,308,175,125,1237,701,AFC,0,
2023,2023-12-31,United States,28,US,1774,9,1890,40,1644,92,1412,789,453,251,85,350,270,169,1190,1017,CONCACAF,1,
2023,2023-12-31,Turkey,29,TR,1765,9,1899,43,1605,77,1358,641,281,287,73,247,242,152,898,931,UEFA,0,
2023,2023-12-31,Panama,29,PA,1765,28,1765,101,1352,143,1155,559,192,214,153,181,241,137,689,864,CONCACAF,0,
2023,2023-12-31,Czechia,32,CZ,1756,1,2032,13,1856,46,1669,857,347,410,100,411,256,190,1575,1067,UEFA,0,
2023,2023-12-31,Norway,33,NO,1755,6,1944,38,1619,85,1364,863,411,401,51,320,350,193,1312,1418,UEFA,0,
2023,2023-12-31,Tunisia,36,TN,1738,24,1757,47,1616,87,1438,739,323,246,170,313,223,203,1056,815,CAF,0,
2023,2023-12-31,Senegal,37,SN,1731,21,1808,57,1583,107,1387,670,212,251,207,292,191,187,895,656,CAF,0,
2023,2023-12-31,Algeria,39,DZ,1723,18,1807,48,1619,110,1386,652,250,225,177,285,192,175,968,675,CAF,0,
2023,2023-12-31,Paraguay,42,PY,1706,5,1956,23,1755,45,1618,764,208,352,204,267,295,202,978,1088,CONMEBOL,0,
2023,2023-12-31,Canada,43,CA,1705,21,1841,49,1595,90,1471,457,143,193,121,175,180,102,587,600,CONCACAF,1,
2023,2023-12-31,Sweden,46,SE,1691,2,2013,16,1797,46,1579,1095,478,489,128,537,327,231,2180,1447,UEFA,0,
2023,2023-12-31,Egypt,47,EG,1684,12,1872,37,1662,70,1528,847,342,274,231,428,212,207,1490,892,CAF,0,
2023,2023-12-31,Uzbekistan,50,UZ,1643,25,1766,61,1589,93,1428,333,116,121,96,162,108,63,587,380,AFC,0,
2023,2023-12-31,Ivory Coast,51,CI,1642,15,1863,45,1641,76,1476,657,226,232,199,326,159,172,1070,672,CAF,0,
2023,2023-12-31,Iraq,55,IQ,1621,24,1740,47,1623,96,1456,726,131,222,373,340,180,206,1157,676,AFC,0,
2023,2023-12-31,Saudi Arabia,63,SA,1586,29,1736,76,1496,125,1253,791,310,141,340,375,233,183,1227,851,AFC,0,
2023,2023-12-31,Ghana,69,GH,1548,10,1877,41,1655,101,1424,751,239,289,223,362,202,187,1207,786,CAF,0,
2023,2023-12-31,Qatar,70,QA,1534,26,1771,94,1411,164,964,663,304,141,218,275,220,168,944,773,AFC,0,
2023,2023-12-31,New Zealand,73,NZ,1525,29,1642,66,1498,102,1334,415,127,182,106,169,170,76,709,624,OFC,0,
2023,2023-12-31,Jordan,76,JO,1503,40,1676,113,1313,153,1095,541,190,180,171,187,208,146,656,666,AFC,0,
2023,2023-12-31,DR Congo,78,CD,1497,20,1782,62,1556,114,1387,513,159,219,135,207,165,141,792,622,CAF,0,
2023,2023-12-31,Haiti,80,HT,1496,36,1674,81,1416,129,1265,538,181,184,173,233,192,113,901,734,CONCACAF,0,
2023,2023-12-31,South Africa,84,ZA,1486,7,1847,31,1710,99,1448,483,252,156,75,213,135,135,657,511,CAF,0,
2023,2023-12-31,Bosnia and Herzegovina,85,BA,1485,20,1806,51,1634,86,1485,258,108,124,26,98,102,58,364,350,UEFA,0,
2023,2023-12-31,Cape Verde,87,CV,1479,67,1554,122,1293,146,1172,222,73,80,69,81,90,51,231,250,CAF,0,
2023,2023-12-31,Curaçao,126,CW,1337,26,1618,96,1382,188,1011,476,166,171,139,190,168,118,833,747,CONCACAF,0,
2024,2024-12-31,Spain,1,ES,2178,1,2178,7,1943,19,1805,768,334,298,136,454,138,176,1555,684,UEFA,0,
2024,2024-12-31,Argentina,2,AR,2108,1,2172,5,1986,26,1751,1098,376,415,307,601,227,270,2086,1132,CONMEBOL,0,
2024,2024-12-31,France,3,FR,2055,1,2135,16,1792,40,1514,926,469,337,120,465,267,194,1677,1259,UEFA,0,
2024,2024-12-31,England,4,EN,2006,1,2213,4,1982,17,1810,1148,501,521,126,674,213,261,2692,1113,UEFA,0,
2024,2024-12-31,Brazil,5,BR,1996,1,2195,4,1998,20,1805,1053,369,341,343,664,168,221,2273,941,CONMEBOL,0,
2024,2024-12-31,Portugal,6,PT,1993,2,2060,19,1794,41,1623,682,316,255,111,339,187,156,1191,766,UEFA,0,
2024,2024-12-31,Colombia,7,CO,1977,3,2069,49,1615,102,1304,636,181,226,229,260,202,174,818,727,CONMEBOL,0,
2024,2024-12-31,Germany,8,DE,1971,1,2222,8,1910,25,1637,1033,462,410,161,596,221,216,2324,1217,UEFA,0,
2024,2024-12-31,Uruguay,9,UY,1948,1,2104,12,1876,44,1636,1007,333,426,248,442,318,247,1600,1244,CONMEBOL,0,
2024,2024-12-31,Netherlands,10,NL,1938,1,2153,15,1846,55,1552,888,422,353,113,457,239,192,1856,1131,UEFA,0,
2024,2024-12-31,Ecuador,12,EC,1909,12,1914,65,1519,121,1183,586,180,204,202,180,254,152,710,898,CONMEBOL,0,
2024,2024-12-31,Japan,13,JP,1889,9,1913,62,1462,114,1126,820,324,202,294,398,255,167,1488,977,AFC,0,
2024,2024-12-31,Croatia,14,HR,1886,4,2015,12,1879,28,1780,386,151,163,72,200,81,105,663,391,UEFA,0,
2024,2024-12-31,Austria,15,AT,1871,1,2070,20,1809,73,1549,853,424,378,51,362,308,183,1531,1313,UEFA,0,
2024,2024-12-31,Belgium,17,BE,1851,1,2157,24,1754,71,1503,864,410,370,84,383,301,180,1560,1346,UEFA,0,
2024,2024-12-31,Iran,18,IR,1838,13,1853,41,1656,79,1450,654,220,191,243,376,128,150,1246,513,AFC,0,
2024,2024-12-31,Switzerland,19,CH,1813,9,1933,27,1687,56,1485,882,420,385,77,311,372,199,1304,1472,UEFA,0,
2024,2024-12-31,Norway,22,NO,1806,6,1944,38,1620,85,1364,873,417,405,51,325,353,195,1333,1431,UEFA,0,
2024,2024-12-31,Morocco,23,MA,1802,11,1923,43,1654,86,1510,702,301,218,183,343,164,195,1054,606,CAF,0,
2024,2024-12-31,Canada,26,CA,1784,21,1841,49,1596,90,1471,471,145,197,129,181,183,107,601,613,CONCACAF,1,
2024,2024-12-31,Paraguay,28,PY,1775,5,1956,23,1754,51,1618,776,211,358,207,271,299,206,989,1103,CONMEBOL,0,
2024,2024-12-31,South Korea,29,KR,1774,16,1845,35,1686,84,1445,1035,343,252,440,563,217,255,1885,949,AFC,0,
2024,2024-12-31,Turkey,29,TR,1774,9,1899,43,1606,77,1358,656,284,294,78,253,248,155,917,954,UEFA,0,
2024,2024-12-31,Senegal,31,SN,1771,21,1808,57,1586,107,1387,685,217,254,214,304,191,190,921,660,CAF,0,
2024,2024-12-31,Mexico,32,MX,1769,4,1985,20,1784,48,1498,1005,291,270,444,521,254,230,1793,1035,CONCACAF,1,
2024,2024-12-31,Scotland,33,SQ,1759,1,2104,14,1878,63,1598,852,396,406,50,402,263,187,1463,1058,UEFA,0,
2024,2024-12-31,United States,34,US,1758,9,1890,40,1645,92,1412,803,465,253,85,356,276,171,1209,1035,CONCACAF,1,
2024,2024-12-31,Czechia,35,CZ,1753,1,2032,13,1856,46,1669,870,352,413,105,418,259,193,1600,1084,UEFA,0,
2024,2024-12-31,Sweden,36,SE,1744,2,2013,16,1796,48,1579,1106,483,494,129,544,330,232,2205,1462,UEFA,0,
2024,2024-12-31,Panama,40,PA,1726,27,1765,100,1357,143,1155,572,195,218,159,186,248,138,704,886,CONCACAF,0,
2024,2024-12-31,Australia,43,AU,1718,11,1875,35,1669,77,1469,624,267,218,139,317,177,130,1268,709,AFC,0,
2024,2024-12-31,Algeria,48,DZ,1685,18,1807,48,1620,110,1386,667,256,230,181,294,194,179,1003,689,CAF,0,
2024,2024-12-31,Uzbekistan,49,UZ,1684,25,1766,60,1591,93,1428,349,121,126,102,172,109,68,611,389,AFC,0,
2024,2024-12-31,Egypt,51,EG,1657,12,1872,37,1662,70,1528,862,349,278,235,435,213,214,1517,907,CAF,0,
2024,2024-12-31,Jordan,54,JO,1617,40,1676,112,1317,153,1095,562,197,186,179,199,212,151,698,688,AFC,0,
2024,2024-12-31,Tunisia,59,TN,1598,24,1757,47,1616,87,1438,754,329,246,179,318,226,210,1067,823,CAF,0,
2024,2024-12-31,Iraq,61,IQ,1584,24,1740,47,1623,96,1456,744,136,227,381,351,185,208,1185,693,AFC,0,
2024,2024-12-31,New Zealand,62,NZ,1583,29,1642,66,1498,102,1334,427,130,186,111,177,172,78,748,630,OFC,0,
2024,2024-12-31,Ivory Coast,63,CI,1579,15,1863,45,1640,76,1476,675,238,233,204,337,163,175,1100,687,CAF,0,
2024,2024-12-31,South Africa,64,ZA,1576,7,1847,31,1709,99,1448,504,260,161,83,221,136,147,690,526,CAF,0,
2024,2024-12-31,DR Congo,72,CD,1540,20,1782,62,1556,114,1387,530,163,222,145,213,169,148,808,633,CAF,0,
2024,2024-12-31,Haiti,73,HT,1538,36,1674,81,1416,129,1265,547,181,190,176,241,192,114,936,742,CONCACAF,0,
2024,2024-12-31,Saudi Arabia,75,SA,1536,29,1736,76,1498,125,1253,813,316,146,351,385,238,190,1256,871,AFC,0,
2024,2024-12-31,Qatar,78,QA,1524,26,1771,93,1414,164,964,684,317,144,223,286,225,173,979,803,AFC,0,
2024,2024-12-31,Bosnia and Herzegovina,85,BA,1485,20,1806,52,1630,90,1469,267,112,129,26,98,109,60,369,373,UEFA,0,
2024,2024-12-31,Cape Verde,87,CV,1472,65,1579,121,1297,146,1172,238,77,85,76,88,96,54,246,266,CAF,0,
2024,2024-12-31,Ghana,96,GH,1429,10,1877,41,1653,101,1424,765,244,291,230,364,207,194,1224,807,CAF,0,
2024,2024-12-31,Curaçao,126,CW,1335,26,1618,97,1381,188,1011,484,169,172,143,196,169,119,854,751,CONCACAF,0,
2025,2025-12-31,Spain,1,ES,2172,1,2189,7,1945,19,1805,778,338,302,138,460,138,180,1588,697,UEFA,0,
2025,2025-12-31,Argentina,2,AR,2113,1,2172,5,1987,26,1751,1107,379,419,309,608,228,271,2105,1135,CONMEBOL,0,
2025,2025-12-31,France,3,FR,2062,1,2135,16,1794,40,1514,936,473,341,122,472,269,195,1701,1270,UEFA,0,
2025,2025-12-31,England,4,EN,2042,1,2213,4,1983,17,1810,1158,507,524,127,683,214,261,2718,1116,UEFA,0,
2025,2025-12-31,Colombia,5,CO,1998,3,2069,49,1619,102,1304,646,184,229,233,265,203,178,840,736,CONMEBOL,0,
2025,2025-12-31,Brazil,6,BR,1978,1,2195,4,1998,20,1805,1063,372,346,345,669,171,223,2290,951,CONMEBOL,0,
2025,2025-12-31,Portugal,7,PT,1976,2,2060,19,1796,41,1623,692,320,260,112,345,189,158,1220,779,UEFA,0,
2025,2025-12-31,Netherlands,8,NL,1959,1,2153,15,1847,55,1552,898,427,358,113,463,239,196,1888,1140,UEFA,0,
2025,2025-12-31,Ecuador,9,EC,1933,9,1933,64,1523,121,1183,596,183,210,203,183,254,159,717,901,CONMEBOL,0,
2025,2025-12-31,Croatia,10,HR,1932,4,2015,12,1880,28,1780,396,156,167,73,208,82,106,691,397,UEFA,0,
2025,2025-12-31,Norway,11,NO,1922,6,1944,38,1622,85,1364,883,423,408,52,334,353,196,1372,1437,UEFA,0,
2025,2025-12-31,Germany,12,DE,1910,1,2222,8,1910,25,1637,1043,468,414,161,602,224,217,2346,1228,UEFA,0,
2025,2025-12-31,Switzerland,13,CH,1897,9,1933,27,1688,56,1485,892,424,390,78,318,372,202,1330,1478,UEFA,0,
2025,2025-12-31,Uruguay,14,UY,1890,1,2104,12,1876,44,1636,1017,336,431,250,446,321,250,1609,1253,CONMEBOL,0,
2025,2025-12-31,Turkey,15,TR,1880,9,1899,43,1609,77,1358,666,288,299,79,260,250,156,942,969,UEFA,0,
2025,2025-12-31,Japan,16,JP,1878,9,1913,62,1466,114,1126,833,331,205,297,406,257,170,1515,985,AFC,0,
2025,2025-12-31,Belgium,19,BE,1850,1,2157,24,1754,71,1503,874,415,374,85,389,302,183,1593,1356,UEFA,0,
2025,2025-12-31,Morocco,20,MA,1840,11,1923,43,1656,86,1510,721,313,219,189,360,164,197,1092,611,CAF,0,
2025,2025-12-31,Mexico,21,MX,1834,4,1985,20,1784,48,1498,1021,293,271,457,529,257,235,1814,1052,CONCACAF,1,
2025,2025-12-31,Paraguay,22,PY,1833,5,1956,23,1755,51,1618,786,214,364,208,275,302,209,1000,1113,CONMEBOL,0,
2025,2025-12-31,Austria,23,AT,1818,1,2070,20,1809,73,1549,863,429,383,51,368,310,185,1554,1320,UEFA,0,
2025,2025-12-31,Senegal,24,SN,1807,21,1809,56,1589,107,1387,698,220,258,220,313,192,193,956,667,CAF,0,
2025,2025-12-31,Canada,25,CA,1802,21,1841,49,1598,90,1471,485,150,200,135,188,185,112,623,621,CONCACAF,1,
2025,2025-12-31,Scotland,27,SQ,1790,1,2104,14,1877,63,1598,862,401,410,51,408,266,188,1482,1071,UEFA,0,
2025,2025-12-31,South Korea,28,KR,1784,16,1845,35,1687,84,1445,1048,353,254,441,571,219,258,1907,959,AFC,0,
2025,2025-12-31,Australia,30,AU,1773,11,1875,35,1670,77,1469,634,270,223,141,324,180,130,1284,718,AFC,0,
2025,2025-12-31,Algeria,33,DZ,1757,18,1807,48,1621,110,1386,684,261,233,190,307,195,182,1044,701,CAF,0,
2025,2025-12-31,Iran,34,IR,1755,13,1853,41,1657,79,1450,666,223,195,248,381,131,154,1264,522,AFC,0,
2025,2025-12-31,United States,35,US,1747,9,1890,40,1646,92,1412,821,483,253,85,366,282,173,1242,1057,CONCACAF,1,
2025,2025-12-31,Panama,36,PA,1742,27,1773,100,1361,143,1155,587,199,224,164,195,250,142,732,902,CONCACAF,0,
2025,2025-12-31,Uzbekistan,37,UZ,1735,25,1766,60,1595,93,1428,362,128,128,106,179,110,73,630,395,AFC,0,
2025,2025-12-31,Czechia,39,CZ,1731,1,2032,13,1855,46,1669,880,358,416,106,424,261,195,1620,1093,UEFA,0,
2025,2025-12-31,Jordan,47,JO,1689,40,1701,111,1322,153,1095,581,201,192,188,207,218,156,725,707,AFC,0,
2025,2025-12-31,Sweden,53,SE,1660,2,2013,17,1796,53,1579,1116,488,499,129,547,335,234,2220,1479,UEFA,0,
2025,2025-12-31,DR Congo,54,CD,1657,20,1782,62,1557,114,1387,544,166,225,153,224,170,150,832,640,CAF,0,
2025,2025-12-31,Ivory Coast,59,CI,1627,15,1863,45,1640,76,1476,688,241,237,210,345,165,178,1120,692,CAF,0,
2025,2025-12-31,Egypt,60,EG,1623,12,1872,37,1662,70,1528,877,353,279,245,443,215,219,1534,917,CAF,0,
2025,2025-12-31,Tunisia,61,TN,1615,24,1757,47,1616,87,1438,772,337,250,185,329,229,214,1103,838,CAF,0,
2025,2025-12-31,Saudi Arabia,65,SA,1592,29,1736,76,1499,125,1253,834,323,150,361,395,244,195,1278,888,AFC,0,
2025,2025-12-31,New Zealand,67,NZ,1585,29,1642,66,1499,102,1334,437,133,189,115,180,178,79,763,642,OFC,0,
2025,2025-12-31,Iraq,68,IQ,1582,24,1740,47,1622,96,1456,758,139,231,388,358,189,211,1200,706,AFC,0,
2025,2025-12-31,Bosnia and Herzegovina,69,BA,1572,20,1806,53,1627,90,1469,277,116,135,26,104,111,62,391,383,UEFA,0,
2025,2025-12-31,Cape Verde,73,CV,1561,65,1579,121,1300,146,1172,249,80,91,78,94,96,59,264,273,CAF,0,
2025,2025-12-31,South Africa,74,ZA,1551,7,1847,32,1708,99,1448,521,273,161,87,231,139,151,716,537,CAF,0,
2025,2025-12-31,Haiti,76,HT,1542,36,1674,81,1417,129,1265,559,181,196,182,246,196,117,956,757,CONCACAF,0,
2025,2025-12-31,Ghana,80,GH,1509,10,1877,42,1651,101,1424,775,247,294,234,370,210,195,1245,813,CAF,0,
2025,2025-12-31,Curaçao,87,CW,1466,26,1618,97,1381,188,1011,496,173,175,148,201,171,124,878,760,CONCACAF,0,
2025,2025-12-31,Qatar,93,QA,1425,26,1771,93,1416,164,964,697,328,146,223,289,232,176,993,825,AFC,0,
2026,2026-12-31,Spain,1,ES,2177,1,2189,7,1946,19,1805,787,341,302,144,466,138,183,1604,699,UEFA,0,
2026,2026-12-31,Argentina,2,AR,2151,1,2172,5,1987,26,1751,1115,381,419,315,616,228,271,2128,1139,CONMEBOL,0,
2026,2026-12-31,France,3,FR,2143,1,2143,16,1795,40,1514,945,475,341,129,480,270,195,1724,1277,UEFA,0,
2026,2026-12-31,England,4,EN,2076,1,2213,4,1983,17,1810,1167,509,525,133,689,215,263,2734,1123,UEFA,0,
2026,2026-12-31,Colombia,5,CO,2009,3,2069,48,1621,102,1304,654,185,229,240,270,205,179,852,743,CONMEBOL,0,
2026,2026-12-31,Portugal,6,PT,1995,2,2060,19,1797,41,1623,701,322,262,117,350,190,161,1234,784,UEFA,0,
2026,2026-12-31,Brazil,7,BR,1993,1,2195,4,1998,20,1805,1072,373,346,353,675,173,224,2312,961,CONMEBOL,0,
2026,2026-12-31,Norway,8,NO,1972,6,1972,38,1623,85,1364,892,425,409,58,339,355,198,1389,1450,UEFA,0,
2026,2026-12-31,Netherlands,9,NL,1971,1,2153,15,1848,55,1552,906,430,358,118,467,240,199,1904,1149,UEFA,0,
2026,2026-12-31,Belgium,10,BE,1961,1,2157,24,1755,71,1503,883,416,377,90,395,302,186,1619,1364,UEFA,0,
2026,2026-12-31,Switzerland,11,CH,1943,9,1943,27,1689,56,1485,900,426,392,82,322,373,205,1347,1487,UEFA,0,
2026,2026-12-31,Morocco,12,MA,1921,11,1923,43,1657,86,1510,735,319,219,197,368,165,202,1118,619,CAF,0,
2026,2026-12-31,Mexico,13,MX,1913,4,1985,20,1784,48,1498,1034,302,273,459,539,258,237,1839,1057,CONCACAF,1,
2026,2026-12-31,Germany,14,DE,1907,1,2222,8,1910,25,1637,1051,470,416,165,608,225,218,2369,1238,UEFA,0,
2026,2026-12-31,Japan,15,JP,1888,9,1925,61,1468,114,1126,840,332,207,301,410,258,172,1526,990,AFC,0,
2026,2026-12-31,Croatia,16,HR,1881,4,2015,12,1881,28,1780,404,158,167,79,212,86,106,702,411,UEFA,0,
2026,2026-12-31,Ecuador,17,EC,1871,9,1938,64,1526,121,1183,604,183,212,209,186,256,162,726,908,CONMEBOL,0,
2026,2026-12-31,Turkey,20,TR,1852,9,1910,43,1610,77,1358,673,290,301,82,265,252,156,953,975,UEFA,0,
2026,2026-12-31,Uruguay,21,UY,1841,1,2104,12,1876,44,1636,1022,336,432,254,446,322,254,1613,1258,CONMEBOL,0,
2026,2026-12-31,Austria,22,AT,1821,1,2070,20,1809,73,1549,870,432,383,55,372,312,186,1567,1330,UEFA,0,
2026,2026-12-31,Senegal,23,SN,1816,17,1879,56,1591,107,1387,710,221,260,229,320,196,194,979,681,CAF,0,
2026,2026-12-31,Paraguay,24,PY,1814,5,1956,23,1755,51,1618,794,215,366,213,278,305,211,1009,1121,CONMEBOL,0,
2026,2026-12-31,Australia,25,AU,1795,11,1875,35,1671,77,1469,642,272,224,146,327,182,133,1294,724,AFC,0,
2026,2026-12-31,Iran,29,IR,1764,13,1853,40,1658,79,1450,673,223,195,255,384,132,157,1278,528,AFC,0,
2026,2026-12-31,Algeria,30,DZ,1756,18,1807,48,1621,110,1386,694,261,234,199,312,198,184,1062,712,CAF,0,
2026,2026-12-31,Egypt,31,EG,1747,12,1872,37,1662,70,1528,889,354,281,254,448,217,224,1552,927,CAF,0,
2026,2026-12-31,United States,31,US,1747,9,1890,40,1646,92,1412,830,492,253,85,370,287,173,1259,1076,CONCACAF,1,
2026,2026-12-31,Scotland,33,SQ,1745,1,2104,14,1877,63,1598,869,403,410,56,411,270,188,1491,1078,UEFA,0,
2026,2026-12-31,Sweden,37,SE,1731,2,2013,17,1795,54,1579,1124,490,500,134,550,338,236,2236,1497,UEFA,0,
2026,2026-12-31,Canada,38,CA,1729,21,1841,49,1599,90,1471,495,157,200,138,192,187,116,638,630,CONCACAF,1,
2026,2026-12-31,Ivory Coast,39,CI,1727,15,1863,45,1640,76,1476,697,241,238,218,351,168,178,1137,700,CAF,0,
2026,2026-12-31,South Korea,40,KR,1723,16,1845,35,1687,84,1445,1055,353,256,446,574,223,258,1915,967,AFC,0,
2026,2026-12-31,DR Congo,45,CD,1704,20,1782,62,1557,114,1387,553,166,225,162,227,174,152,841,648,CAF,0,
2026,2026-12-31,Czechia,50,CZ,1680,1,2032,13,1854,50,1669,887,361,417,109,426,263,198,1631,1105,UEFA,0,
2026,2026-12-31,Panama,52,PA,1658,27,1773,99,1363,143,1155,597,201,228,168,197,255,145,743,919,CONCACAF,0,
2026,2026-12-31,Uzbekistan,56,UZ,1631,25,1766,59,1596,93,1428,370,130,129,111,180,115,75,638,413,AFC,0,
2026,2026-12-31,Jordan,57,JO,1628,40,1701,111,1324,153,1095,588,201,193,194,207,223,158,733,725,AFC,0,
2026,2026-12-31,Cape Verde,59,CV,1619,58,1625,120,1302,146,1172,257,80,91,86,96,98,63,277,283,CAF,0,
2026,2026-12-31,Bosnia and Herzegovina,64,BA,1605,20,1806,53,1626,90,1469,285,118,138,29,105,113,67,399,394,UEFA,0,
2026,2026-12-31,Saudi Arabia,65,SA,1596,29,1736,76,1499,125,1253,842,324,151,367,396,248,198,1284,901,AFC,0,
2026,2026-12-31,Ghana,68,GH,1570,10,1877,42,1650,101,1424,783,247,298,238,371,215,197,1250,826,CAF,0,
2026,2026-12-31,Tunisia,71,TN,1562,24,1757,47,1616,87,1438,780,337,253,190,330,234,216,1107,857,CAF,0,
2026,2026-12-31,Iraq,72,IQ,1561,24,1740,47,1622,96,1456,765,139,232,394,360,193,212,1205,722,AFC,0,
2026,2026-12-31,South Africa,73,ZA,1560,7,1847,32,1707,99,1448,530,276,162,92,232,143,155,722,547,CAF,0,
2026,2026-12-31,New Zealand,77,NZ,1534,29,1642,66,1500,102,1334,444,135,189,120,181,183,80,771,660,OFC,0,
2026,2026-12-31,Haiti,81,HT,1517,36,1674,81,1418,129,1265,566,181,196,189,247,201,118,964,769,CONCACAF,0,
2026,2026-12-31,Curaçao,91,CW,1438,26,1618,97,1382,188,1011,503,174,177,152,202,176,125,885,780,CONCACAF,0,
2026,2026-12-31,Qatar,99,QA,1411,26,1771,93,1416,164,964,702,328,148,226,289,235,178,995,836,AFC,0,
2026,2026-07-07,Spain,1,ES,2177,1,2189,7,1946,19,1805,787,341,302,144,466,138,183,1604,699,UEFA,0,active
2026,2026-07-07,Argentina,2,AR,2151,1,2172,5,1987,26,1751,1115,381,419,315,616,228,271,2128,1139,CONMEBOL,0,active
2026,2026-07-07,France,3,FR,2143,1,2143,16,1795,40,1514,945,475,341,129,480,270,195,1724,1277,UEFA,0,active
2026,2026-07-07,England,4,EN,2076,1,2213,4,1983,17,1810,1167,509,525,133,689,215,263,2734,1123,UEFA,0,active
2026,2026-07-07,Colombia,5,CO,2009,3,2069,48,1621,102,1304,654,185,229,240,270,205,179,852,743,CONMEBOL,0,active
2026,2026-07-07,Portugal,6,PT,1995,2,2060,19,1797,41,1623,701,322,262,117,350,190,161,1234,784,UEFA,0,R16
2026,2026-07-07,Brazil,7,BR,1993,1,2195,4,1998,20,1805,1072,373,346,353,675,173,224,2312,961,CONMEBOL,0,R16
2026,2026-07-07,Norway,8,NO,1972,6,1972,38,1623,85,1364,892,425,409,58,339,355,198,1389,1450,UEFA,0,active
2026,2026-07-07,Netherlands,9,NL,1971,1,2153,15,1848,55,1552,906,430,358,118,467,240,199,1904,1149,UEFA,0,R32
2026,2026-07-07,Belgium,10,BE,1961,1,2157,24,1755,71,1503,883,416,377,90,395,302,186,1619,1364,UEFA,0,active
2026,2026-07-07,Switzerland,11,CH,1943,9,1943,27,1689,56,1485,900,426,392,82,322,373,205,1347,1487,UEFA,0,active
2026,2026-07-07,Morocco,12,MA,1921,11,1923,43,1657,86,1510,735,319,219,197,368,165,202,1118,619,CAF,0,active
2026,2026-07-07,Mexico,13,MX,1913,4,1985,20,1784,48,1498,1034,302,273,459,539,258,237,1839,1057,CONCACAF,1,R16
2026,2026-07-07,Germany,14,DE,1907,1,2222,8,1910,25,1637,1051,470,416,165,608,225,218,2369,1238,UEFA,0,R32
2026,2026-07-07,Japan,15,JP,1888,9,1925,61,1468,114,1126,840,332,207,301,410,258,172,1526,990,AFC,0,R32
2026,2026-07-07,Croatia,16,HR,1881,4,2015,12,1881,28,1780,404,158,167,79,212,86,106,702,411,UEFA,0,R32
2026,2026-07-07,Ecuador,17,EC,1871,9,1938,64,1526,121,1183,604,183,212,209,186,256,162,726,908,CONMEBOL,0,R32
2026,2026-07-07,Turkey,20,TR,1852,9,1910,43,1610,77,1358,673,290,301,82,265,252,156,953,975,UEFA,0,group
2026,2026-07-07,Uruguay,21,UY,1841,1,2104,12,1876,44,1636,1022,336,432,254,446,322,254,1613,1258,CONMEBOL,0,group
2026,2026-07-07,Austria,22,AT,1821,1,2070,20,1809,73,1549,870,432,383,55,372,312,186,1567,1330,UEFA,0,R32
2026,2026-07-07,Senegal,23,SN,1816,17,1879,56,1591,107,1387,710,221,260,229,320,196,194,979,681,CAF,0,R32
2026,2026-07-07,Paraguay,24,PY,1814,5,1956,23,1755,51,1618,794,215,366,213,278,305,211,1009,1121,CONMEBOL,0,R16
2026,2026-07-07,Australia,25,AU,1795,11,1875,35,1671,77,1469,642,272,224,146,327,182,133,1294,724,AFC,0,R32
2026,2026-07-07,Iran,29,IR,1764,13,1853,40,1658,79,1450,673,223,195,255,384,132,157,1278,528,AFC,0,group
2026,2026-07-07,Algeria,30,DZ,1756,18,1807,48,1621,110,1386,694,261,234,199,312,198,184,1062,712,CAF,0,R32
2026,2026-07-07,Egypt,31,EG,1747,12,1872,37,1662,70,1528,889,354,281,254,448,217,224,1552,927,CAF,0,active
2026,2026-07-07,United States,31,US,1747,9,1890,40,1646,92,1412,830,492,253,85,370,287,173,1259,1076,CONCACAF,1,R16
2026,2026-07-07,Scotland,33,SQ,1745,1,2104,14,1877,63,1598,869,403,410,56,411,270,188,1491,1078,UEFA,0,group
2026,2026-07-07,Sweden,37,SE,1731,2,2013,17,1795,54,1579,1124,490,500,134,550,338,236,2236,1497,UEFA,0,R32
2026,2026-07-07,Canada,38,CA,1729,21,1841,49,1599,90,1471,495,157,200,138,192,187,116,638,630,CONCACAF,1,R16
2026,2026-07-07,Ivory Coast,39,CI,1727,15,1863,45,1640,76,1476,697,241,238,218,351,168,178,1137,700,CAF,0,R32
2026,2026-07-07,South Korea,40,KR,1723,16,1845,35,1687,84,1445,1055,353,256,446,574,223,258,1915,967,AFC,0,group
2026,2026-07-07,DR Congo,45,CD,1704,20,1782,62,1557,114,1387,553,166,225,162,227,174,152,841,648,CAF,0,R32
2026,2026-07-07,Czechia,50,CZ,1680,1,2032,13,1854,50,1669,887,361,417,109,426,263,198,1631,1105,UEFA,0,group
2026,2026-07-07,Panama,52,PA,1658,27,1773,99,1363,143,1155,597,201,228,168,197,255,145,743,919,CONCACAF,0,group
2026,2026-07-07,Uzbekistan,56,UZ,1631,25,1766,59,1596,93,1428,370,130,129,111,180,115,75,638,413,AFC,0,group
2026,2026-07-07,Jordan,57,JO,1628,40,1701,111,1324,153,1095,588,201,193,194,207,223,158,733,725,AFC,0,group
2026,2026-07-07,Cape Verde,59,CV,1619,58,1625,120,1302,146,1172,257,80,91,86,96,98,63,277,283,CAF,0,R32
2026,2026-07-07,Bosnia and Herzegovina,64,BA,1605,20,1806,53,1626,90,1469,285,118,138,29,105,113,67,399,394,UEFA,0,R32
2026,2026-07-07,Saudi Arabia,65,SA,1596,29,1736,76,1499,125,1253,842,324,151,367,396,248,198,1284,901,AFC,0,group
2026,2026-07-07,Ghana,68,GH,1570,10,1877,42,1650,101,1424,783,247,298,238,371,215,197,1250,826,CAF,0,R32
2026,2026-07-07,Tunisia,71,TN,1562,24,1757,47,1616,87,1438,780,337,253,190,330,234,216,1107,857,CAF,0,group
2026,2026-07-07,Iraq,72,IQ,1561,24,1740,47,1622,96,1456,765,139,232,394,360,193,212,1205,722,AFC,0,group
2026,2026-07-07,South Africa,73,ZA,1560,7,1847,32,1707,99,1448,530,276,162,92,232,143,155,722,547,CAF,0,R32
2026,2026-07-07,New Zealand,77,NZ,1534,29,1642,66,1500,102,1334,444,135,189,120,181,183,80,771,660,OFC,0,group
2026,2026-07-07,Haiti,81,HT,1517,36,1674,81,1418,129,1265,566,181,196,189,247,201,118,964,769,CONCACAF,0,group
2026,2026-07-07,Curaçao,91,CW,1438,26,1618,97,1382,188,1011,503,174,177,152,202,176,125,885,780,CONCACAF,0,group
2026,2026-07-07,Qatar,99,QA,1411,26,1771,93,1416,164,964,702,328,148,226,289,235,178,995,836,AFC,0,group
